1,2026,8月,夏日甜品派对,2026年7月,1383899085827225,甜夏赴约|夏日甜品派对站任你挑选~💞,2026-07-30 16:44:48,1046028731385,139186095,5457,3978.85,0,2,70195,77644,405,466,4976,4739,0.0640873731389418,0.06751193104922,2949,1745,往期视频,,,是
1,2026,8月,马克杯合集,2025年11月,543924197872,熊店长甜品屋🈺！布丁杯上工🙋‍♀️,2025-11-29 21:00:00,979072431459,139186095,4899,2074,0,0,40273,46295,84,94,3672,3323,0.0793174208877849,0.0825118565788494,3073,2074,图文,,,是
1,2026,8月,薄荷绿系列,2023年6月,415731941695,星巴克好看的杯子真的不嫌多啊,2023-06-19 17:14:26,"718570840547,684474773775",139186095,864,1709,0.150207468879668,0,21723,25055,86,92,851,747,0.0339652763919377,0.0343875155365281,668,337,往期视频,,,是
1,2026,8月,咖啡宝藏,2024年5月,460235214175,"星巴克宝藏杯,咖啡流金款合集
Starbucks星巴克官方旗舰店 
星巴克 星巴克杯子 星巴克水杯 ",2024-05-04 10:00:00,750932511412,139186095,642,2978,0.00673854447439353,0,20048,22490,52,56,637,585,0.0283236994219653,0.0291799680766161,515,315,往期视频,,,是
1,2026,8月,雾野系列,2024年6月,466069072908,"星巴克雾野系列,超有质感的杯子
Starbucks星巴克官方旗舰店
星巴克 星巴克水杯  星巴克杯子",2024-06-07 09:46:53,794572511612,139186095,700,2111,0.004778972520908,0,12392,14156,53,55,550,498,0.0388527832721108,0.0401872175597159,605,320,往期视频,,,是
1,2026,8月,墨绿,2022年9月,378950037102,星巴克经典墨绿吸管杯，厚实的玻璃材质更有质感~,2022-09-30 09:00:00,627415956439,139186095,363,278,0.0318627450980392,0,9782,10639,13,13,339,327,0.0318638969827991,0.0334287466775711,307,180,往期视频,,,否
1,2026,8月,双饮口杯合集,2025年2月,508897132185,🎀属于咖啡控的高颜值神器👑,2025-02-26 15:27:26,"887348604427,887984893409,890132555712,768886743103",139186095,559,1044,0.0390173410404624,0,8145,9232,33,45,370,331,0.0400779896013865,0.0406384284837324,343,218,往期视频,,,是
1,2026,8月,咖啡宝藏,2024年7月,472447801879,"星巴克宝藏杯,咖啡流金款合集
Starbucks星巴克官方旗舰店 
星巴克 星巴克杯子 星巴克水杯 ",2024-07-17 10:05:10,750932511412,139186095,485,0,0.0142045454545455,0,6931,9282,5,5,636,519,0.0685197155785391,0.0748809695570625,528,364,往期视频,,,否
1,2026,8月,马克杯合集,2025年10月,539048183883,🍞给杯子出片！我是认真的,2025-10-27 18:00:00,979072431459,139186095,343,0,0.028322440087146,0,4992,5872,6,6,425,386,0.0723773841961853,0.077323717948718,457,284,种草短视频,桌面,,否
1,2026,8月,豹纹咖调,2026年8月,1856971812765459,豹纹咖调| 甜酷同频 ，随行萌物+1,2026-08-14 12:00:00,1072063993256,139186095,569,842,0,0,4559,4651,15,16,344,326,0.0739625886906042,0.0715069094099583,244,168,往期视频,,,是
1,2026,8月,紫夜星河,2026年7月,1191848430941224,🎁专属于你的夏夜浪漫💜,2026-07-30 18:30:38,1046766030024,139186095,868,775.8,0,0,4544,4740,21,22,246,230,0.0518987341772152,0.0506161971830986,164,81,往期视频,,,否
1,2026,8月,经典绿,2023年6月,416807281255,星巴克杯子薄荷绿系列小清新水杯大容量便携,2023-06-27 18:57:24,718570840547,139186095,127,0,0.0632911392405063,0,3688,4046,8,8,146,124,0.0360850222441918,0.0336225596529284,110,79,往期视频,,,否
1,2026,8月,雾野系列,2024年6月,468131920295,"星巴克雾野系列,超有质感的杯子
Starbucks星巴克官方旗舰店 
星巴克 星巴克杯子星巴克水杯 ",2024-06-19 13:20:55,794572511612,139186095,316,1460,0.00263157894736842,0,3568,3917,23,25,170,153,0.0434005616543273,0.0428811659192825,159,110,往期视频,,,否
1,2026,8月,活泼率,2024年5月,463009062504,"星巴克活泼绿系列
Starbucks星巴克官方旗舰店 
星巴克 星巴克杯子 星巴克水杯  户外",2024-05-18 12:00:00,783054778948,139186095,130,0,0.132947976878613,0,3185,3485,10,10,126,116,0.036154949784792,0.0364207221350078,75,57,往期视频,,,否
1,2026,8月,夏日甜品派对,2026年7月,724987011638062,放在工位☀被好多同事追着问的冰霸杯...,2026-07-13 20:00:03,1046028731385,139186095,292,0,0.0537974683544304,2,2754,2982,5,5,30,30,0.0100603621730382,0.0108932461873638,19,16,往期视频,,,否
1,2026,8月,夏日甜品派对,2026年5月,565719738469,分享一个超萌兔兔吸管杯~！,2026-05-20 18:00:51,1046028731385,139186095,491,0,0.0364963503649635,0,2095,2321,1,1,16,15,0.00689358035329599,0.00715990453460621,12,11,种草短视频,室内其他,是,否
1,2026,8月,薄荷绿系列,2025年5月,519957141605,这么美的清透玻璃杯不能只有我知道🥰！,2025-05-22 07:05:00,792978475194,139186095,206,1315,0,0,1982,2223,20,25,155,139,0.0697255960413855,0.0701311806256307,144,104,往期视频,,,否
1,2026,8月,爪爪天地,2026年7月,3148210123311427,爪爪天地｜狗狗嘴替陪你解压一夏🐾,2026-07-30 19:20:44,1047737497582,139186095,251,435,0,3,1943,1988,6,6,103,97,0.0518108651911469,0.0499227997941328,117,84,往期视频,,,否
1,2026,8月,朋克芭蕾,2026年7月,3251696725194150,👜甜酷“杯包”组，拿捏OOTD,2026-07-27 19:30:21,1062950936874,139186095,34,0,0.0697674418604651,0,1920,2184,3,3,12,12,0.00549450549450549,0.00625,19,13,往期视频,,,否
1,2026,8月,马克杯合集,2025年11月,542916003452,心动马克杯| 🥨发现一杯会“伪装”的碱水包！,2025-11-24 18:00:00,979072431459,139186095,169,0,0,0,1910,2123,4,4,151,142,0.0711257654262836,0.0743455497382199,110,77,图文,,,否
1,2026,8月,爪爪天地,2026年7月,1091241051397166,爪爪天地 ｜ 在桌面上，放一杯你的工作个签,2026-07-30 19:40:45,1047737497582,139186095,396,0,0,0,1871,1969,4,5,63,62,0.03199593702387,0.0331373597006948,50,39,往期视频,,,否
1,2026,8月,冰霸杯,2025年9月,533723022538,秋意系列|揣上杯杯，去感受秋天~,2025-09-11 21:00:09,919010228354,139186095,479,647,0,0,1735,1790,5,5,72,71,0.0402234636871508,0.0409221902017291,54,31,往期视频,,,否
1,2026,8月,墨绿,2022年7月,367145462095,"摩登复古墨绿马克杯
-
磨砂陶瓷材质好舒服的手感
精致小巧的杯型
日常补水or咖啡
喝水适宜
摩登时",2022-07-03 19:00:00,628335395083,139186095,94,114,0,0,1727,1949,6,6,97,91,0.0497691123653155,0.0526925303995368,56,37,往期视频,,,否
1,2026,8月,多肉花园,2024年6月,465763497727,"星巴克杯子,多肉花园系列合集
Starbucks星巴克官方旗舰店
星巴克 星巴克杯子 星巴克水杯  ",2024-06-04 13:39:36,794743133653,139186095,84,777,0.0101010101010101,0,1540,1627,2,2,92,86,0.0565457897971727,0.0558441558441558,80,54,往期视频,,,否
1,2026,8月,不锈钢吸管杯,2025年4月,517319756175,星巴克薯条杯×美食MBTI，一口解锁你的专属饮品🧋！,2025-04-30 09:00:00,818748783317,139186095,106,378,0.0238095238095238,0,1519,1722,4,4,52,49,0.0301974448315912,0.032258064516129,65,35,往期视频,,,否
1,2026,8月,薄荷绿系列,2024年6月,465891133893,"星巴克吸管杯,清透玻璃女神杯
Starbucks星巴克官方旗舰店 
星巴克 星巴克杯子 星巴克水杯 ",2024-06-05 09:42:57,792978475194,139186095,131,407,0,0,1257,1380,9,12,69,64,0.05,0.050914876690533,80,45,往期视频,,,否
1,2026,8月,墨绿,2022年7月,368694736229,"星巴克墨绿色保温杯,时尚便携送礼",2022-07-20 16:27:52,642170058962,139186095,45,0,0.02,0,1155,1244,3,3,41,37,0.0329581993569132,0.032034632034632,24,14,往期视频,,,否
1,2026,8月,钛杯,2026年8月,872811301276939,挖到一个超适合送人的钛杯礼盒！,2026-08-14 18:00:08,"1073049008319,1073105336668",139186095,624,399,0.0199146514935989,2,1134,1273,14,15,41,38,0.0322073841319717,0.0335097001763668,184,128,往期视频,,,是
1,2026,8月,豹纹咖调,2026年8月,2754451248690988,豹纹咖调系列🤎就爱这份高级复古感,2026-08-06 12:00:00,"1072063993256,1073048036812",139186095,65,0,0.0674157303370786,1,1104,1230,4,5,41,39,0.0333333333333333,0.0353260869565217,33,20,往期视频,,,否
1,2026,8月,薄荷绿系列,2024年10月,490044749354,双11来啦|拥有这样的杯子也太幸福了吧！,2024-10-30 17:37:21,792978475194,139186095,55,0,0,0,1090,1109,2,2,32,32,0.0288548241659152,0.0293577981651376,28,12,往期视频,,,否
1,2026,8月,多肉花园,2024年8月,477231798365,收集桌面上的元气时刻,2024-08-18 13:00:00,794743133653,139186095,58,0,0,0,1042,1158,0,0,57,49,0.0492227979274611,0.0470249520153551,40,26,往期视频,,,否
1,2026,8月,紫夜星河,2026年5月,563468491668,夏夜浪漫💜新品紫夜星河系列上线,2026-05-06 21:30:05,1046766030024,139186095,1214,0,0.0138355111452729,1,988,1157,5,5,35,31,0.0302506482281763,0.0313765182186235,71,27,AI短视频,,是,否
1,2026,8月,墨绿,2022年12月,393182363503,"星巴克经典墨绿马克杯，醒目的人鱼logo浮雕设计于杯面上，风格大气时尚
Starbucks星巴克官方",2022-12-29 11:37:46,628335395083,139186095,68,0,0.0123456790123457,0,970,1039,5,5,41,38,0.0394610202117421,0.0391752577319588,68,32,往期视频,,,否
1,2026,8月,朋克芭蕾,2026年7月,2177500682838216,绝美钛杯！紫雾里的碎钻星光💎,2026-07-15 20:00:00,1062950936874,139186095,23,0,0.0769230769230769,0,946,999,0,0,22,21,0.022022022022022,0.0221987315010571,23,20,往期视频,,,否
1,2026,8月,豹纹咖调,2026年8月,1601315176000273,墨镜猫咪🕶豹纹酷杯,2026-08-05 18:00:00,1072063993256,139186095,70,0,0.0833333333333333,0,929,1002,1,1,13,12,0.0129740518962076,0.0129171151776103,14,10,往期视频,,,否
1,2026,8月,爪爪天地,2026年7月,196986845667460,680ml柯基杯装下整个夏天！🐾,2026-07-26 12:00:00,1047737497582,139186095,337,176.4,0.131105398457584,0,863,914,4,5,18,18,0.0196936542669584,0.0208574739281576,29,20,往期视频,,,否
1,2026,8月,朋克芭蕾,2026年7月,2440842703468303,朋克芭蕾|不被定义🖤对刻板印象say no,2026-07-30 17:10:31,1062950936874,139186095,139,0,0,0,862,907,0,0,35,34,0.0385887541345094,0.0394431554524362,24,19,往期视频,,,否
1,2026,8月,小冰霸,2026年8月,3842479000677221,温柔午后☀星巴克小冰霸陪伴你,2026-08-01 15:00:00,1066491598181,139186095,92,0,0.0521739130434783,1,853,940,2,2,20,16,0.0212765957446809,0.018757327080891,11,8,往期视频,,,否
1,2026,8月,朋克芭蕾,2026年7月,571778890515,星巴克杯子朋克芭蕾系列钛杯马克杯不锈钢杯礼物,2026-07-01 12:54:26,1062950936874,139186095,79,0,0,0,734,854,0,0,3,3,0.00351288056206089,0.00408719346049046,0,0,往期视频,,,否
1,2026,8月,紫夜星河,2026年5月,563861261681,紫夜星河系列|满杯星星，你是人间理想！💜,2026-05-09 18:00:00,1046766030024,139186095,1230,0,0.0518407212622089,0,731,847,1,1,8,8,0.00944510035419126,0.0109439124487004,4,3,AI短视频,,是,否
1,2026,8月,朋克芭蕾,2026年8月,2192158013809664,用这杯🕶感受酷飒女孩的街头态度,2026-08-03 20:00:51,1062950936874,139186095,171,478,0.0833333333333333,0,692,761,1,1,17,13,0.0223390275952694,0.0187861271676301,41,18,往期视频,,,否
1,2026,8月,豹纹咖调,2026年8月,1066009156870263,星杯登场|豹纹咖调☕一杯装下慵懒与野性,2026-08-04 18:00:00,1072063993256,139186095,55,0,0.178082191780822,1,662,715,2,2,10,7,0.013986013986014,0.0105740181268882,4,3,往期视频,,,否
1,2026,8月,春日晴空,2026年8月,1309814122134942,⋆͛♥︎⋆͛蓝白杯🌙深夜食堂最佳拍档,2026-08-11 21:00:34,768886743103,139186095,68,0,0,0,657,701,5,5,9,9,0.0128388017118402,0.0136986301369863,36,27,往期视频,,,否
1,2026,8月,豹纹咖调,2026年8月,1948679191675859,🐆带出门被问爆的豹纹双饮口水杯……,2026-08-15 18:00:00,1072063993256,139186095,803,839,0.0787037037037037,3,634,700,2,2,21,20,0.03,0.0315457413249211,15,12,往期视频,,,否
1,2026,8月,多链接,2021年11月,338875563377,"节日星意，浓厚来袭。小动物们齐聚卡面，为即将到来的派对欢庆~
starbucks/星巴克入手一张节日",2021-11-24 10:19:06,"656267759245,656267683348,656267647914,655501821552,655501569870,655052140244",139186095,38,0,0,0,567,634,0,0,31,27,0.0488958990536278,0.0476190476190476,24,10,往期视频,,,否
1,2026,8月,经典绿,2023年6月,416980899224,今夏超火！,2023-06-23 14:40:48,718570840547,139186095,77,189,0.0111111111111111,0,565,680,2,2,91,80,0.133823529411765,0.141592920353982,80,59,往期视频,,,否
1,2026,8月,豹纹咖调,2026年8月,4491277377530481,豹纹咖调推盖杯！哑光金属质感绝了,2026-08-20 20:00:00,1072063993256,139186095,295,0,0.128851540616246,2,540,587,4,6,16,12,0.0272572402044293,0.0222222222222222,19,8,往期视频,,,否
1,2026,8月,星礼卡,2022年12月,392014196579,"新年好礼，超这里看！
可买星杯和咖啡的星礼卡
实用性满满
新年氛围插画
正好是寄托祝福的卡面
快来送",2022-12-30 11:28:21,"692173348106,687136221235,684390423207,681095081885,677382512880,674685155551",139186095,20,0,0,1,515,558,1,3,12,12,0.021505376344086,0.0233009708737864,17,6,往期视频,,,否
1,2026,8月,活泼率,2024年5月,463772296778,"星巴克活泼绿系列,经典时尚保温杯
Starbucks星巴克官方旗舰店
星巴克 星巴克杯子 星巴克水杯",2024-05-24 16:29:09,783054778948,139186095,28,518,0,0,484,534,3,3,18,17,0.0337078651685393,0.0351239669421488,26,13,往期视频,,,否
1,2026,8月,紫夜星河,2026年5月,566035982995,这个冰霸杯里有整片银河💜✨,2026-05-24 18:00:00,1046766030024,139186095,564,176,0.0948012232415902,0,483,545,0,0,7,7,0.0128440366972477,0.0144927536231884,3,3,站内达人视频,,,否
1,2026,8月,疾风竞野,2026年7月,3998640766300474,疾风竞野系列|把世界杯激情装进这杯🌿,2026-07-17 20:00:00,1064356200654,139186095,107,257,0,0,480,539,2,3,30,27,0.0556586270871985,0.05625,52,43,往期视频,,,否
1,2026,8月,万花玫境,2026年3月,558049481395,小粉杯被我带走啦！400ml揣进包刚刚好🌷,2026-03-30 16:00:00,1020511554543,139186095,5,0,0.142857142857143,0,466,529,0,0,5,5,0.00945179584120983,0.0107296137339056,2,2,种草短视频,桌面,是,否
1,2026,8月,暮樱翩翩,2026年3月,556230975669,星杯贴贴|温柔浅紫樱花杯🌸少女心被精准狙击了！！,2026-03-15 20:00:00,1022161108857,139186095,19,0,0,0,452,459,1,1,19,19,0.0413943355119826,0.0420353982300885,12,8,图文,,,否
1,2026,8月,豹纹咖调,2026年8月,3027893427329389,星品上新|这个豹纹吸管杯超时髦！🐆,2026-08-04 16:00:18,1072063993256,139186095,268,0,0.0498338870431894,5,447,480,1,1,10,8,0.0208333333333333,0.0178970917225951,4,3,往期视频,,,否
1,2026,8月,夏日甜品派对,2026年8月,629760551635569,芝士莓莓配色|挖到宝藏吸管杯🍓,2026-08-03 18:00:14,1046028731385,139186095,28,0,0,1,423,455,3,3,18,18,0.0395604395604396,0.0425531914893617,11,6,往期视频,,,否
1,2026,8月,薄荷绿系列,2023年7月,419365871345,超全星巴克薄荷绿合集！！,2023-07-12 21:47:03,"655589585782,718570840547,656356899156,655964118576,656356379814,655140448230",139186095,25,186.79,0.317073170731707,0,415,450,1,1,16,14,0.0355555555555556,0.0337349397590361,11,8,往期视频,,,否
1,2026,8月,朋克芭蕾,2026年8月,3133785098680767,朋克芭蕾冰霸杯|甜酷女孩的必入清单,2026-08-23 18:00:00,1062950936874,139186095,289,0,0.035031847133758,1,393,422,2,2,8,8,0.018957345971564,0.0203562340966921,23,16,往期视频,,,否
1,2026,8月,豹纹咖调,2026年8月,1932448783580332,豹纹咖调|或许你需要一只高级感水杯✨,2026-08-07 20:00:00,1072063993256,139186095,17,0,0,0,373,392,0,0,11,11,0.0280612244897959,0.0294906166219839,6,3,往期视频,,,否
1,2026,8月,小冰霸,2026年8月,540160552404375,小冰霸|早八人的快乐杯🎀,2026-08-27 18:00:22,1066491598181,139186095,81,0,0.0449438202247191,1,369,391,3,3,5,4,0.0127877237851662,0.010840108401084,30,16,往期视频,,,否
1,2026,8月,夏日甜品派对,2026年7月,4491036212600764,户外出行🐻小熊陪你~,2026-07-04 20:00:00,1046028731385,139186095,3,0,0,0,365,400,0,0,3,3,0.0075,0.00821917808219178,1,1,往期视频,,,否
1,2026,8月,冰霸杯,2026年8月,2353031327846666,我猜你的车载需要这个韩系晶粉小冰霸💓☀️,2026-08-02 18:00:00,919010228354,139186095,849,438,0.0249187432286024,2,356,383,5,6,6,3,0.0156657963446475,0.00842696629213483,32,20,往期视频,,,否
1,2026,8月,咖啡宝藏,2024年2月,448477480735,"星巴克宝藏杯,咖啡流金款吸管保温
Starbucks星巴克官方旗舰店
星巴克 星巴克杯子 星巴克水杯",2024-02-02 10:09:57,750932511412,139186095,34,239,0.0487804878048781,0,354,408,2,2,29,28,0.071078431372549,0.0790960451977401,35,23,往期视频,,,否
1,2026,8月,多链接,2025年1月,504998578473,🥤这一杯，甜蜜满🈵,2025-01-23 15:00:00,"877351301580,844791620623,865663673191,874047718057,847250101854,847937239873",139186095,25,154,0.3,0,353,379,0,0,6,5,0.0158311345646438,0.0141643059490085,2,2,往期视频,,,否
1,2026,8月,冰霸杯,2025年6月,523773689814,妈宝妹宝不如成为水宝宝💦大容量吨吨满足感,2025-06-22 10:00:00,919010228354,139186095,56,219,0,0,348,404,6,10,19,15,0.047029702970297,0.0431034482758621,17,13,往期视频,,,否
1,2026,8月,豹纹咖调,2026年8月,1699314645447475,收到超超超有格调的豹纹水杯礼盒！！！,2026-08-12 18:00:05,1073048036812,139186095,104,0,0.114035087719298,1,344,382,0,0,5,5,0.0130890052356021,0.0145348837209302,13,9,往期视频,,,否
1,2026,8月,薄荷绿系列,2024年6月,466869600190,"星巴克蝴蝶结款女神杯，清透淡粉温柔氛围
Starbucks星巴克官方旗舰店
星巴克 星巴克杯子 星巴",2024-06-12 10:41:23,792978475194,139186095,28,417,0,0,331,348,1,1,17,16,0.0488505747126437,0.0483383685800604,18,10,往期视频,,,否
1,2026,8月,马克杯合集,2025年10月,539046199502,布丁杯上工🙋‍♀️熊店长甜品屋🈺！,2025-10-25 20:00:00,979072431459,139186095,22,0,0,0,321,337,1,1,19,17,0.056379821958457,0.0529595015576324,19,14,种草短视频,桌面,,否
1,2026,8月,豹纹咖调,2026年8月,4010907720205755,我的杯子会唱rap🕶熊店长挂件杯,2026-08-07 18:00:00,1072063993256,139186095,252,0,0.0318021201413428,2,318,334,1,1,5,5,0.0149700598802395,0.0157232704402516,14,11,往期视频,,,否
1,2026,8月,多链接,2025年1月,503289528529,星巴克墨水系列|591ml不锈钢保温杯,2025-01-10 10:06:42,"874047718057,642170058962,627416100233,857925623593,851008764306,850491830757",139186095,11,0,0,0,317,338,0,0,4,4,0.0118343195266272,0.0126182965299685,1,1,往期视频,,,否
1,2026,8月,多链接,2024年12月,499538471820,我的鎏金不锈钢杯被同事疯狂喜欢🛒,2024-12-17 12:08:08,"858198410140,856162521809,858141129071,850491830757,793035094782,785049254164",139186095,11,0,0,0,309,335,0,0,9,9,0.026865671641791,0.029126213592233,4,3,往期视频,,,否
1,2026,8月,多链接,2025年1月,503348665040,墨水灰色系搭配星巴克LOGO，简约杯身,2025-01-12 16:03:00,"874047718057,858198410140,856162521809,851008764306,839571262486,813352583327",139186095,17,0,0,0,301,319,2,2,16,14,0.0501567398119122,0.0465116279069767,5,4,往期视频,,,否
1,2026,8月,冰霸杯,2026年8月,3474127859424555,韩系晶粉小冰霸杯 𓍢ִ໋✧˚.🎀⁺⑅♡,2026-08-20 18:00:00,919010228354,139186095,46,0,0,0,295,318,1,1,3,3,0.00943396226415094,0.0101694915254237,3,3,往期视频,,,否
1,2026,8月,蓝色系列,2024年5月,463474242611,"星巴克保温杯,大容量便携随行
Starbucks星巴克官方旗舰店 
星巴克 星巴克杯子  星巴克水杯",2024-05-20 16:57:02,750619815394,139186095,12,0,0,0,293,320,2,2,7,7,0.021875,0.0238907849829352,1,1,往期视频,,,否
1,2026,8月,豹纹咖调,2026年8月,1245352910074784,☕️这杯530ml豹纹冰咖太戳我！,2026-08-18 16:08:00,1072063993256,139186095,266,474,0.0680272108843537,1,288,321,0,0,4,4,0.0124610591900312,0.0138888888888889,4,4,往期视频,,,否
1,2026,8月,爪爪天地,2026年6月,753776068920029,工位吨吨杯！守护打工人的喝水KPI,2026-06-26 20:00:24,1047737497582,139186095,22,0,0.04,0,285,307,1,1,11,8,0.0358306188925081,0.0280701754385965,3,2,种草短视频,桌面,是,否
1,2026,8月,多链接,2021年11月,335344350585,"#双11巅峰倒计时#双11不停，星意不止。满减攻略已上线，小编这就为你奉上~
领499-30或999",2021-11-07 12:00:00,"655697918145,655501373995,655324141812",139186095,16,0,0,0,285,305,0,0,8,8,0.0262295081967213,0.0280701754385965,6,5,往期视频,,,否
1,2026,8月,复古白绿,2026年4月,562064318106,极简风yyds🍃马克杯我pick这只,2026-04-26 18:00:00,1023062168243,139186095,23,0,0,0,283,322,5,5,19,17,0.0590062111801242,0.0600706713780919,14,12,站内达人视频,,,否
1,2026,8月,咖啡宝藏,2023年12月,440708673787,"星巴克咖啡宝藏系列上新
Starbucks星巴克官方旗舰店
星巴克 星巴克杯子 星巴克水杯 ",2023-12-07 16:03:13,750932511412,139186095,30,0,0,0,279,332,1,1,19,16,0.0572289156626506,0.0573476702508961,19,14,往期视频,,,否
1,2026,8月,多链接,2025年1月,503894267388,星巴克杯子上新！墨水系列 拿出去何止拉风,2025-01-13 13:34:55,"874047718057,857925623593,869275512238,865663673191,850373115672,850491830757",139186095,14,0,0,0,268,277,0,0,6,6,0.0216606498194946,0.0223880597014925,0,0,往期视频,,,否
1,2026,8月,小冰霸,2026年8月,2526183823165207,挖到宝藏星杯！敲火晶粉小冰霸⭐,2026-08-29 18:00:00,1066491598181,139186095,104,234,0,0,265,286,2,2,5,5,0.0174825174825175,0.0188679245283019,19,14,往期视频,,,否
1,2026,8月,冰霸杯,2025年5月,519830903622,星巴克多彩夏日的双饮口桌面杯也是让我抢到了😍,2025-05-20 10:29:01,919010228354,139186095,53,0,0,0,259,293,2,4,37,31,0.126279863481229,0.11969111969112,28,18,往期视频,,,否
1,2026,8月,冰霸杯,2025年9月,533334324555,紫色控必入的超实用冰霸杯~,2025-09-08 20:00:21,792880543164,139186095,16,0,0,0,256,269,1,1,4,4,0.0148698884758364,0.015625,1,1,往期视频,,,否
1,2026,8月,豹纹咖调,2026年8月,3552911440074979,豹纹咖调| 自带个性，每一杯都出彩！,2026-08-13 12:00:00,1072063993256,139186095,85,0,0,0,255,277,1,1,22,19,0.0794223826714801,0.0745098039215686,34,18,往期视频,,,否
1,2026,8月,多链接,2025年1月,503480050002,生肖蛇年杯子来了❤️‍🔥,2025-01-12 13:00:00,"869275512238,844790540125,874047718057,865663673191,845920762451,850796509109",139186095,13,0,0,0,251,269,2,2,3,3,0.0111524163568773,0.0119521912350598,4,3,往期视频,,,否
1,2026,8月,朋克芭蕾,2026年7月,2190117958040933,买杯子送包包🥖甜酷风出行套装get,2026-07-31 18:00:00,1062950936874,139186095,517,0,0.0868055555555556,3,250,275,1,1,7,6,0.0254545454545455,0.024,28,17,往期视频,,,否
1,2026,8月,多链接,2025年1月,505188293338,这水杯好像知道自己很帅,2025-01-31 16:07:00,"797115438925,750932511412,864705538189,858198410140,877351301580,874047718057",139186095,13,0,0,0,246,256,0,0,4,4,0.015625,0.016260162601626,5,3,往期视频,,,否
1,2026,8月,万花玫境,2026年3月,555518685720,妇女节专供❤送给自在绽放的她！,2026-03-08 18:00:00,1020511554543,139186095,69,0,0.04,1,242,275,0,0,1,1,0.00363636363636364,0.00413223140495868,0,0,种草短视频,桌面,是,否
1,2026,8月,朋克芭蕾,2026年8月,1616805046211902,这个马克杯自带搅拌棒造型好特别！,2026-08-09 18:00:00,1062950936874,139186095,93,0,0.0515463917525773,1,236,266,0,0,5,5,0.018796992481203,0.0211864406779661,1,1,往期视频,,,否
1,2026,8月,冰霸杯,2026年8月,4096391159546022,超高颜值车载杯！我选690ml小冰霸~🎀,2026-08-20 12:00:00,919010228354,139186095,48,0,0,0,235,250,0,0,8,7,0.032,0.0297872340425532,10,2,往期视频,,,否
1,2026,8月,春日晴空,2026年8月,1509754118512117,可乐杯🧊妥妥锁住冰爽！,2026-08-14 16:38:40,768886743103,139186095,18,0,0,0,233,258,1,1,1,1,0.00387596899224806,0.00429184549356223,7,4,往期视频,,,否
1,2026,8月,多链接,2025年1月,503297864081,新品上新！473ml提手款不锈钢保温杯,2025-01-11 12:00:00,"874047718057,869275512238,850491830757,839571154549,822086691206,750619859342",139186095,11,0,0,0,233,247,0,0,2,2,0.00809716599190283,0.00858369098712446,0,0,往期视频,,,否
1,2026,8月,春日晴空,2026年8月,1176899808920125,ins风极简可乐杯~陪你过夏天啦！,2026-08-13 18:00:00,768886743103,139186095,42,0,0,0,232,258,0,0,7,7,0.0271317829457364,0.0301724137931034,16,8,往期视频,,,否
1,2026,8月,豹纹咖调,2026年8月,669157705417124,☕豹纹控必入！爆闪保温杯✩°｡,2026-08-21 18:00:00,1072063993256,139186095,720,237,0.228824273072061,6,230,248,2,2,2,2,0.00806451612903226,0.00869565217391304,32,15,往期视频,,,否
1,2026,8月,春日晴空,2026年8月,1918207919206793,经典蓝白杯，清爽出道！,2026-08-11 19:00:31,768886743103,139186095,19,0,0,0,229,256,0,0,1,1,0.00390625,0.00436681222707424,3,2,往期视频,,,否
1,2026,8月,墨绿,2022年7月,369360201793,"星巴克墨绿色保温杯,精致又高级",2022-07-21 17:09:52,642170058962,139186095,18,0,0.0909090909090909,0,227,248,1,1,11,10,0.0443548387096774,0.0440528634361234,17,9,往期视频,,,否
1,2026,8月,朋克芭蕾,2026年8月,2496408153866853,甜酷杯包组🎀买杯子送包包的快乐谁懂！,2026-08-28 18:00:07,1062950936874,139186095,3,0,0.555555555555556,0,227,249,0,0,2,2,0.00803212851405622,0.00881057268722467,0,0,往期视频,,,否
1,2026,8月,爪爪天地,2026年7月,1592607721705368,宝藏吸管杯申请加入你的工位☀,2026-07-07 18:00:40,1047737497582,139186095,33,143,0.162162162162162,0,225,256,2,2,3,2,0.01171875,0.00888888888888889,0,0,往期视频,,,否
1,2026,8月,冰霸杯,2026年8月,2808280431582832,超实用的喝水搭子上线！,2026-08-24 20:00:03,919010228354,139186095,19,0,0,1,224,245,0,0,2,2,0.00816326530612245,0.00892857142857143,0,0,往期视频,,,否
1,2026,8月,小冰霸,2026年8月,4235170219495611,好喜欢我的迷你冰霸杯🎀,2026-08-15 12:00:00,1066491598181,139186095,86,0,0,0,223,250,1,1,1,1,0.004,0.00448430493273543,16,9,往期视频,,,否
1,2026,8月,春日晴空,2026年8月,2926451874137910,夏日汽水好搭子，GET ！,2026-08-14 21:30:06,768886743103,139186095,22,0,0,0,222,254,1,1,7,7,0.0275590551181102,0.0315315315315315,7,5,往期视频,,,否
1,2026,8月,朋克芭蕾,2026年8月,553472073318414,⛓酷女孩的专属480ml双饮口杯,2026-08-08 18:00:00,1062950936874,139186095,196,0,0,2,221,245,0,0,1,1,0.00408163265306122,0.00452488687782805,6,6,往期视频,,,否
1,2026,8月,豹纹咖调,2026年8月,1744495258207913,豹纹咖调|分享一个熊店长挂件杯🐻,2026-08-17 18:00:44,1072063993256,139186095,112,0,0.0666666666666667,1,214,236,1,1,11,11,0.0466101694915254,0.0514018691588785,6,4,往期视频,,,否
1,2026,8月,多链接,2025年1月,503145372528,♥️✨有这款马克杯还不得一路發🐍,2025-01-09 13:01:58,"869275512238,844790540125,866468735070,845920762451,839251551593,718570840547",139186095,9,0,0,0,212,219,0,0,3,3,0.0136986301369863,0.0141509433962264,2,2,往期视频,,,否
1,2026,8月,朋克芭蕾,2026年8月,1215451550028042,💦冰霸杯的颜值毋庸置疑！,2026-08-26 20:00:41,1062950936874,139186095,50,0,0.0727272727272727,1,211,237,0,0,8,4,0.0337552742616034,0.018957345971564,0,0,往期视频,,,否
1,2026,8月,豹纹咖调,2026年8月,3415170876270132,🐆这只360ml桌面杯诠释高级老钱风,2026-08-06 18:00:00,1072063993256,139186095,4760,0,0.0821167883211679,3,210,233,0,0,5,5,0.0214592274678112,0.0238095238095238,1,1,往期视频,,,否
1,2026,8月,春日晴空,2026年8月,1396546268410033,能装下可乐的保温杯你见过吗！,2026-08-17 13:00:04,768886743103,139186095,28,0,0,0,209,241,0,0,3,3,0.012448132780083,0.0143540669856459,4,3,往期视频,,,否
1,2026,8月,冰霸杯,2026年8月,3291442761576625,夏日小冰霸🩵每一口都是甜,2026-08-26 18:00:14,919010228354,139186095,120,428,0.0078125,1,207,233,2,8,3,3,0.0128755364806867,0.0144927536231884,6,5,往期视频,,,否
1,2026,8月,小冰霸,2026年8月,1325820899960334,💕反复沦陷于小冰霸的颜值……,2026-08-21 12:00:00,1066491598181,139186095,25,0,0,0,207,231,1,1,8,7,0.0346320346320346,0.0338164251207729,11,7,往期视频,,,否
1,2026,8月,多链接,2023年9月,426559173549,你永远不懂老师的保温杯，有多耐造,2023-09-10 10:00:00,"734309987226,729242772278,731594844411,723901665633,713528556385,718570840547",139186095,7,0,0,0,207,219,0,0,2,2,0.0091324200913242,0.00966183574879227,1,1,往期视频,,,否
1,2026,8月,小冰霸,2026年8月,2554134359633696,⋆͛♥︎⋆͛高级粉随行杯🍓装饮料也装水果,2026-08-11 18:00:00,1066491598181,139186095,40,0,0,0,205,230,2,2,7,7,0.0304347826086957,0.0341463414634146,23,19,往期视频,,,否
1,2026,8月,朋克芭蕾,2026年8月,4489123092018575,超酷灰粉🎀朋克风马克杯拿捏每个酷girl~,2026-08-02 12:00:00,1062950936874,139186095,61,0,0.344086021505376,1,203,218,2,2,2,1,0.00917431192660551,0.00492610837438424,6,4,往期视频,,,否
1,2026,8月,朋克芭蕾,2026年8月,3363160414397841,💘“法棍”包和“小奶瓶”很配,2026-08-08 12:00:00,1062950936874,139186095,185,0,0,1,202,224,0,0,1,1,0.00446428571428571,0.00495049504950495,9,7,往期视频,,,否
1,2026,8月,春日晴空,2026年8月,475789733171601,☀️夏天和星巴克蓝白可乐杯更配哦🧊,2026-08-01 18:00:00,768886743103,139186095,75,0,0.279279279279279,3,198,217,0,0,10,7,0.0460829493087558,0.0353535353535354,0,0,往期视频,,,否
1,2026,8月,小冰霸,2026年8月,1701299168938839,星品分享|谁还没有拥有这个晶粉小冰霸？,2026-08-22 20:00:00,1066491598181,139186095,42,0,0.0232558139534884,1,198,218,0,0,7,6,0.0321100917431193,0.0303030303030303,16,6,往期视频,,,否
1,2026,8月,春日晴空,2026年8月,184540929046625,极简党的超爱💙经典蓝白可乐杯,2026-08-14 20:30:49,768886743103,139186095,5,209,0,0,197,230,0,0,0,0,0,0,0,0,往期视频,,,否
1,2026,8月,星礼卡,2021年11月,336208756988,缤纷卡面星礼卡，星动来袭~小动物们跃然于卡面，和你一起过节啦！starbucks/星巴克,2021-11-15 17:00:06,"656267759245,656267683348,656267647914,655876170769,655501569870,655052140244",139186095,7,300,0,0,196,215,0,0,4,4,0.0186046511627907,0.0204081632653061,1,1,往期视频,,,否
1,2026,8月,小冰霸,2026年8月,2078334126314253,可以diy的小冰霸你见过吗？,2026-08-18 18:00:00,1066491598181,139186095,59,0,0,0,195,217,0,0,3,3,0.0138248847926267,0.0153846153846154,5,4,往期视频,,,否
1,2026,8月,多链接,2023年8月,421937904561,星杯的夏日多巴胺调色盘,2023-08-09 11:19:35,"731594844411,731064515092,731064467280,730902598556,730747622472,730544108271",139186095,23,0,0,0,194,205,0,0,9,8,0.0439024390243902,0.0412371134020619,7,3,往期视频,,,否
1,2026,8月,春日晴空,2026年8月,2412876214586633,星杯分享|晒晒我的夏日御用可乐杯❄️,2026-08-12 15:00:00,768886743103,139186095,44,0,0.177777777777778,1,193,216,0,0,0,0,0,0,0,0,往期视频,,,否
1,2026,8月,朋克芭蕾,2026年8月,3306441474846902,朋克芭蕾|点亮桌边甜蜜,2026-08-24 18:00:13,1062950936874,139186095,2,0,0,0,192,211,0,0,2,1,0.00947867298578199,0.00520833333333333,0,0,往期视频,,,否
1,2026,8月,冰霸杯,2026年7月,3716181402175923,晶粉小冰霸🧊你的夏日本命水杯,2026-07-31 20:00:00,919010228354,139186095,464,0,0.0305498981670061,3,191,217,1,2,3,3,0.0138248847926267,0.0157068062827225,7,3,往期视频,,,否
1,2026,8月,爪爪天地,2026年7月,1688824552208989,☕️桌面新宠！能喝水的狗狗秋千,2026-07-01 15:00:16,1047737497582,139186095,12,0,0,0,189,241,0,0,3,2,0.012448132780083,0.0105820105820106,1,1,往期视频,,,否
1,2026,8月,星礼卡,2021年11月,337247452739,星意在线中，送人or自留，不同价位星礼卡套装，为你推荐~,2021-11-22 12:29:10,"656090643717,655501973807,655501925904,654877380903,653914665109",139186095,17,795,0,0,187,211,1,1,7,7,0.033175355450237,0.0374331550802139,17,7,往期视频,,,否
1,2026,8月,多链接,2024年12月,501132370318,新杯子你别太美了！忍不住多喝水！！！,2024-12-31 19:04:00,"858198410140,856162521809,851008764306,850373115672,839571262486,839571154549",139186095,11,0,0.0769230769230769,0,184,195,1,1,6,6,0.0307692307692308,0.0326086956521739,3,3,往期视频,,,否
1,2026,8月,#N/A,2026年8月,1994163478270474,炎炎夏日不要放过这个可乐杯啊！,2026-08-25 20:00:20,,139186095,5,0,0,0,181,208,0,0,3,3,0.0144230769230769,0.0165745856353591,0,0,往期视频,,,否
1,2026,8月,多链接,2025年1月,504982652332,星巴克还得是你｜这么好看的新年發财杯,2025-01-25 13:00:00,"877078306528,844790540125,837704243964,797213972204,793157392053,730747622472",139186095,8,0,0,0,179,192,1,1,4,4,0.0208333333333333,0.0223463687150838,2,2,往期视频,,,否
1,2026,8月,爪爪天地,2026年7月,2713623820231674,我的工位新宠！被同事疯狂要链接的马克杯....,2026-07-10 18:00:06,1047737497582,139186095,283,0,0.0436241610738255,0,175,197,0,0,0,0,0,0,0,0,往期视频,,,否
1,2026,8月,岁岁欢喜,2026年6月,568733017968,星巴克杯子岁岁欢喜系列马克杯不锈钢双饮口杯合集,2026-06-09 11:44:33,1051063891501,139186095,22,0,0,0,174,196,0,0,3,3,0.0153061224489796,0.0172413793103448,0,0,往期视频,,,否
1,2026,8月,朋克芭蕾,2026年8月,951224562777816,放在办公室一直被问的马克杯🎀,2026-08-25 18:00:16,1062950936874,139186095,3,0,0,1,173,192,1,1,7,6,0.0364583333333333,0.0346820809248555,1,1,往期视频,,,否
1,2026,8月,小冰霸,2026年8月,884828334050215,韩系小冰霸，装满夏日快乐~,2026-08-16 12:00:00,1066491598181,139186095,38,0,0,0,172,201,1,1,3,3,0.0149253731343284,0.0174418604651163,17,12,往期视频,,,否
1,2026,8月,紫夜星河,2026年5月,563852600888,星巴克杯子紫夜星河系列大容量高颜值质感吸管杯保温杯桌面水杯,2026-05-07 07:12:43,1046766030024,139186095,56,0,0,0,170,201,0,0,0,0,0,0,0,0,往期视频,,,否
1,2026,8月,冰霸杯,2026年8月,199235493509351,谁懂这杯极简小冰霸！🤍🩷,2026-08-12 12:00:00,919010228354,139186095,11,0,0,0,169,189,0,0,3,3,0.0158730158730159,0.0177514792899408,2,2,往期视频,,,否
1,2026,8月,春日晴空,2026年8月,161387850744061,超火可乐杯！易拉罐的夏日好cp,2026-08-14 19:40:00,768886743103,139186095,17,0,0,0,167,196,2,2,1,1,0.00510204081632653,0.00598802395209581,3,3,往期视频,,,否
1,2026,8月,多链接,2025年1月,503340017357,翻包vlog，密封性超好得宝藏咖啡杯！,2025-01-12 11:02:00,"750932511412,797115438925,874047718057,858198410140,856162521809,865663673191",139186095,9,0,0,0,166,174,0,0,5,4,0.028735632183908,0.0240963855421687,8,4,往期视频,,,否
1,2026,8月,小冰霸,2026年8月,4115264928240289,甜蜜周末🎀需要晶粉小冰霸的陪伴,2026-08-30 18:00:00,1066491598181,139186095,7,239,0,0,166,179,0,0,7,5,0.0391061452513966,0.0301204819277108,1,1,往期视频,,,否
1,2026,8月,多链接,2025年10月,539243660007,🍞因为这只杯杯，爱上吃早餐,2025-10-28 21:00:00,"979072431459,975069063377",139186095,6,0,0,0,160,164,0,0,4,4,0.024390243902439,0.025,3,2,种草短视频,桌面,,否
1,2026,8月,豹纹咖调,2026年8月,4256466702960046,墨镜猫🐱怎么会出现在马克杯上？,2026-08-16 18:00:00,1072063993256,139186095,91,0,0.0566037735849057,2,157,190,0,0,3,2,0.0157894736842105,0.0127388535031847,0,0,往期视频,,,否
1,2026,8月,#N/A,2023年2月,398026201767,"Starbucks星巴克官方旗舰店星巴克膳魔师保温杯,送礼必备",2023-02-20 14:47:55,675697364556,139186095,4,0,0.2,0,157,168,0,0,4,4,0.0238095238095238,0.0254777070063694,2,2,往期视频,,,否
1,2026,8月,朋克芭蕾,2026年8月,828424436538262,甜酷反差！你没见过的超特别马克杯🎀,2026-08-23 12:00:00,1062950936874,139186095,194,0,0.0144927536231884,1,155,172,1,1,0,0,0,0,19,13,往期视频,,,否
1,2026,8月,爪爪天地,2026年7月,1564449813923635,我的喝水新宠~创意腊肠热狗马克杯,2026-07-14 20:00:19,1047737497582,139186095,124,0,0.0676691729323308,0,154,177,2,2,2,2,0.0112994350282486,0.012987012987013,6,5,往期视频,,,否
1,2026,8月,冰霸杯,2026年7月,3890397865220781,900ml子母冰霸杯|🎀mini小杯做挂件太特别了！,2026-07-29 18:00:00,"1062950936874,792880543164",139186095,39,0,0.0185185185185185,0,154,164,0,0,5,5,0.0304878048780488,0.0324675324675325,12,10,往期视频,,,否
1,2026,8月,朋克芭蕾,2026年7月,839980997626152,拒绝沉闷！甜酷吸管杯承包一夏🎀,2026-07-24 20:00:12,1062950936874,139186095,1142,557,0.00873015873015873,0,149,168,1,1,1,1,0.00595238095238095,0.00671140939597315,17,13,往期视频,,,否
1,2026,8月,小冰霸,2026年8月,1157750005187780,🎀韩系星杯和下午茶更配💓,2026-08-11 12:00:28,1066491598181,139186095,67,0,0,0,149,161,3,3,2,2,0.0124223602484472,0.0134228187919463,17,13,往期视频,,,否
1,2026,8月,豹纹咖调,2026年8月,1401631000764864,豹纹咖调 |把摩卡色的野性揣进杯子里☕,2026-08-05 12:00:00,1072063993256,139186095,4,0,0,0,145,157,0,0,3,3,0.0191082802547771,0.0206896551724138,0,0,往期视频,,,否
1,2026,8月,星礼卡,2022年11月,385876866684,"#双11来啦#
星礼卡超值直降中！
新品星礼卡
经典人鱼款
无论送给爱人、伙伴、长辈
都有适合的那一",2022-11-08 15:00:29,"687424598117,687136221235,687709739963,687135961371,686797612320,684760422542",139186095,11,390,0,0,142,155,1,1,8,8,0.0516129032258065,0.0563380281690141,7,4,往期视频,,,否
1,2026,8月,咖啡宝藏,2025年1月,504057377596,咖啡宝藏的杯子荣获“学习好搭子”称号,2025-01-16 15:03:00,"750932511412,628335395083,610061702354,874047718057,869275512238",139186095,9,0,0,0,140,148,0,0,2,2,0.0135135135135135,0.0142857142857143,1,1,往期视频,,,否
1,2026,8月,爪爪天地,2026年7月,1226121315847036,周末带着超萌小鸡毛水壶一起粗去丸呀~,2026-07-05 18:00:00,1047737497582,139186095,57,0,0.426229508196721,0,138,166,0,0,1,1,0.00602409638554217,0.0072463768115942,0,0,往期视频,,,否
1,2026,8月,星礼卡,2021年11月,336837197460,"星意不掉线，星礼卡套装持续售卖中，最高立减190元
是回忆感满满的红杯套装、还是环保星人必入的咖啡主",2021-11-16 14:00:57,"656090643717,655501973807,655501925904,654877380903,653914665109",139186095,13,0,0,0,138,150,0,0,6,6,0.04,0.0434782608695652,5,4,往期视频,,,否
1,2026,8月,春日晴空,2026年8月,2319161971107278,分享我的夏日御用可乐杯❄️,2026-08-17 11:34:22,768886743103,139186095,207,0,0.0087719298245614,1,135,163,1,1,1,1,0.00613496932515337,0.00740740740740741,5,4,往期视频,,,否
1,2026,8月,小冰霸,2026年8月,3797722946384218,星杯来袭|粉嫩小冰霸，装满615ml快乐,2026-08-11 14:00:41,1066491598181,139186095,43,0,0,0,130,145,1,1,3,3,0.0206896551724138,0.0230769230769231,15,10,往期视频,,,否
1,2026,8月,多链接,2025年1月,505035467806,星相伴系列不锈钢桌面杯355ml,2025-01-23 16:00:00,"877351301580,844791620623,847937239873,847250101854,813352583327,768886743103",139186095,16,0,0,0,130,134,0,0,5,5,0.0373134328358209,0.0384615384615385,0,0,往期视频,,,否
1,2026,8月,多链接,2025年1月,505019595038,报告！这只保温杯有亿点好看！！,2025-01-23 09:03:00,"858198410140,864705538189,877078306528,877351301580,857925623593,865663673191",139186095,3,0,0,0,126,135,0,0,3,3,0.0222222222222222,0.0238095238095238,0,0,往期视频,,,否
1,2026,8月,豹纹咖调,2026年8月,2010339260537329,装什么饮料都好看的吸管杯🥤,2026-08-22 18:00:00,1072063993256,139186095,2,0,0,0,126,142,0,0,1,1,0.00704225352112676,0.00793650793650794,0,0,往期视频,,,否
1,2026,8月,多链接,2024年12月,498229264261,桌面放这杯！经典简约更时尚🥤,2024-12-11 17:02:53,"858198410140,856162521809,758657974002,793157480177,793035094782,658447980078",139186095,8,0,0.4,0,125,140,0,0,10,10,0.0714285714285714,0.08,8,6,往期视频,,,否
1,2026,8月,钛杯,2026年7月,3299295081271588,户外说走就走☁别忘记带上ta！,2026-07-24 18:00:05,1006202362257,139186095,8,0,0,0,122,130,1,1,2,2,0.0153846153846154,0.0163934426229508,1,1,往期视频,,,否
1,2026,8月,春日晴空,2026年8月,1317416684647588,看到蓝白配色🧊你最先想到什么呢？,2026-08-19 18:00:06,768886743103,139186095,3,0,0,0,119,133,0,0,1,1,0.0075187969924812,0.00840336134453781,1,1,往期视频,,,否
1,2026,8月,豹纹咖调,2026年8月,1201340741262117,一口太妃糖🤎365ml奶油豹纹马克杯,2026-08-19 20:00:00,1072063993256,139186095,227,0,0.0804597701149425,2,116,133,0,0,4,4,0.0300751879699248,0.0344827586206897,12,3,往期视频,,,否
1,2026,8月,紫夜星河,2026年5月,566383535033,星品开箱|永远会为紫夜星河系列驻足！！💜,2026-05-26 18:00:00,1046766030024,139186095,8,0,0.25,0,114,134,0,0,1,1,0.00746268656716418,0.0087719298245614,1,1,种草短视频,桌面,,否
1,2026,8月,钛杯,2026年8月,3361755328436158,星杯分享|秋日外出搭子+1！,2026-08-13 20:00:18,1006202362257,139186095,4,0,0,0,110,127,0,0,1,1,0.0078740157480315,0.00909090909090909,0,0,往期视频,,,否
1,2026,8月,爪爪天地,2026年6月,3647791833848273,🧊夏日续命神器！一口喝掉所有班味,2026-06-27 20:00:00,1047737497582,139186095,47,0,0.24,0,107,119,0,0,0,0,0,0,1,1,往期视频,,,否
1,2026,8月,春日晴空,2026年8月,3653622901455641,💙当手工人遇到星巴克可乐杯...⚽,2026-08-11 11:30:48,768886743103,139186095,83,0,0.181818181818182,3,106,117,1,1,0,0,0,0,6,4,往期视频,,,否
1,2026,8月,春日晴空,2026年8月,4164265052217847,可乐杯|快乐水的夏日专属cp🧊,2026-08-11 16:00:27,768886743103,139186095,6,0,0,0,104,122,0,0,3,3,0.0245901639344262,0.0288461538461538,0,0,往期视频,,,否
1,2026,8月,钛杯,2026年8月,1162327008967767,星杯来袭|闪粉钛杯，秋日吨吨超安心~,2026-08-13 17:34:35,1006202362257,139186095,1,0,0,0,103,126,0,0,0,0,0,0,0,0,往期视频,,,否
1,2026,8月,多链接,2025年1月,503345536087,复古金属质感棕金鎏光系列🍾,2025-01-11 17:04:00,"858198410140,856162521809,874047718057,851008764306,850796509109,857925623593",139186095,6,0,0.153846153846154,0,102,108,0,0,6,4,0.0555555555555556,0.0392156862745098,3,3,往期视频,,,否
1,2026,8月,春日晴空,2026年7月,4205594331804283,🥤超火可乐杯！清爽一夏,2026-07-21 20:00:19,768886743103,139186095,185,418,0,0,98,100,2,2,5,4,0.05,0.0408163265306122,39,32,往期视频,,,否
1,2026,8月,小冰霸,2026年8月,2509887685545950,615ml的快乐，装下一整个夏天~,2026-08-19 16:30:00,1066491598181,139186095,4,0,0,0,98,111,0,0,3,3,0.027027027027027,0.0306122448979592,2,1,往期视频,,,否
1,2026,8月,0,2023年12月,443906077880,"星巴克保温杯,带你感受温暖
Starbucks星巴克官方旗舰店
星巴克 星巴克杯子 星巴克水杯 ",2023-12-28 16:55:46,750619859342,139186095,3,0,0,0,98,101,0,0,3,3,0.0297029702970297,0.0306122448979592,4,3,往期视频,,,否
1,2026,8月,春日晴空,2026年8月,3301150186932596,星粉晒杯|适合做痛杯的TA 出现了~,2026-08-11 15:00:50,768886743103,139186095,21,0,0.0454545454545455,4,95,117,0,0,1,1,0.00854700854700855,0.0105263157894737,3,1,往期视频,,,否
1,2026,8月,爪爪天地,2026年6月,2146402272253264,🐶 爪爪冰霸杯！大容量的快乐我懂了,2026-06-16 18:00:40,"1047737497582,1047738209197",139186095,5,0,0,0,94,101,0,0,1,1,0.0099009900990099,0.0106382978723404,0,0,往期视频,,,否
1,2026,8月,经典绿,2024年3月,454000081862,"星巴克薄荷绿杯
Starbucks星巴克官方旗舰店星巴克 星巴克杯子 星巴克水杯  ",2024-03-21 14:00:00,718570840547,139186095,6,184,0,0,91,95,1,1,4,3,0.0421052631578947,0.032967032967033,3,2,往期视频,,,否
1,2026,8月,墨绿,2022年10月,379356309450,星巴克墨绿款保温杯，立体菱格杯面，卡扣杯盖，出行车载方便饮用,2022-10-03 09:00:00,642170058962,139186095,4,229,0.2,0,90,97,1,1,2,2,0.0206185567010309,0.0222222222222222,0,0,往期视频,,,否
1,2026,8月,多链接,2025年1月,504357608558,新品！带杯盖的粉色马克杯❤️,2025-01-18 12:04:00,"877351301580,844791620623,877078306528,869275512238,866468735070,839251551593",139186095,4,0,0,0,90,92,0,0,2,2,0.0217391304347826,0.0222222222222222,3,3,往期视频,,,否
1,2026,8月,薄荷绿系列,2025年1月,503772437139,蝴蝶结女神杯🎀好看到犯规！,2025-01-13 16:17:30,792978475194,139186095,6,298,0,0,86,91,0,0,2,2,0.021978021978022,0.0232558139534884,0,0,往期视频,,,否
1,2026,8月,暮樱翩翩,2026年2月,554730888654,春樱萌宠|这杯❗掌管春日氛围感的神😇,2026-02-27 20:00:00,1022161108857,139186095,8,0,0,0,86,97,0,0,1,1,0.0103092783505155,0.0116279069767442,0,0,种草短视频,桌面,是,否
1,2026,8月,马克杯合集,2025年12月,543927629112,有这对萌杯🐻冬日才完整,2025-12-01 18:00:00,979072431459,139186095,15,0,0,0,85,89,0,0,2,2,0.0224719101123595,0.0235294117647059,3,2,图文,,,否
1,2026,8月,多肉花园,2024年9月,482351681167,就这么水灵灵的出现在了桌面上！,2024-09-18 14:00:58,794743133653,139186095,30,0,0,0,81,83,1,1,3,3,0.036144578313253,0.037037037037037,2,2,往期视频,,,否
1,2026,8月,爪爪天地,2026年7月,297264553166618,工位显眼包！腊肠修勾马克杯,2026-07-06 20:00:49,1047737497582,139186095,1,0,1,0,81,110,0,0,0,0,0,0,0,0,种草短视频,桌面,,否
1,2026,8月,朋克芭蕾,2026年7月,1526252831884104,暗黑朋克风的水杯你见过吗？🩶,2026-07-28 20:00:38,1062950936874,139186095,32,0,0,1,78,84,0,0,0,0,0,0,10,8,往期视频,,,否
1,2026,8月,春日晴空,2026年7月,1134790351722613,超火可乐杯！易拉罐的夏日好cp,2026-07-22 20:00:01,768886743103,139186095,11,0,0,0,78,79,0,0,3,3,0.0379746835443038,0.0384615384615385,2,2,往期视频,,,否
1,2026,8月,多链接,2025年1月,504065184231,STOP！打工暂停，来看下我的新杯子~,2025-01-16 17:05:00,"858198410140,864705538189,856162521809,750932511412,874047718057,869275512238",139186095,7,0,0,0,78,79,0,0,1,1,0.0126582278481013,0.0128205128205128,0,0,往期视频,,,否
1,2026,8月,多链接,2025年1月,502262775637,这个杯碟组可爱到💝想全部收藏✨,2025-01-02 16:01:28,"839635946060,866969773356,866468735070,838306843610,818850576975,793034714001",139186095,4,0,0,0,77,84,0,0,2,2,0.0238095238095238,0.025974025974026,2,2,往期视频,,,否
1,2026,8月,万花玫境,2026年3月,558179545406,万花玫境|这个保温杯里有春天！！,2026-03-26 13:46:54,1020511554543,139186095,149,0,0.0674846625766871,0,76,82,0,0,0,0,0,0,0,0,种草短视频,桌面,是,否
1,2026,8月,爪爪天地,2026年5月,4441803903505040,星品上新🐕喜乐蒂陪你一起摸鱼ing,2026-05-31 12:00:00,1047737497582,139186095,37,0,0.1875,0,76,83,0,0,6,5,0.072289156626506,0.0657894736842105,4,3,AI短视频,,是,否
1,2026,8月,夏日甜品派对,2026年7月,3583083271279479,好喜欢我的甜甜冰霸杯🍓,2026-07-01 18:00:00,1046028731385,139186095,4,0,0.25,0,75,81,0,0,1,1,0.0123456790123457,0.0133333333333333,1,1,往期视频,,,否
1,2026,8月,多链接,2025年2月,505330901744,谁能逃得过新中式的魅力！,2025-02-01 12:04:00,"794572511612,793157164657",139186095,2,0,0,0,73,78,0,0,0,0,0,0,0,0,往期视频,,,否
1,2026,8月,多链接,2024年12月,500634712752,杯身的渐变色调，在阳光下闪着光芒,2024-12-26 15:17:00,"858198410140,856162521809,846189691200,819194884736,771671518084,793157480177",139186095,2,0,0,0,73,75,0,0,1,1,0.0133333333333333,0.0136986301369863,1,1,往期视频,,,否
1,2026,8月,紫夜星河,2026年7月,1893267889234172,紫夜星河⭐编织一场夏日梦幻,2026-07-30 18:20:36,1046766030024,139186095,6,0,0,0,72,77,0,0,5,5,0.0649350649350649,0.0694444444444444,3,2,往期视频,,,否
1,2026,8月,夏日甜品派对,2026年5月,566830953617,这才是甜妹该带出门的水杯呀！！！🎀,2026-05-28 12:00:00,1046028731385,139186095,4,0,0,0,72,83,0,0,1,1,0.0120481927710843,0.0138888888888889,1,1,种草短视频,户外,是,否
1,2026,8月,多链接,2025年1月,504983148580,我宣布这是近几年星巴克最好看的马克杯,2025-01-30 11:00:00,"877078306528,844790540125,837704243964,797213972204,793157392053,730747622472",139186095,3,0,0,0,72,79,0,0,2,1,0.0253164556962025,0.0138888888888889,2,1,往期视频,,,否
1,2026,8月,万花玫境,2026年3月,557685770899,🌸把春天装进保温杯，通勤路上开满玫瑰,2026-03-26 20:00:00,1020511554543,139186095,4,0,0,0,70,75,0,0,1,1,0.0133333333333333,0.0142857142857143,0,0,站内达人视频,,,否
1,2026,8月,多链接,2025年1月,502223446904,叮咚！🔔这个蝴蝶结把手太戳我啦🎀,2025-01-02 15:55:41,"838306843610,839635946060,866969773356,838638361962,818850576975,866468735070",139186095,4,0,0,0,65,69,0,0,2,2,0.0289855072463768,0.0307692307692308,0,0,往期视频,,,否
1,2026,8月,多链接,2025年1月,505144471185,星巴克新品蛇年生肖限定新品🐍,2025-01-26 13:00:00,"877078306528,844790540125,837704243964,797213972204,793157392053,730747622472",139186095,3,0,0,0,65,69,0,0,1,1,0.0144927536231884,0.0153846153846154,0,0,往期视频,,,否
1,2026,8月,朋克芭蕾,2026年7月,3798472229671156,朋克芭蕾系列|甜酷女孩天菜！潮酷上新,2026-07-30 17:05:37,1062950936874,139186095,1,0,0,0,64,69,0,0,0,0,0,0,0,0,往期视频,,,否
1,2026,8月,夏日甜品派对,2026年6月,3419247235742227,爱心杯底💗甜系小兔🐇,2026-06-07 18:00:00,1046028731385,139186095,6,0,0.666666666666667,0,61,63,0,0,0,0,0,0,0,0,往期视频,,,否
1,2026,8月,马克杯合集,2025年11月,542007627676,甜品脑袋出列！🍮杯激情下单,2025-11-12 17:42:50,979072431459,139186095,3,0,0,0,61,61,0,0,1,1,0.0163934426229508,0.0163934426229508,1,1,站内达人视频,,,否
1,2026,8月,爪爪天地,2026年7月,758897095133459,膳魔师小鸡毛保温杯🧣送人首选,2026-07-09 20:00:48,1047737497582,139186095,8,0,0.625,0,59,66,0,0,2,2,0.0303030303030303,0.0338983050847458,0,0,种草短视频,桌面,,否
1,2026,8月,夏日甜品派对,2026年7月,2100082177173006,夏日甜品系列⋆☆₊🐰萌力出击！,2026-07-30 16:36:33,1046028731385,139186095,2,0,0,0,58,63,1,2,1,1,0.0158730158730159,0.0172413793103448,1,1,往期视频,,,否
1,2026,8月,爪爪天地,2026年6月,2586069627421768,用这个大肚杯☀快乐一夏🧊,2026-06-25 18:00:02,1047737497582,139186095,5,0,0,0,57,60,0,0,0,0,0,0,0,0,往期视频,,,否
1,2026,8月,多肉花园,2024年6月,467261743315,"星巴克杯子,多肉花园系列合集
Starbucks星巴克官方旗舰店 
星巴克 星巴克杯子 星巴克水杯 ",2024-06-11 11:09:05,794743133653,139186095,4,0,0,0,56,64,0,0,2,2,0.03125,0.0357142857142857,2,2,往期视频,,,否
1,2026,8月,多链接,2025年2月,505063576602,dbq，这款胶囊水獭杯实在是萌薯俺啦！,2025-02-02 12:05:00,"877351301580,844791620623,877078306528,874047718057,839177327998,819194884736",139186095,5,0,0,0,55,55,0,0,0,0,0,0,0,0,往期视频,,,否
1,2026,8月,爪爪天地,2026年7月,2601861414388048,chill小狗推盖杯~毛绒杯套软乎乎！,2026-07-02 20:00:00,1047737497582,139186095,5,0,0.2,0,55,60,0,0,2,2,0.0333333333333333,0.0363636363636364,0,0,往期视频,,,否
1,2026,8月,多链接,2021年10月,333173541115,"#双11来啦#下单快节奏，咖啡慢享受~
初始面值每张100元，红色氛围星礼卡充满了节日气氛
推上你的",2021-10-27 13:30:42,"654877380903,653914665109",139186095,3,0,0,0,55,61,1,1,1,1,0.0163934426229508,0.0181818181818182,1,1,往期视频,,,否
1,2026,8月,多链接,2024年12月,500824857519,棕金鎏光系列，喝水都自带高级感☕️,2024-12-31 09:46:00,"858198410140,864705538189,857925623593,839177327998,838638361962,838383662304",139186095,1,0,0,0,54,55,0,0,0,0,0,0,0,0,往期视频,,,否
1,2026,8月,小冰霸,2026年7月,1572607855070028,工位新宠✨迷你冰霸杯上线,2026-07-29 09:00:00,1066491598181,139186095,14,0,0.0666666666666667,0,53,61,0,0,2,2,0.0327868852459016,0.0377358490566038,1,1,往期视频,,,否
1,2026,8月,多链接,2025年1月,503047471045,♡₊⋆芜湖~🎀又买到了漂亮新年杯子！,2025-01-08 17:04:00,"869275512238,844790540125,724237071137,627741629614,655501925904,654877380903",139186095,1,0,0,0,53,56,0,0,0,0,0,0,0,0,往期视频,,,否
1,2026,8月,紫夜星河,2026年5月,564310264656,手握星河入梦来⭐,2026-05-10 18:00:00,1046766030024,139186095,1908,0,0.0788381742738589,0,52,70,1,1,0,0,0,0,7,7,AI短视频,,是,否
1,2026,8月,墨绿,2023年3月,401248717231,"星巴克杯子,墨绿色女神款玻璃
Starbucks星巴克官方旗舰店",2023-03-14 12:00:50,627415956439,139186095,7,0,0,0,51,55,0,0,3,3,0.0545454545454545,0.0588235294117647,1,1,往期视频,,,否
1,2026,8月,朋克芭蕾,2026年7月,647491148491054,被同事问爆...超有格调的马克杯🖤,2026-07-28 19:00:40,1062950936874,139186095,92,130,0.0288461538461538,0,49,54,2,2,1,1,0.0185185185185185,0.0204081632653061,7,3,往期视频,,,否
1,2026,8月,夏日甜品派对,2026年6月,1373147331045650,送人首选🎁冰淇淋毛绒杯套太软萌啦,2026-06-09 18:00:32,1046028731385,139186095,30,0,0.193548387096774,0,47,64,0,0,0,0,0,0,0,0,站内达人视频,,,否
1,2026,8月,墨绿,2023年6月,414153349008,星巴克杯子550ml墨绿色女神款玻璃杯,2023-06-10 17:00:57,627415956439,139186095,4,0,0,0,47,49,1,1,1,1,0.0204081632653061,0.0212765957446809,1,1,往期视频,,,否
1,2026,8月,紫夜星河,2026年5月,564789870446,背上星星杯套，来一场宇宙浪漫随行~💫,2026-05-15 20:00:00,1046766030024,139186095,0,0,0,0,47,49,0,0,0,0,0,0,0,0,种草短视频,桌面,是,否
1,2026,8月,春序纹样,2026年5月,564651752318,户外出行搭子|超实用小绿杯来啦！！,2026-05-14 12:12:00,1021387954591,139186095,315,0,0.0247933884297521,0,46,51,0,0,0,0,0,0,2,2,种草短视频,户外,是,否
1,2026,8月,多链接,2025年2月,507568529067,仙杯出没✨喝水届c位出道,2025-02-18 11:06:52,"750421994083,771671518084,792978475194,814063386832,818748783317",139186095,2,0,0,0,46,49,0,0,1,1,0.0204081632653061,0.0217391304347826,2,1,往期视频,,,否
1,2026,8月,爪爪天地,2026年6月,2870176563652878,🩵好喜欢我的小柯基新杯子！,2026-06-29 18:00:00,1047737497582,139186095,43,0,0,0,45,50,0,0,0,0,0,0,0,0,往期视频,,,否
1,2026,8月,0,2026年7月,571627771796,星巴克杯子星空蓝系列不锈钢杯合集经典高颜值学生办公桌面随手杯,2026-07-04 06:02:36,806031748312,139186095,0,0,0,0,45,53,0,0,0,0,0,0,0,0,往期视频,,,否
1,2026,8月,多链接,2025年2月,506495644742,💖粉萌来袭！保温小能手陪你甜蜜每一刻,2025-02-13 10:00:00,"877351301580,844791620623,869275512238,819194884736,811692780081,792978475194",139186095,4,0,0,0,43,47,0,0,1,1,0.0212765957446809,0.0232558139534884,1,1,往期视频,,,否
1,2026,8月,暮樱翩翩,2026年3月,555931593810,把春天装进杯子里了🌸一抹梦幻紫握在手心,2026-03-11 10:00:00,1022161108857,139186095,17,0,0,0,42,48,0,0,0,0,0,0,0,0,种草短视频,桌面,是,否
1,2026,8月,冰霸杯,2025年9月,533392462177,秋意系列|‼️一杯就能温柔暖阳揣身上啦☀,2025-09-09 21:00:06,919010228354,139186095,18,0,0,0,42,42,0,0,0,0,0,0,0,0,往期视频,,,否
1,2026,8月,墨绿,2023年6月,413939470841,这个杯子pyq出片率嘎嘎高！,2023-06-06 20:57:06,627415956439,139186095,4,0,0,0,42,47,0,0,0,0,0,0,2,1,往期视频,,,否
1,2026,8月,朋克芭蕾,2026年7月,3534880472350452,轻盈随行钛杯，品味不设限🖤,2026-07-28 18:00:19,1062950936874,139186095,7,0,0,0,41,46,0,0,1,1,0.0217391304347826,0.024390243902439,1,1,往期视频,,,否
1,2026,8月,多链接,2025年1月,502088653191,拥有了世界上最可爱的杯子,2025-01-04 09:03:00,"838306843610,839635946060,866468735070,866969773356,797213972204,628335395083",139186095,2,0,0,0,41,45,0,0,1,1,0.0222222222222222,0.024390243902439,0,0,往期视频,,,否
1,2026,8月,冰霸杯,2025年9月,532599055283,开箱VLOG|这个杯杯有点萌,2025-09-03 18:00:47,919010228354,139186095,1,0,0,0,41,42,0,0,0,0,0,0,0,0,往期视频,,,否
1,2026,8月,朋克芭蕾,2026年6月,667732253056241,星品上新|朋克芭蕾💥一杯装下叛逆与温柔,2026-06-30 12:30:37,1062950936874,139186095,4,0,0,0,38,43,0,0,1,1,0.0232558139534884,0.0263157894736842,1,1,AI短视频,,是,否
1,2026,8月,多链接,2025年1月,503900412921,本命年的你，🔥红红火火你接不接⁉️,2025-01-15 13:03:00,"844790540125,869275512238,874047718057,865663673191,864705538189,839635946060",139186095,3,0,0,0,38,38,0,0,1,1,0.0263157894736842,0.0263157894736842,0,0,往期视频,,,否
1,2026,8月,多链接,2025年1月,505324699029,完美颜值咖啡杯☕也是超酷的车搭子,2025-01-31 15:05:00,"797115438925,864705538189,858198410140,642508607188,874047718057",139186095,2,0,0,0,38,40,0,0,1,1,0.025,0.0263157894736842,1,1,往期视频,,,否
1,2026,8月,朋克芭蕾,2026年7月,216717508577528,⛓️这只双饮口杯把朋克风刻进DNA,2026-07-15 18:00:00,1062950936874,139186095,24,0,0,0,37,38,0,0,1,1,0.0263157894736842,0.027027027027027,0,0,往期视频,,,否
1,2026,8月,多链接,2025年2月,505324911620,咖啡好搭子！举手已就位！,2025-02-01 17:05:00,"750932511412,797115438925,858198410140,864705538189,874047718057,642508607188",139186095,4,0,0,0,37,38,0,0,2,2,0.0526315789473684,0.0540540540540541,1,1,往期视频,,,否
1,2026,8月,多链接,2023年11月,438671529131,入冬备货第一波——保温杯,2023-11-25 09:00:00,"750619859342,750619815394,731594844411,719627080512,730902598556,717941810930",139186095,3,0,0,0,37,40,0,0,1,1,0.025,0.027027027027027,0,0,往期视频,,,否
1,2026,8月,多链接,2025年1月,503305729547,客官留步！爆款墨水系列三角杯来啦！🌟,2025-01-10 14:11:42,"874047718057,696749690445,792978475194,797008463750,818748783317,682088671211",139186095,1,0,0,0,37,39,0,0,0,0,0,0,0,0,往期视频,,,否
1,2026,8月,马克杯合集,2025年12月,545704094856,熊店长推荐的超萌马克杯~,2025-12-13 21:00:00,979072431459,139186095,18,0,0,0,36,37,0,0,1,1,0.027027027027027,0.0277777777777778,0,0,图文,,,否
1,2026,8月,多链接,2025年1月,505161816572,🌵 ins风打卡必备！解锁你的绿色小确,2025-01-27 14:05:00,"794743133653,811692780081,847937239873,869275512238,792880543164,792978475194",139186095,2,0,0,0,35,36,0,0,0,0,0,0,0,0,往期视频,,,否
1,2026,8月,暮樱翩翩,2026年3月,555937885371,暮樱翩翩系列|小花花随行杯，通勤时刻也精致~,2026-03-10 10:45:00,1022161108857,139186095,119,0,0.113636363636364,0,34,36,0,0,0,0,0,0,0,0,种草短视频,桌面,是,否
1,2026,8月,多链接,2025年2月,506234921160,🐍萌蛇杯来袭～蛇年就要蛇蛇萌✨,2025-02-09 12:10:00,"869275512238,877078306528,877351301580,848277340906,811692780081,792880543164",139186095,3,0,0,0,34,37,0,0,0,0,0,0,0,0,往期视频,,,否
1,2026,8月,多链接,2025年1月,504179662638,本命年的你，🔥红红火火马克杯接不接⁉️,2025-01-16 12:04:00,"869275512238,844790540125,874047718057,865663673191,864705538189,845920762451",139186095,1,0,0,0,34,34,0,0,0,0,0,0,0,0,往期视频,,,否
1,2026,8月,钛杯,2026年1月,549478600331,便携爆闪钛杯，本颜控很满意！,2026-01-11 20:00:00,1006202362257,139186095,0,0,0,0,34,35,0,0,0,0,0,0,0,0,直播剪辑,,,否
1,2026,8月,多链接,2024年12月,500104758489,这款杯子未免也太酷了🎃,2024-12-21 16:30:00,"846202873310,839571262486,838383662304,792880543164,750619815394,719627080512",139186095,4,0,0,0,33,34,0,0,0,0,0,0,0,0,往期视频,,,否
1,2026,8月,夏日甜品派对,2026年6月,2039486480248151,🩷是心动啊~这只小兔杯真的甜到心坎！,2026-06-11 20:00:00,1046028731385,139186095,2,0,0,0,33,59,0,0,1,1,0.0169491525423729,0.0303030303030303,1,1,往期视频,,,否
1,2026,8月,活泼率,2024年4月,459930050312,"星巴克活泼绿系列上新，活力转场只用一杯
Starbucks星巴克官方旗舰店商品展示星巴克",2024-04-27 12:00:00,783054778948,139186095,0,0,0,0,33,44,0,0,0,0,0,0,0,0,往期视频,,,否
1,2026,8月,万花玫境,2026年3月,555940669593,万花玫境|我与春天有个约会~,2026-03-12 10:00:00,1020511554543,139186095,7,0,0,0,32,34,0,0,3,3,0.0882352941176471,0.09375,3,2,AI短视频,,是,否
1,2026,8月,活泼率,2024年5月,462523099422,"星巴克活泼绿系列,时尚保温杯便携更轻松
Starbucks星巴克官方旗舰店
星巴克 星巴克杯子 星巴",2024-05-13 12:08:25,783054778948,139186095,2,0,0,0,32,38,0,0,1,1,0.0263157894736842,0.03125,1,1,往期视频,,,否
1,2026,8月,暮樱翩翩,2026年5月,563713637367,是温柔到犯规的粉紫吸管杯~！🥤,2026-05-07 20:00:00,1022161108857,139186095,5,0,0,0,31,32,0,0,0,0,0,0,0,0,站内达人视频,,,否
1,2026,8月,多链接,2025年11月,542090591277,🍞吐司？马克杯？甜妹分不清楚,2025-11-14 18:00:00,"979072431459,979601890501,975069063377",139186095,2,0,0,0,31,37,0,0,0,0,0,0,0,0,站内达人视频,,,否
1,2026,8月,朋克芭蕾,2026年7月,4059344660253463,闪闪钛杯开箱𐙚‧₊°🖤喝水也要有态度,2026-07-25 18:00:00,1062950936874,139186095,25,0,0.423076923076923,0,30,35,0,0,0,0,0,0,0,0,往期视频,,,否
1,2026,8月,朋克芭蕾,2026年7月,4261345801461427,🍴酷飒链条双饮口杯直接击中我！,2026-07-26 18:00:00,1062950936874,139186095,2,0,0,0,30,34,0,0,1,1,0.0294117647058824,0.0333333333333333,1,1,往期视频,,,否
1,2026,8月,冰霸杯,2025年9月,533801138351,秋日喝水没它我真的不行🍂,2025-09-12 21:00:20,919010228354,139186095,1,0,0,0,30,30,0,0,0,0,0,0,0,0,往期视频,,,否
1,2026,8月,复古白绿,2026年3月,556349225661,星杯来袭|复古白绿系列，焕新经典美学🤩,2026-03-14 20:00:00,1023062168243,139186095,17,209,0,0,29,33,0,0,2,2,0.0606060606060606,0.0689655172413793,1,1,图文,,,否
1,2026,8月,0,2026年4月,472641324114,星巴克 美人鱼星礼卡 储值卡 过节送礼礼品卡 现金卡,2026-04-28 07:37:40,729876531417,139186095,2,0,0,0,29,43,0,0,1,1,0.0232558139534884,0.0344827586206897,0,0,往期视频,,,否
1,2026,8月,多肉花园,2024年5月,464787514444,"星巴克杯子,多肉花园系列合集
Starbucks星巴克官方旗舰店",2024-05-28 09:36:09,794743133653,139186095,1,0,0,0,29,30,0,0,1,1,0.0333333333333333,0.0344827586206897,1,1,往期视频,,,否
1,2026,8月,多链接,2024年4月,459884206865,一块儿去撒野吧~,2024-04-30 13:00:00,"677712264074,719627080512,731222743650,783054778948,768859684907,758706031897",139186095,3,0,0,0,28,28,0,0,0,0,0,0,0,0,往期视频,,,否
1,2026,8月,夏日甜品派对,2026年6月,3969653848119424,好温油的粉🍬双饮口甜品小兔杯,2026-06-17 18:00:00,1046028731385,139186095,1,0,1,0,28,29,0,0,0,0,0,0,0,0,往期视频,,,否
1,2026,8月,疾风竞野,2026年7月,573865904536,星巴克杯子世界杯足球疾风竞野系列玻璃杯不锈钢桌面杯,2026-07-15 12:54:17,1064356200654,139186095,0,0,0,0,27,32,0,0,0,0,0,0,0,0,往期视频,,,否
1,2026,8月,多链接,2022年5月,361734382988,"#618来啦#爱咖啡人士，不可错过的星礼卡
☕
618推出了特别款星礼卡
醒目的人鱼女神标识，经典的",2022-05-26 15:16:31,"674262887875,655876070950,643191002232,656090643717,655501925904",139186095,2,0,0,0,26,26,1,1,2,2,0.0769230769230769,0.0769230769230769,1,1,往期视频,,,否
1,2026,8月,多链接,2025年10月,539128694742,💙小熊@你，查收这只治愈杯杯,2025-10-24 20:00:00,"979072431459,979601890501",139186095,0,0,0,0,25,25,0,0,0,0,0,0,0,0,种草短视频,桌面,,否
1,2026,8月,爪爪天地,2026年7月,749168779296264,清凉吸管杯~一眼都心动💦,2026-07-25 20:00:00,1047737497582,139186095,1,0,0,0,24,27,0,0,2,2,0.0740740740740741,0.0833333333333333,1,1,往期视频,,,否
1,2026,8月,多链接,2025年1月,504862973836,棕金鎏光系列星杯来啦，男生水杯推荐,2025-01-26 09:00:00,"864705538189,858198410140,877351301580,877078306528,874047718057,865663673191",139186095,0,0,0,0,24,24,0,0,0,0,0,0,0,0,往期视频,,,否
1,2026,8月,#N/A,2022年12月,391035124987,starbucks/星巴克Starbucks星巴克官方旗舰店虫虫玻璃杯，双层玻璃，有创意高颜值~,2022-12-20 14:12:53,675697364556,139186095,0,0,0,0,24,26,0,0,0,0,0,0,0,0,往期视频,,,否
1,2026,8月,0,2026年6月,570857823757,星巴克 猫狗萌宠系列星礼卡 实体储值卡 送礼礼品卡,2026-06-25 11:08:17,628040602431,139186095,0,0,0,0,24,28,0,0,0,0,0,0,0,0,往期视频,,,否
1,2026,8月,爪爪天地,2026年7月,664899261272720,夏日出门🍥带上这只小狗水杯~,2026-07-11 12:00:00,1047737497582,139186095,24,0,0.142857142857143,0,23,27,0,0,1,1,0.037037037037037,0.0434782608695652,0,0,种草短视频,户外,,否
1,2026,8月,暮樱翩翩,2026年2月,554641374414,抓到一只靓杯！！春日心动+1,2026-02-28 18:00:00,1022161108857,139186095,10,0,0,0,23,25,0,0,1,1,0.04,0.0434782608695652,0,0,种草短视频,桌面,,否
1,2026,8月,爪爪天地,2026年7月,1198437245194560,捏捏小柴没烦恼！这个双饮口挂件杯太戳我了😝,2026-07-11 18:00:00,1047737497582,139186095,8,0,0.125,0,23,26,0,0,1,1,0.0384615384615385,0.0434782608695652,1,1,种草短视频,桌面,,否
1,2026,8月,疾风竞野,2026年7月,1398079028357855,看球搭子已上线！星巴克太懂球迷了👀,2026-07-17 18:00:00,1064356200654,139186095,0,0,0,0,23,25,0,0,0,0,0,0,0,0,往期视频,,,否
1,2026,8月,夏日甜品派对,2026年6月,4170631260686682,带这个杯子出门回头率百分百诶！！,2026-06-02 15:00:00,1046028731385,139186095,0,0,0,0,23,24,0,0,0,0,0,0,0,0,往期视频,,,否
1,2026,8月,多链接,2025年10月,537077641451,小熊甜品屋🧀秋日温暖营业中,2025-10-15 21:00:00,"979072431459,979601890501,975069063377",139186095,3,0,0,0,22,22,0,0,1,1,0.0454545454545455,0.0454545454545455,0,0,往期视频,,,否
1,2026,8月,多链接,2025年1月,504225415842,包好看的！是谁的桌面还没有这个杯杯！,2025-01-16 16:04:00,"858198410140,864705538189,856162521809,874047718057,869275512238,868856481373",139186095,1,0,0,0,22,24,0,0,0,0,0,0,0,0,往期视频,,,否
1,2026,8月,朋克芭蕾,2026年7月,3502008447079823,优雅or叛逆？这只马克杯来诠释！,2026-07-18 18:00:00,1062950936874,139186095,4,0,0,0,21,23,0,0,0,0,0,0,0,0,往期视频,,,否
1,2026,8月,多链接,2023年7月,417616433508,星巴克墨绿薄荷碰碰乐，你pick谁？,2023-07-04 15:26:56,"718570840547,655139904943,655589585782,655964034708,627415956439,628335395083",139186095,4,0,0,0,21,21,1,1,1,1,0.0476190476190476,0.0476190476190476,0,0,往期视频,,,否
1,2026,8月,冰霸杯,2026年7月,997145356385029,分享我的运动瑜伽好搭子🎀,2026-07-18 00:00:00,919010228354,139186095,4,0,0,0,21,24,0,0,0,0,0,0,0,0,往期视频,,,否
1,2026,8月,爪爪天地,2026年7月,3418201564466373,打工人离不开的美丽车载水杯💛,2026-07-09 18:00:23,1047737497582,139186095,3,0,0.333333333333333,0,21,23,0,0,0,0,0,0,0,0,往期视频,,,否
1,2026,8月,春序纹样,2026年5月,564321451462,超清新的桌面杯杯，它来啦！！,2026-05-13 11:00:00,1021387954591,139186095,3,0,0,0,21,27,0,0,0,0,0,0,0,0,种草短视频,桌面,是,否
1,2026,8月,多链接,2025年1月,504991244397,拆箱|这款薯条杯比装咖啡太赞了~,2025-01-25 17:00:00,"818748783317,731594844411,819194884736,696749690445,792978475194",139186095,2,0,0,0,21,22,1,1,0,0,0,0,0,0,往期视频,,,否
1,2026,8月,多链接,2025年1月,503347609823,绝美的白色浮雕马克杯很难不心动⚪️,2025-01-12 15:02:00,"874047718057,642170046560,866969773356,793157392053,718570840547,655589585782",139186095,1,0,0,0,21,21,0,0,1,1,0.0476190476190476,0.0476190476190476,1,1,往期视频,,,否
1,2026,8月,暮樱翩翩,2026年3月,555741079005,好杯分享|春游有这只小粉，活力值UP,2026-03-10 15:00:00,1022161108857,139186095,12,0,0.0833333333333333,0,20,21,0,0,0,0,0,0,0,0,种草短视频,车载,是,否
1,2026,8月,豹纹咖调,2026年8月,2965103864162014,星杯登场|豹纹咖调☕一杯装下慵懒与野性,2026-08-04 12:30:11,1072063993256,139186095,2,0,0,1,20,22,0,0,0,0,0,0,0,0,往期视频,,,否
1,2026,8月,复古白绿,2026年4月,558119846652,把星空装进杯子里🌠喝水的快乐又回来了,2026-04-01 18:00:00,1023062168243,139186095,2,0,0,0,20,22,0,0,1,1,0.0454545454545455,0.05,0,0,种草短视频,桌面,是,否
1,2026,8月,多链接,2025年1月,503439082899,星杯上线！你的桌面缺一款五彩斑斓的黑🖤,2025-01-11 11:00:00,"874047718057,761789212641,869275512238,865663673191,783054778948,811692780081",139186095,1,0,0,0,20,21,0,0,2,1,0.0952380952380952,0.05,0,0,往期视频,,,否
1,2026,8月,多链接,2024年12月,500822221865,今年星巴克是闪闪的棕金色❤️❤️❤️,2024-12-28 12:09:00,"858198410140,856162521809,866468539084,857925623593,845920762451,839766432783",139186095,0,0,0,0,20,20,0,0,0,0,0,0,0,0,往期视频,,,否
1,2026,8月,多链接,2024年12月,499549236519,我冲了！棕金鎏光马克杯！,2024-12-18 15:09:15,"858198410140,856162521809,861904226848,628335395083,748197625962,793157392053",139186095,3,0,0,0,19,21,1,1,1,1,0.0476190476190476,0.0526315789473684,3,1,往期视频,,,否
1,2026,8月,多链接,2025年1月,504874753802,🌟星动杯子|是时候加「杯」糖分了🧬,2025-01-22 17:00:00,"877351301580,844791620623,865663673191,874047718057,847250101854,847937239873",139186095,1,0,0,0,19,19,0,0,0,0,0,0,0,0,往期视频,,,否
1,2026,8月,多链接,2025年1月,505003410332,海浪造型杯身，爱心与咖啡豆奔涌而来~,2025-01-24 14:00:00,"877351301580,844791620623,874047718057,877078306528,847250101854",139186095,1,0,0,0,19,19,1,2,1,1,0.0526315789473684,0.0526315789473684,0,0,往期视频,,,否
1,2026,8月,朋克芭蕾,2026年7月,3575100788658584,芭蕾吸管杯|灰调里的粉色甜梦🎀,2026-07-16 20:00:28,1062950936874,139186095,13,0,0.0555555555555556,0,18,19,0,0,0,0,0,0,0,0,往期视频,,,否
1,2026,8月,冰霸杯,2026年7月,3806391287021421,夏日小甜杯已就位！🧊🍥,2026-07-13 18:00:11,"1047737497582,919010228354,792880543164",139186095,2,0,0,0,18,19,0,0,0,0,0,0,0,0,往期视频,,,否
1,2026,8月,多链接,2025年1月,502394734052,太好啦，是大容量星杯，过年长途有救啦！,2025-01-05 19:02:00,"846189691200,845920762451,789565745991,792880543164,750619815394,783054778948",139186095,0,0,0,0,18,18,0,0,0,0,0,0,0,0,往期视频,,,否
1,2026,8月,冰霸杯,2025年9月,535068182370,选一个星杯，天凉好chill,2025-09-23 18:00:00,919010228354,139186095,5,0,0,0,17,17,0,0,0,0,0,0,0,0,往期视频,,,否
1,2026,8月,朋克芭蕾,2026年7月,4502715374051319,子母冰霸杯|一杯两喝，甜酷两不误🖤💗,2026-07-23 18:00:28,1062950936874,139186095,3,0,0,0,17,18,0,0,0,0,0,0,0,0,往期视频,,,否
1,2026,8月,小冰霸,2026年7月,775784988125359,收到闺蜜送的超貌美小冰霸杯！~🎁,2026-07-22 18:00:04,1066491598181,139186095,3,0,0,0,17,18,0,0,0,0,0,0,0,0,往期视频,,,否
1,2026,8月,多链接,2025年2月,506744130635,🐍萌趣无限！喝水也要个性十足😎,2025-02-15 09:05:00,"844790540125,869275512238,874047718057,839251551593,844791620623,877351301580",139186095,0,0,0,0,17,17,0,0,0,0,0,0,0,0,往期视频,,,否
1,2026,8月,小冰霸,2026年7月,4258150907782367,粉粉迷你冰霸❤615ml刚刚好,2026-07-23 20:00:07,1066491598181,139186095,0,0,0,0,17,18,0,0,0,0,0,0,0,0,往期视频,,,否
1,2026,8月,万花玫境,2026年3月,557979262851,星杯贴贴|680ml装下玫瑰花园🌹,2026-03-29 18:00:00,1020511554543,139186095,2,0,0,0,16,17,0,0,0,0,0,0,0,0,种草短视频,桌面,是,否
1,2026,8月,小冰霸,2026年7月,2554616411308658,615ml晶粉小冰霸⭐已上线,2026-07-21 18:00:41,1066491598181,139186095,1,0,0,0,16,18,0,0,1,1,0.0555555555555556,0.0625,0,0,往期视频,,,否
1,2026,8月,朋克芭蕾,2026年7月,1238554261775666,甜酷钛杯⛓️彰显酷女孩的态度,2026-07-20 20:00:33,1062950936874,139186095,0,0,0,0,16,17,0,0,0,0,0,0,0,0,往期视频,,,否
1,2026,8月,冰霸杯,2025年9月,533652496722,是可以随身携带的一杯秋日~,2025-09-10 21:00:39,919010228354,139186095,20,0,0,0,15,15,0,0,0,0,0,0,0,0,往期视频,,,否
1,2026,8月,爪爪天地,2026年7月,2930765109858995,腊肠马克杯|每人能抗拒这句YESFRIDAY！,2026-07-07 20:00:55,1047737497582,139186095,2,0,0,0,15,15,0,0,0,0,0,0,0,0,往期视频,,,否
1,2026,8月,春序纹样,2026年4月,561759560156,春天和新杯子更配！这只随行杯上还有🍃,2026-04-20 20:00:21,1021387954591,139186095,2,0,0,0,15,16,0,0,1,1,0.0625,0.0666666666666667,0,0,站内达人视频,,,否
1,2026,8月,多链接,2021年12月,341751079454,"红杯季 | 有多少星粉盼望的红杯季到来了~
今年星巴克推出了红杯挂饰，挂饰上是从2016年到2021",2021-12-14 12:27:16,"655589757416,655501925904,655051720611",139186095,2,0,0,0,15,15,0,0,2,2,0.133333333333333,0.133333333333333,2,2,往期视频,,,否
1,2026,8月,0,2026年5月,565139894151,星巴克杯子穿普拉达的女王系列不锈钢杯礼盒马克杯合集,2026-05-18 10:40:22,1021388298332,139186095,0,0,0,0,15,16,0,0,0,0,0,0,0,0,往期视频,,,否
1,2026,8月,钛杯,2026年7月,1967119375690908,星动假日|户外必备☁向云端出发,2026-07-19 12:00:00,1006202362257,139186095,2,0,0,0,14,18,0,0,2,2,0.111111111111111,0.142857142857143,0,0,往期视频,,,否
1,2026,8月,疾风竞野,2026年7月,2294117107361418,@所有球迷⚽举杯致敬每一个当下,2026-07-19 18:00:00,1064356200654,139186095,0,0,0,0,14,15,0,0,0,0,0,0,0,0,往期视频,,,否
1,2026,8月,朋克芭蕾,2026年7月,3192129647601903,星品开箱|分享一对绝美甜酷马克杯🎟️,2026-07-14 18:00:00,1062950936874,139186095,0,0,0,0,14,15,0,0,1,1,0.0666666666666667,0.0714285714285714,0,0,往期视频,,,否
1,2026,8月,夏日甜品派对,2026年6月,3049424309644444,奶油格纹蝴蝶结🎀夏天爱用拎拎杯,2026-06-16 20:00:49,1046028731385,139186095,4,0,0,0,13,14,0,0,1,1,0.0714285714285714,0.0769230769230769,0,0,往期视频,,,否
1,2026,8月,夏日甜品派对,2026年6月,1068290967916339,粉白蝴蝶结杯碟组🎀是初夏的温柔,2026-06-26 18:00:40,1046028731385,139186095,3,0,0.8,0,13,16,0,0,0,0,0,0,0,0,往期视频,,,否
1,2026,8月,多链接,2025年1月,503718312835,473ml墨水系列三角杯🎁,2025-01-13 12:53:58,"874047718057,858198410140,845920762451,819194884736,814063386832,818748783317",139186095,1,0,0,0,13,13,0,0,0,0,0,0,0,0,往期视频,,,否
1,2026,8月,多链接,2021年11月,335508041394,#双11巅峰倒计时#还有两天，双11全面开启！先加购，再领券，年度星品，尽在此刻！下面开始划重点👇,2021-11-09 10:21:33,"655589873025,655875982545,660099106175,655964034708,654288872320,653914665109",139186095,1,0,0,0,13,14,0,0,1,1,0.0714285714285714,0.0769230769230769,1,1,往期视频,,,否
1,2026,8月,冰霸杯,2026年7月,3238485402842027,🌸晶粉小冰霸|极简高级感拿捏了,2026-07-16 18:00:53,919010228354,139186095,0,0,0,0,13,15,0,0,0,0,0,0,0,0,往期视频,,,否
1,2026,8月,0,2023年11月,438766385896,被薄荷绿温柔住啦,2023-11-26 09:00:00,750619859342,139186095,0,0,0,0,13,13,0,0,0,0,0,0,0,0,往期视频,,,否
1,2026,8月,暮樱翩翩,2026年5月,562789550213,彩虹🌈穿在杯子上~女神爱用杯,2026-05-06 20:00:00,1022161108857,139186095,63,0,0.0273972602739726,0,12,12,0,0,0,0,0,0,1,1,站内达人视频,,,否
1,2026,8月,春日晴空,2026年7月,1234233171133078,🩰格子蝴蝶结+珠链！这杯是甜妹本命,2026-07-06 19:00:22,768886743103,139186095,7,0,0,0,12,14,0,0,0,0,0,0,0,0,往期视频,,,否
1,2026,8月,多链接,2024年5月,464199967865,618来啦 | 桌面多了一片海,2024-05-25 13:00:00,"787225917736,797269176300,797213972204,797073674425,796999927172,792880543164",139186095,3,0,0,0,12,12,0,0,0,0,0,0,0,0,往期视频,,,否
1,2026,8月,多链接,2025年1月,504714373812,什么？不仅有杯盖，还有红色爱心把手！🍬,2025-01-20 11:51:39,"877351301580,844791620623,745013247948,793157392053,797213972204,628335395083",139186095,2,0,0,0,12,12,0,0,1,1,0.0833333333333333,0.0833333333333333,1,1,往期视频,,,否
1,2026,8月,0,2026年7月,106182980082780,星巴克杯子340ml墨绿色条纹女神铭牌马克杯礼物带手柄陶瓷桌面杯,2026-07-28 03:57:18,1068269677605,139186095,1,0,0,0,12,12,0,0,0,0,0,0,0,0,往期视频,,,否
1,2026,8月,多链接,2023年7月,417830697318,星巴克 | 家居清凉日活动开启,2023-07-06 09:39:19,"724920604029,723913637342,724228499042,723680500659,723680200476,713370573460",139186095,1,0,0,0,12,12,1,1,1,1,0.0833333333333333,0.0833333333333333,0,0,往期视频,,,否
1,2026,8月,爪爪天地,2026年7月,2172314230064614,🧊被这只躺平修勾吸管杯拿捏了！💨,2026-07-02 15:00:00,"1047738209197,1047737497582",139186095,1,0,0,0,11,12,0,0,0,0,0,0,0,0,往期视频,,,否
1,2026,8月,雾野系列,2024年6月,467608154537,"星巴克雾野系列,高颜值水杯
Starbucks星巴克官方旗舰店星巴克 星巴克杯子 ",2024-06-14 10:44:01,794572511612,139186095,1,0,0,0,11,11,0,0,0,0,0,0,0,0,往期视频,,,否
1,2026,8月,多链接,2025年1月,504049599964,潮流预警！美拉德系桌面杯杯来袭~,2025-01-15 16:03:00,"858198410140,864705538189,856162521809,874047718057,857925623593,851008764306",139186095,0,0,0,0,11,11,0,0,0,0,0,0,0,0,往期视频,,,否
1,2026,8月,多链接,2025年1月,504053144407,2025快乐！你的节日搭子在这等你召唤！,2025-01-17 10:04:00,"858198410140,864705538189,856162521809,874047718057,869275512238,868856481373",139186095,0,0,0,0,11,11,0,0,0,0,0,0,0,0,往期视频,,,否
1,2026,8月,夏日甜品派对,2026年7月,1044333457793194,没人能拒绝这只甜品小兔挂链杯吧！🍬🍨,2026-07-12 18:00:00,1046028731385,139186095,0,0,0,0,11,12,0,0,0,0,0,0,0,0,往期视频,,,否
1,2026,8月,冰霸杯,2025年9月,534111811109,随行补水秘籍👍就这个冰霸杯 爽💪,2025-09-15 18:00:00,792880543164,139186095,0,0,0,0,11,11,0,0,0,0,0,0,0,0,往期视频,,,否
1,2026,8月,暮樱翩翩,2026年3月,556103000886,星杯贴贴|超实用樱花保温杯，它来啦！,2026-03-11 13:00:00,1022161108857,139186095,88,0,0.147368421052632,0,10,12,1,1,0,0,0,0,0,0,种草短视频,桌面,是,否
1,2026,8月,紫夜星河,2026年5月,566563774324,自带清冷滤镜✨360ml保温杯配爆闪杯套,2026-05-27 18:00:00,1046766030024,139186095,25,0,0.0384615384615385,0,10,15,0,0,1,1,0.0666666666666667,0.1,0,0,种草短视频,桌面,是,否
1,2026,8月,爪爪天地,2026年7月,392855811130599,拆一个超创意腊肠杯盖马克杯~！,2026-07-10 18:00:00,1047737497582,139186095,2,0,0,0,10,10,0,0,0,0,0,0,0,0,往期视频,,,否
1,2026,8月,爪爪天地,2026年6月,1453535300193625,爪爪天地马克杯🧀萌力来袭！,2026-06-24 18:00:00,1047737497582,139186095,1,0,0,0,10,10,0,0,0,0,0,0,0,0,往期视频,,,否
1,2026,8月,冰霸杯,2026年7月,509318374085053,甜度满分🎀白粉渐变冰霸杯,2026-07-12 12:00:00,"919010228354,792880543164",139186095,0,0,0,0,10,11,0,0,1,1,0.0909090909090909,0.1,0,0,往期视频,,,否
1,2026,8月,多链接,2025年1月,503519623236,墨水灰配色杯身，简约且经典,2025-01-12 17:00:00,"874047718057,856162521809,858198410140",139186095,0,0,0,0,10,11,0,0,0,0,0,0,0,0,往期视频,,,否
1,2026,8月,多链接,2025年1月,503879453372,入冬的仪式感，鎏金杯给你装满~,2025-01-15 10:03:00,"858198410140,864705538189,856162521809,874047718057,869275512238,628335395083",139186095,0,0,0,0,10,11,0,0,0,0,0,0,0,0,往期视频,,,否
1,2026,8月,多链接,2025年11月,541853453191,建议星子开甜品店！这设计太会了🍞,2025-11-12 18:00:00,"975069063377,979072431459,979601890501",139186095,0,0,0,0,10,10,0,0,0,0,0,0,0,0,种草短视频,桌面,,否
1,2026,8月,春序纹样,2026年4月,562476422866,赴一个春日之约💚喝水也变浪漫,2026-04-28 18:00:00,1021387954591,139186095,283,0,0.07981220657277,1,9,11,0,0,1,1,0.0909090909090909,0.111111111111111,0,0,站内达人视频,,,否
1,2026,8月,复古白绿,2026年3月,557970307148,小绿吸管杯，解锁春天好心情！！,2026-03-26 16:24:43,1023062168243,139186095,42,0,0.226415094339623,0,9,9,0,0,0,0,0,0,0,0,种草短视频,桌面,是,否
1,2026,8月,紫夜星河,2026年5月,566563655442,将这片银河浪漫留在掌心💜,2026-05-29 20:00:00,1046766030024,139186095,38,0,0.0512820512820513,0,9,14,0,0,0,0,0,0,0,0,直播剪辑,,,否
1,2026,8月,多链接,2025年6月,523708312733,夏日清新暴击💦星杯热卖推荐,2025-06-18 15:01:08,"934064185857,929497006605,923450300919,917941084736,914102934273",139186095,1,0,0,0,9,10,0,0,2,1,0.2,0.111111111111111,0,0,往期视频,,,否
1,2026,8月,冰霸杯,2025年10月,536045275640,wow~桌面比我率先5G入秋🤎,2025-10-06 21:00:00,919010228354,139186095,1,0,0,0,9,9,0,0,0,0,0,0,0,0,往期视频,,,否
1,2026,8月,紫夜星河,2026年6月,711463651430533,冰霸杯|坠入紫夜，星河滚烫 🌠,2026-06-08 18:00:26,1046766030024,139186095,1,0,0,0,9,14,0,0,1,1,0.0714285714285714,0.111111111111111,0,0,种草短视频,室内其他,是,否
1,2026,8月,多链接,2024年5月,464006694530,618来啦 | 海边的浪漫☀️照到桌面,2024-05-24 10:00:00,"796999927172,787225917736,792880543164,797213972204",139186095,1,0,0,0,9,9,0,0,0,0,0,0,0,0,往期视频,,,否
1,2026,8月,爪爪天地,2026年7月,482049174931307,柯基屁屁作杯套~这杯好特别！,2026-07-03 18:00:00,"1047738209197,1047737497582",139186095,0,0,0,0,9,10,0,0,0,0,0,0,0,0,种草短视频,桌面,,否
1,2026,8月,多链接,2025年2月,506003388729,💌情人节限定✨水獭双饮杯，甜度MAX,2025-02-06 15:18:40,"877351301580,844791620623,877078306528,839571154549,793157392053,718570840547",139186095,0,0,0,0,9,10,0,0,0,0,0,0,0,0,往期视频,,,否
1,2026,8月,多链接,2025年2月,506454693646,蓝色控必buy单品，我的梦幻baby蓝！,2025-02-10 16:33:07,"792880543164,787157134735,768487709253,818748783317,847937239873,792978475194",139186095,0,0,0,0,9,10,0,0,0,0,0,0,0,0,往期视频,,,否
1,2026,8月,多链接,2025年1月,503914746503,星巴克奶油风小熊挂件拍了拍你,2025-01-14 09:02:00,"869275512238,839635946060,838306843610,611334517984,655140308004,679555392055",139186095,0,0,0,0,9,9,0,0,0,0,0,0,0,0,往期视频,,,否
1,2026,8月,0,2022年5月,361816129086,"#618来啦#用星之选，记录美好
📸
这套星礼卡的每一张卡面
都记录了不同星巴克门店的剪影风采
巧",2022-05-30 11:24:48,656090643717,139186095,0,0,0,0,9,9,0,0,0,0,0,0,0,0,往期视频,,,否
1,2026,8月,薄荷绿系列,2024年5月,464204015082,618来啦 | 此刻🌌为你闪耀,2024-05-25 15:00:00,792978475194,139186095,0,0,0,0,9,9,0,0,0,0,0,0,0,0,往期视频,,,否
1,2026,8月,多肉花园,2024年9月,480209368911,欢迎光临我的治愈系多肉桌面,2024-09-06 14:00:00,794743133653,139186095,0,0,0,0,9,9,0,0,0,0,0,0,0,0,往期视频,,,否
1,2026,8月,多肉花园,2025年5月,519171215356,水杯就应该是这么可爱的！💚绿色粉色好适合夏天呀~,2025-05-17 09:05:00,794743133653,139186095,0,0,0,0,9,9,0,0,0,0,0,0,0,0,往期视频,,,否
1,2026,8月,冰霸杯,2025年9月,533791055207,提升幸福感的粉嫩杯杯！是TA！,2025-09-14 21:00:00,792880543164,139186095,0,0,0,0,9,9,0,0,0,0,0,0,0,0,往期视频,,,否
1,2026,8月,暮樱翩翩,2026年5月,562869045491,落樱吸管杯|春夏就要用透明杯杯！！,2026-05-04 20:00:00,1022161108857,139186095,0,0,0,0,9,10,0,0,0,0,0,0,0,0,站内达人视频,,,否
1,2026,8月,复古白绿,2026年3月,557975914262,⭐星杯分享|小绿吸管杯，解锁春日好心情,2026-03-27 20:00:00,1023062168243,139186095,7,0,0,0,8,8,0,0,0,0,0,0,0,0,种草短视频,桌面,,否
1,2026,8月,万花玫境,2026年4月,559496068448,万花保温杯|你的随行好搭子已上线！,2026-04-05 20:00:00,1020511554543,139186095,3,0,0,0,8,8,0,0,0,0,0,0,0,0,站内达人视频,,,否
1,2026,8月,冰霸杯,2025年9月,533799846305,与秋意周年杯的温暖邂逅✨,2025-09-12 18:00:15,919010228354,139186095,2,0,0,0,8,9,0,0,0,0,0,0,0,0,往期视频,,,否
1,2026,8月,夏日甜品派对,2026年6月,1345239624619573,435ml双饮口杯|夏日甜心出街必备！🍦,2026-06-25 20:00:08,1046028731385,139186095,1,0,0,0,8,8,0,0,0,0,0,0,0,0,往期视频,,,否
1,2026,8月,春日晴空,2026年5月,3134601184052991,把薄荷味的春天捧在手心👐,2026-05-16 18:00:00,768886743103,139186095,1,0,0,0,8,8,0,0,0,0,0,0,0,0,往期视频,,,否
1,2026,8月,复古白绿,2026年3月,556359006295,复古白绿系列|貌美又实用的吸管杯来喽！,2026-03-14 12:00:00,1023062168243,139186095,1,0,0,0,8,9,0,0,0,0,0,0,0,0,直播剪辑,,,否
1,2026,8月,爪爪天地,2026年7月,1404985257787759,开箱一个貌美小狗马克杯･ิϖ･ิ,2026-07-04 18:00:00,"1047738209197,1047737497582",139186095,0,0,0,0,8,8,0,0,0,0,0,0,0,0,往期视频,,,否
1,2026,8月,冰霸杯,2026年7月,4256499501063821,甜妹的夏天车载杯🎀你们选好了吗？,2026-07-05 12:00:00,"919010228354,792880543164",139186095,0,0,0,0,8,8,0,0,0,0,0,0,0,0,往期视频,,,否
1,2026,8月,多链接,2025年2月,508677692517,会“魔法”的玻璃杯✨遇冷就变色哟,2025-02-25 15:22:00,"887348604427,887984893409,890132555712,792978475194,696749690445,794572699207",139186095,0,0,0,0,8,9,0,0,0,0,0,0,0,0,往期视频,,,否
1,2026,8月,多链接,2025年1月,503290760110,星巴克墨水系列上新，pick你的新年搭子,2025-01-10 12:15:29,"874047718057,642170058962,627416100233,865663673191,869275512238,839571154549",139186095,0,0,0,0,8,8,0,0,0,0,0,0,0,0,往期视频,,,否
1,2026,8月,0,2023年12月,441125454737,年终好价节 | 尊滴好清新,2023-12-10 09:00:00,750619859342,139186095,0,0,0,0,8,8,0,0,0,0,0,0,0,0,往期视频,,,否
1,2026,8月,墨绿,2024年3月,455525763454,"星巴克杯子,墨绿色女神款玻璃
Starbucks星巴克官方旗舰店 
星巴克 星巴克杯子 星巴克水杯 ",2024-03-27 15:21:29,627415956439,139186095,0,0,0,0,8,8,0,0,0,0,0,0,0,0,往期视频,,,否
1,2026,8月,豹纹咖调,2026年8月,2990450034509419,星巴克杯子豹纹咖调系列钛杯双饮口不锈钢保温杯合集,2026-08-05 11:43:29,1072063993256,139186095,272,0,0,0,7,7,0,0,0,0,0,0,0,0,往期视频,,,否
1,2026,8月,冰霸杯,2026年6月,948266942511831,一眼爱上这个珍珠白高级随行杯🤍,2026-06-30 18:00:04,"919010228354,792880543164",139186095,60,0,0.114754098360656,0,7,9,0,0,0,0,0,0,0,0,种草短视频,车载,是,否
1,2026,8月,爪爪天地,2026年6月,22750415957762,萌化了！荡秋千の喜乐蒂马克杯💨,2026-06-23 20:00:07,1047737497582,139186095,57,0,0,0,7,7,0,0,0,0,0,0,0,0,站内达人视频,,,否
1,2026,8月,复古白绿,2026年4月,560771392674,🌿上课通勤都认准这个美式复古拎拎杯！,2026-04-13 20:00:22,1023062168243,139186095,39,0,0.0681818181818182,0,7,10,0,0,0,0,0,0,1,1,往期视频,,,否
1,2026,8月,朋克芭蕾,2026年7月,2881259874524220,星品上新|这杯黑粉撞色太懂反叛少女心💥,2026-07-03 12:00:00,1062950936874,139186095,1,0,0.5,0,7,7,0,0,0,0,0,0,11,1,AI短视频,,,否
1,2026,8月,多链接,2024年5月,463248616776,618来啦 | 人生啊，总会爱上一朵花,2024-05-22 12:00:00,"713370573460,792978475194",139186095,1,0,0,0,7,7,0,0,0,0,0,0,0,0,往期视频,,,否
1,2026,8月,多链接,2024年4月,456342535045,换季时不要忘记多喝热水噢🧐,2024-04-04 13:00:00,"768920723912,758730142200,758998496165,750619859342,755280512897,734309987226",139186095,1,0,0,0,7,7,0,0,2,1,0.285714285714286,0.142857142857143,0,0,往期视频,,,否
1,2026,8月,多链接,2025年2月,506774947022,💖情人节专属！粉色保温杯，爱意满满！,2025-02-14 10:05:00,"844790540125,794743133653,869275512238,792978475194,792880543164,794572511612",139186095,0,0,0,0,7,8,0,0,0,0,0,0,0,0,往期视频,,,否
1,2026,8月,多链接,2025年1月,505022287154,棕金鎏光系列星杯来啦，男生水杯推荐,2025-01-27 09:00:00,"864705538189,858198410140,877351301580,877078306528,874047718057,865663673191",139186095,0,0,0,0,7,8,0,0,0,0,0,0,0,0,往期视频,,,否
1,2026,8月,朋克芭蕾,2026年7月,3805539160926387,朋克芭蕾系列|酷女孩的优雅自带棱角🖤,2026-07-02 18:00:00,1062950936874,139186095,0,0,0,0,7,7,0,0,0,0,0,0,0,0,往期视频,,,否
1,2026,8月,朋克芭蕾,2026年7月,4067678297979954,朋克芭蕾系列|🖤拿捏甜酷风 🩷,2026-07-01 20:00:00,1062950936874,139186095,0,0,0,0,7,7,0,0,0,0,0,0,0,0,往期视频,,,否
1,2026,8月,多链接,2024年5月,461738402543,带杯咖啡💦海边漫步,2024-05-09 10:28:20,"787225917736,792880543164,792880627282,793039481137,793035921658,787118103631",139186095,0,0,0,0,7,7,0,0,0,0,0,0,0,0,往期视频,,,否
1,2026,8月,多链接,2024年5月,463631991789,618来啦 | get你的星动好物,2024-05-21 09:00:00,"797269336603,723691840162,713370573460,797269176300,793157164657,792978475194",139186095,0,0,0,0,7,7,0,0,0,0,0,0,0,0,往期视频,,,否
1,2026,8月,多链接,2024年3月,453846409078,"时间差不多咯，再不健身天就热咯
Starbucks星巴克官方旗舰店 ",2024-03-19 13:40:59,"677712264074,766129705991,761789212641,627416180278,758730142200,724228499042",139186095,0,0,0,0,7,7,0,0,0,0,0,0,0,0,往期视频,,,否
1,2026,8月,冰霸杯,2026年6月,2891322027254712,炎炎夏日里最亮眼的一抹粉！💓,2026-06-27 12:00:00,"919010228354,792880543164",139186095,44,0,0.217391304347826,0,6,7,0,0,0,0,0,0,0,0,往期视频,,,否
1,2026,8月,夏日甜品派对,2026年6月,3756203435118632,挖到一个宝藏少女心保温杯礼盒~！🎁,2026-06-28 18:00:00,1046028731385,139186095,4,0,0.5,0,6,7,0,0,0,0,0,0,0,0,往期视频,,,否
1,2026,8月,夏日甜品派对,2026年6月,2702521104265054,☀️你的夏日出游搭子，选好了吗~,2026-06-21 12:00:00,1046028731385,139186095,2,0,0,0,6,6,0,0,0,0,0,0,0,0,往期视频,,,否
1,2026,8月,多链接,2025年1月,502372334969,新年膳魔师派对保温杯! 太好看啦~🧧,2025-01-05 11:02:00,"866969773356,866468735070,845920762451,846189691200,839251551593,819081853597",139186095,1,0,0,0,6,6,0,0,0,0,0,0,0,0,往期视频,,,否
1,2026,8月,万花玫境,2026年3月,555525197529,万花玫境|碎花杯杯，点亮桌面时刻,2026-03-09 20:12:00,1020511554543,139186095,1,0,0,0,6,6,0,0,0,0,0,0,0,0,种草短视频,桌面,是,否
1,2026,8月,夏日甜品派对,2026年5月,566736230223,新品膳魔师🧊粉蓝色保温杯太甜噜！,2026-05-27 15:00:00,1046028731385,139186095,1,0,0,0,6,6,0,0,0,0,0,0,0,0,种草短视频,桌面,是,否
1,2026,8月,多链接,2024年6月,467186849759,618 | 终于找到实用的健身杯啦,2024-06-13 10:05:22,"793039481137,790237182432,792880543164,783054778948,750421994083,797269336603",139186095,1,0,0,0,6,6,0,0,0,0,0,0,0,0,往期视频,,,否
1,2026,8月,经典绿,2023年6月,417521966282,星巴克杯子薄荷绿系列马克杯,2023-06-30 16:25:43,718570840547,139186095,0,0,0,0,6,6,0,0,0,0,0,0,0,0,往期视频,,,否
1,2026,8月,经典绿,2024年3月,452495688713,"星巴克薄荷绿杯,小清新保温杯
Starbucks星巴克官方旗舰店
星巴克  星巴克杯子 星巴克水杯 ",2024-03-12 13:00:00,718570840547,139186095,0,0,0,0,6,6,0,0,0,0,0,0,0,0,往期视频,,,否
1,2026,8月,#N/A,2026年4月,459463244442,Starbucks星巴克 精选系列星礼卡 实体储值卡 送礼礼品卡,2026-04-28 10:34:31,553531548399,139186095,0,0,0,0,6,7,0,0,0,0,0,0,0,0,往期视频,,,否
1,2026,8月,0,2026年5月,459606800733,星巴克 万圣系列星礼卡 实体储值卡 过节送礼礼品卡现金卡,2026-05-07 09:07:36,656215559452,139186095,0,0,0,0,6,8,0,0,0,0,0,0,0,0,往期视频,,,否
1,2026,8月,多链接,2024年7月,473050064775,高温无法抵挡户外心！,2024-07-22 13:00:00,"794633402528,793972817226,793039481137,792880543164,790237182432,787254986277",139186095,0,0,0,0,6,6,0,0,0,0,0,0,0,0,往期视频,,,否
1,2026,8月,冰霸杯,2025年9月,535364650183,💘甜酷暴击！渐变吸管杯一整个爱住,2025-09-26 21:00:00,792880543164,139186095,0,0,0,0,6,6,0,0,0,0,0,0,0,0,往期视频,,,否
1,2026,8月,薄荷绿系列,2025年10月,539310720840,🌬️清透的薄荷海,2025-10-24 18:31:51,792978475194,139186095,0,0,0,0,6,7,0,0,0,0,0,0,0,0,往期视频,,,否
1,2026,8月,马克杯合集,2025年12月,544596096900,萌到心颤💛布丁杯也太会了吧！,2025-12-03 21:00:00,979072431459,139186095,0,0,0,0,6,6,0,0,0,0,0,0,0,0,站内达人视频,,,否
1,2026,8月,多链接,2024年12月,499893822750,棕金的吸管杯简直就是天选漂亮杯🤍,2024-12-20 09:08:00,"861904226848,858198410140,819194884736,818748783317,789565745991,771671518084",139186095,0,0,0,0,6,7,0,0,0,0,0,0,0,0,往期视频,,,否
1,2026,8月,多链接,2021年8月,322943552452,"秋日将至，气温也要开始走下坡咯，是否缺一只趁手的保温杯，星小编安利高颜值清新保温杯，长效保温，贴心每一天~
",2021-08-23 20:00:00,"648767407916,648410474769,642508607188,642170058962,628335295172,627416164193",139186095,0,0,0,0,6,6,0,0,0,0,0,0,0,0,往期视频,,,否
1,2026,8月,不锈钢吸管杯,2026年4月,560628547079,经典永不过时！这款薯条杯太美啦,2026-04-16 18:00:00,818748783317,139186095,20,0,0.4,0,5,7,0,0,0,0,0,0,0,0,直播剪辑,,,否
1,2026,8月,夏日甜品派对,2026年5月,566887002855,甜甜吸管杯|杯盖里藏了个甜品party🍧,2026-05-29 18:00:00,1046028731385,139186095,15,0,0,0,5,5,0,0,0,0,0,0,0,0,种草短视频,桌面,是,否
1,2026,8月,薄荷绿系列,2026年5月,70090409176544,炎炎夏日，少不了这个玻璃杯~🌸,2026-05-16 20:00:00,792978475194,139186095,9,0,0,0,5,6,0,0,0,0,0,0,0,0,直播剪辑,,,否
1,2026,8月,冰霸杯,2026年6月,908219895363761,🐶带着我的爪爪冰霸杯~粗去丸,2026-06-20 20:00:00,"919010228354,792880543164",139186095,6,0,0,0,5,5,0,0,0,0,0,0,0,0,站内达人视频,,,否
1,2026,8月,爪爪天地,2026年6月,933104971283559,🌭腊肠犬被做成热狗！这只马克杯太创意啦,2026-06-22 18:00:11,"1047737497582,1047738209197",139186095,5,0,0.142857142857143,0,5,5,0,0,0,0,0,0,0,0,站内达人视频,,,否
1,2026,8月,春序纹样,2026年4月,561492274317,春序马克杯🍃把春天装在杯子里,2026-04-20 18:00:22,1021387954591,139186095,5,0,0,0,5,5,0,0,0,0,0,0,0,0,站内达人视频,,,否
1,2026,8月,冰霸杯,2026年6月,8653562550106,喝水都冒粉红泡泡🫧星动告白冰霸杯,2026-06-19 20:00:00,"919010228354,792880543164",139186095,4,0,0,0,5,5,0,0,0,0,0,0,0,0,站内达人视频,,,否
1,2026,8月,爪爪天地,2026年6月,1363885794737043,🧊夏天喝水好适合用这个冰霸杯🌀,2026-06-23 18:00:02,1047737497582,139186095,3,0,0.333333333333333,0,5,5,0,0,0,0,0,0,0,0,往期视频,,,否
1,2026,8月,多链接,2025年1月,504709252694,我宣布，这才是我情人节的心动Crush,2025-01-20 12:01:52,"877351301580,844791620623,869275512238,792880543164,790237182432",139186095,2,0,0,0,5,5,0,0,0,0,0,0,0,0,往期视频,,,否
1,2026,8月,冰霸杯,2026年6月,2311386599762190,樱雾奶白🍥这是仙女用的杯子吧！！！,2026-06-15 20:00:23,"919010228354,792880543164",139186095,1,0,0,0,5,5,0,0,0,0,0,0,0,0,站内达人视频,,,否
1,2026,8月,爪爪天地,2026年6月,2688652231551752,回头率百分百的修勾马克杯来噜,2026-06-21 18:00:00,"1047737497582,1047738209197",139186095,1,0,0,0,5,6,0,0,0,0,0,0,0,0,往期视频,,,否
1,2026,8月,多链接,2025年1月,503483423469,是谁拥有了星巴克公主下午茶系列的小熊🎀,2025-01-12 10:02:00,"838306843610,839635946060,869275512238,611334517984,679555392055,787242506000",139186095,1,0,0,0,5,6,0,0,0,0,0,0,0,0,往期视频,,,否
1,2026,8月,爪爪天地,2026年6月,1417590986078694,揣着腊肠去喝水🐾这只杯子太萌噜,2026-06-19 18:00:00,"1047738209197,1047737497582",139186095,0,0,0,0,5,5,0,0,0,0,0,0,0,0,往期视频,,,否
1,2026,8月,爪爪天地,2026年6月,2035447539237075,家有毛孩子都无法抗拒的马克杯💨,2026-06-20 18:00:00,"1047738209197,1047737497582",139186095,0,0,0,0,5,6,0,0,0,0,0,0,0,0,往期视频,,,否
1,2026,8月,多链接,2025年2月,506239305161,🐾萌宠马克杯🐾，喝水都有好心情🥰,2025-02-09 16:03:00,"845920762451,819081853597,839177327998,839251551593,877351301580,730747622472",139186095,0,0,0,0,5,5,0,0,0,0,0,0,0,0,往期视频,,,否
1,2026,8月,多链接,2025年2月,506641239089,🌸春日限定！粉嫩杯子陪你浪漫出行🌸,2025-02-12 09:04:00,"877351301580,844791620623,847937239873,844790540125,792880543164,818748783317",139186095,0,0,0,0,5,5,0,0,0,0,0,0,0,0,往期视频,,,否
1,2026,8月,活泼率,2024年5月,463387801013,"星巴克活泼绿系列保温杯
Starbucks星巴克官方旗舰店 
星巴克 星巴克杯子 星巴克水杯618 ",2024-05-21 13:43:16,783054778948,139186095,0,0,0,0,5,5,0,0,1,1,0.2,0.2,1,1,往期视频,,,否
1,2026,8月,多链接,2025年1月,503285174557,蛇年星杯吨吨壶驾到！吨吨补水‼️,2025-01-09 12:18:40,"869275512238,844790540125,792880543164,798222879266,684475113258,839766432783",139186095,0,0,0,0,5,5,0,0,0,0,0,0,0,0,往期视频,,,否
1,2026,8月,多链接,2025年1月,503312181476,蛇年杯子，吨吨大容量+粉色提绳！🌸,2025-01-10 16:41:30,"869275512238,844790540125,855842566556,874047718057,798222879266,684475113258",139186095,0,0,0,0,5,7,0,0,0,0,0,0,0,0,往期视频,,,否
1,2026,8月,多链接,2025年1月,504869419238,435ml不锈钢保温杯，小巧保温杯之选！,2025-01-20 11:06:03,"844791620623,877351301580,750619859342,758813967495,811692780081,877078306528",139186095,0,0,0,0,5,5,0,0,0,0,0,0,0,0,往期视频,,,否
1,2026,8月,夏日甜品派对,2026年6月,2235361247615507,🧁挖到一个宝藏小羊梳梳杯🐏,2026-06-29 20:00:00,1046028731385,139186095,0,0,0,0,5,6,0,0,0,0,0,0,0,0,往期视频,,,否
1,2026,8月,墨绿,2022年10月,380740415607,星巴克墨绿系列保温杯，立体棱面杯身，细节感满满~,2022-10-07 09:00:00,642170058962,139186095,0,0,0,0,5,5,0,0,0,0,0,0,0,0,往期视频,,,否
1,2026,8月,咖啡宝藏,2023年12月,441361227218,"星巴克宝藏杯,咖啡流金款合集",2023-12-08 13:31:59,750932511412,139186095,0,0,0,0,5,6,0,0,0,0,0,0,0,0,往期视频,,,否
1,2026,8月,多链接,2024年8月,475649950549,吨吨喝，让心情大放异彩,2024-08-06 10:54:34,"792880543164,789565745991",139186095,0,0,0,0,5,5,0,0,0,0,0,0,0,0,往期视频,,,否
1,2026,8月,多链接,2024年5月,463420341750,618来啦 | 夏日挂件——清透星杯,2024-05-22 14:00:00,"792978475194,797044679430,797073674425,793157608448,750421994083",139186095,0,0,0,0,5,5,0,0,0,0,0,0,0,0,往期视频,,,否
1,2026,8月,冰霸杯,2025年10月,536114282853,share🍄‍🟫通勤杯杯也可以是出片神器,2025-10-04 21:00:00,919010228354,139186095,0,0,0,0,5,5,0,0,0,0,0,0,0,0,往期视频,,,否
1,2026,8月,复古白绿,2026年3月,558366108305,复古白绿系列 |实用拎拎杯，适配N种日常,2026-03-26 14:16:37,1023062168243,139186095,0,0,0,0,5,5,0,0,0,0,0,0,0,0,种草短视频,户外,,否
1,2026,8月,夏日甜品派对,2026年5月,565537391983,这个星星奶油杯甜度超标了叭՞•･•՞,2026-05-20 15:00:43,1046028731385,139186095,0,0,0,0,5,5,0,0,0,0,0,0,0,0,种草短视频,桌面,是,否
1,2026,8月,冰霸杯,2026年4月,559819815739,永远为经典系列冰霸杯反复心动💓,2026-04-11 20:00:00,792880543164,139186095,191,0,0.224390243902439,0,4,5,0,0,0,0,0,0,0,0,站内达人视频,,,否
1,2026,8月,夏日甜品派对,2026年5月,2369443894230436,夏日甜品新品|垂耳兔的精致下午茶🐰,2026-05-17 12:00:00,1046028731385,139186095,26,0,0.0357142857142857,0,4,5,0,0,0,0,0,0,1,1,往期视频,,,否
1,2026,8月,夏日甜品派对,2026年6月,1368881205001480,夏日出行新宠🍃薄荷蓝随行杯好米！,2026-06-27 15:00:00,1046028731385,139186095,19,0,0.05,0,4,6,0,0,0,0,0,0,0,0,种草短视频,户外,是,否
1,2026,8月,万花玫境,2026年4月,559250544562,珠串小粉杯，解锁春日心动时刻~,2026-04-04 18:00:00,1020511554543,139186095,5,0,0,0,4,4,0,0,0,0,0,0,0,0,站内达人视频,,,否
1,2026,8月,春序纹样,2026年5月,564602356679,⭐星杯分享|超靓小绿杯，解锁夏日咖啡时刻,2026-05-11 11:44:01,1021387954591,139186095,3,0,0,0,4,4,0,0,0,0,0,0,0,0,种草短视频,桌面,是,否
1,2026,8月,紫夜星河,2026年5月,566695971404,🤍紫夜浪漫尽在这杯900ml冰霸杯,2026-05-29 16:00:00,1046766030024,139186095,3,0,0,0,4,5,0,0,0,0,0,0,0,0,站内达人视频,,,否
1,2026,8月,爪爪天地,2026年6月,4330051248697175,星杯新品|来爪爪乐园，把修勾带回家~,2026-06-12 18:00:31,1047737497582,139186095,2,0,0.25,0,4,4,0,0,0,0,0,0,0,0,往期视频,,,否
1,2026,8月,夏日甜品派对,2026年6月,2834077136677420,夏天补水💓用这只1189ml粉粉冰霸杯叭,2026-06-15 18:00:17,1046028731385,139186095,2,0,0,0,4,4,0,0,0,0,0,0,0,0,站内达人视频,,,否
1,2026,8月,多链接,2025年2月,506582818081,九款大容量星杯！总有一款戳中你~,2025-02-11 12:04:00,"847937239873,792880543164,818748783317,819194884736,787157134735,790237182432",139186095,1,0,0,0,4,4,0,0,0,0,0,0,0,0,往期视频,,,否
1,2026,8月,夏日甜品派对,2026年6月,2804661746784372,🍬挖到一只超甜蝴蝶结拎手杯！🎀,2026-06-22 20:00:35,1046028731385,139186095,1,0,0,0,4,4,0,0,0,0,0,0,0,0,往期视频,,,否
1,2026,8月,活泼率,2024年5月,462509511527,出游季到，相约去打球吧,2024-05-14 11:00:00,783054778948,139186095,1,0,0,0,4,4,0,0,1,1,0.25,0.25,0,0,往期视频,,,否
1,2026,8月,暮樱翩翩,2026年4月,560770584746,这个超浪漫的炫彩陶瓷杯也太哇塞了！🌠,2026-04-13 18:00:31,1022161108857,139186095,1,0,0,0,4,5,0,0,0,0,0,0,0,0,站内达人视频,,,否
1,2026,8月,爪爪天地,2026年6月,1354484815178930,杯子里长出一只喜乐蒂来啦！,2026-06-18 18:00:10,"1047738209197,1047737497582",139186095,0,0,0,0,4,4,0,0,0,0,0,0,0,0,站内达人视频,,,否
1,2026,8月,爪爪天地,2026年6月,3684976059642999,爪爪荡秋千，打工人的治愈小确幸🐶,2026-06-17 20:00:00,"1047738209197,1047737497582",139186095,0,0,0,0,4,4,0,0,0,0,0,0,0,0,往期视频,,,否
1,2026,8月,爪爪天地,2026年6月,446647795066196,腊肠作杯盖？355ml马克杯萌出新高度！,2026-06-18 20:00:53,"1047738209197,1047737497582",139186095,0,0,0,0,4,4,0,0,0,0,0,0,0,0,站内达人视频,,,否
1,2026,8月,多链接,2025年2月,505119862198,这一杯温柔指数拉满✨,2025-02-05 19:04:00,"818748783317,731594844411,847937239873,819194884736,771671518084,787157134735",139186095,0,0,0,0,4,4,0,0,0,0,0,0,0,0,往期视频,,,否
1,2026,8月,多链接,2025年2月,506497253820,💖粉嫩新宠！双饮口不锈钢杯，喝水也时尚,2025-02-15 13:04:00,"877351301580,844791620623,819194884736,797008367787,792978475194,792880543164",139186095,0,0,0,0,4,4,0,0,0,0,0,0,0,0,往期视频,,,否
1,2026,8月,多链接,2025年2月,508220491564,🌸樱花盛开在你的指尖|立体樱花马克杯,2025-02-22 12:00:00,"887348604427,887984893409,890132555712,819194884736,792880543164,877078306528",139186095,0,0,0,0,4,4,0,0,0,0,0,0,0,0,往期视频,,,否
1,2026,8月,紫夜星河,2026年5月,1030513967340728,星品开箱⭐|谁能抗拒这抹女神紫！,2026-05-30 20:00:00,1046766030024,139186095,0,0,0,0,4,4,0,0,0,0,0,0,0,0,往期视频,,,否
1,2026,8月,爪爪天地,2026年6月,1180828967116093,这个腊肠随行杯萌之！🐾,2026-06-28 12:00:00,1047737497582,139186095,0,0,0,0,4,5,0,0,0,0,0,0,0,0,往期视频,,,否
1,2026,8月,爪爪天地,2026年6月,1184460795874049,腊肠修勾随行杯🥞养宠人的天选杯杯,2026-06-24 20:00:00,1047737497582,139186095,0,0,0,0,4,4,0,0,1,1,0.25,0.25,0,0,往期视频,,,否
1,2026,8月,夏日甜品派对,2026年6月,1676493059014655,冰淇淋保温杯🎁收到一个超少女心的礼盒~！,2026-06-13 18:00:00,1046028731385,139186095,0,0,0,0,4,4,0,0,0,0,0,0,0,0,往期视频,,,否
1,2026,8月,墨绿,2022年7月,371393443174,"星巴克杯子,喝水也要仪式感",2022-07-29 13:24:13,627415956439,139186095,0,0,0,0,4,4,0,0,0,0,0,0,0,0,往期视频,,,否
1,2026,8月,墨绿,2022年10月,382090946209,星巴克墨绿女神杯，经典热门款，一眼入坑系列,2022-10-18 09:00:00,627415956439,139186095,0,0,0,0,4,4,0,0,0,0,0,0,0,0,往期视频,,,否
1,2026,8月,墨绿,2023年6月,413578617259,星巴克墨绿色水杯超有质感~,2023-06-06 20:55:41,627415956439,139186095,0,0,0,0,4,4,0,0,0,0,0,0,0,0,往期视频,,,否
1,2026,8月,墨绿,2023年9月,427794463975,"星巴克杯子,墨绿色女神款玻璃
Starbucks星巴克官方旗舰店星巴克杯子",2023-09-12 14:11:41,627415956439,139186095,0,0,0,0,4,4,0,0,0,0,0,0,0,0,往期视频,,,否
1,2026,8月,墨绿,2023年10月,433705530400,"Starbucks星巴克官方旗舰店星巴克墨绿色保温杯,精致又高级
",2023-10-24 15:48:25,642170058962,139186095,0,0,0,0,4,4,0,0,0,0,0,0,0,0,往期视频,,,否
1,2026,8月,多链接,2024年9月,480206868575,干杯 节日快乐！,2024-09-06 11:00:06,"750619859342,813639153681,794572511612,731594844411",139186095,0,0,0,0,4,4,0,0,0,0,0,0,0,0,往期视频,,,否
1,2026,8月,多链接,2024年6月,465562865624,618 | 甜心杯营业啦,2024-06-03 10:26:37,"696749690445,792978475194",139186095,0,0,0,0,4,4,0,0,2,1,0.5,0.25,0,0,往期视频,,,否
1,2026,8月,#N/A,2026年4月,546620593396,星巴克杯子雪耀奇境系列冰霸杯马克杯不锈钢吸管杯,2026-04-18 07:34:44,996246192610,139186095,0,0,0,0,4,4,0,0,0,0,0,0,0,0,往期视频,,,否
1,2026,8月,万花玫境,2026年3月,555342352081,万花玫境|来一杯超浪漫下午茶~,2026-03-05 20:00:00,1020511554543,139186095,0,0,0,0,4,4,0,0,0,0,0,0,0,0,种草短视频,桌面,是,否
1,2026,8月,多链接,2024年12月,499724042793,歪个楼！这款杯子太适合我的谷子了💖,2024-12-18 15:59:29,"742286236624,838306843610,839635946060,847250101854,818748783317,819194884736",139186095,0,0,0,0,4,4,0,0,0,0,0,0,0,0,往期视频,,,否
1,2026,8月,多链接,2024年12月,500632876387,质感满满，这一杯专属于你,2024-12-27 10:24:00,"858198410140,861904226848,750619859342,642508607188,627416100233,628335395083",139186095,0,0,0,0,4,4,0,0,0,0,0,0,0,0,往期视频,,,否
1,2026,8月,多链接,2023年6月,417210115142,你喝水时最好不要像在韦斯·安德森电影里,2023-06-25 13:34:03,"627415956439,641446468144,628335395083,712608458716",139186095,0,0,0,0,4,4,0,0,0,0,0,0,0,0,往期视频,,,否
1,2026,8月,多链接,2021年12月,342794607423,"【双旦礼遇季，全场5折起】🎅🏼今年的节日，让星巴克帮你装扮吧🎄
代表了不同年份的节日挂饰🔔?",2021-12-23 20:00:00,"655589757416,655501925904,655051720611",139186095,0,0,0,0,4,4,0,0,0,0,0,0,0,0,往期视频,,,否
1,2026,8月,暮樱翩翩,2026年3月,555875890131,车载杯推荐|这一抹暮樱紫，美观又实用嘞！！,2026-03-09 18:22:32,1022161108857,139186095,138,0,0.031055900621118,0,3,3,0,0,0,0,0,0,0,0,种草短视频,车载,,否
1,2026,8月,春日晴空,2026年4月,561955972134,超美！把薄荷曼波格纹穿在杯子上🌿,2026-04-22 20:00:00,768886743103,139186095,82,0,0.263157894736842,0,3,3,0,0,0,0,0,0,0,0,站内达人视频,,,否
1,2026,8月,夏日甜品派对,2026年5月,566039606080,800ml蝴蝶结拎拎杯~夏日甜度超标啦🍦,2026-05-23 20:00:00,1046028731385,139186095,17,0,0,0,3,3,0,0,0,0,0,0,0,0,站内达人视频,,,否
1,2026,8月,夏日甜品派对,2026年6月,2400128569895885,挖到宝了！出游带上这只超甜冰霸杯叭~🍥,2026-06-13 20:00:00,1046028731385,139186095,13,0,0,0,3,3,0,0,0,0,0,0,0,0,往期视频,,,否
1,2026,8月,暮樱翩翩,2026年4月,560136752913,这是仙女用的马克杯吧🌸,2026-04-10 18:00:00,1022161108857,139186095,8,0,0.25,0,3,3,0,0,0,0,0,0,0,0,站内达人视频,,,否
1,2026,8月,暮樱翩翩,2026年4月,560989774667,为樱花季而生的一只杯子...太美了,2026-04-18 18:00:00,1022161108857,139186095,6,0,0,0,3,3,0,0,0,0,0,0,0,0,站内达人视频,,,否
1,2026,8月,紫夜星河,2026年6月,3816976997308608,夏天必备冰霸杯🧊再忙也别忘了喝水！,2026-06-10 20:00:37,1046766030024,139186095,6,0,0,0,3,3,0,0,0,0,0,0,0,0,往期视频,,,否
1,2026,8月,夏日甜品派对,2026年6月,423314398824563,🐇夏天用这个透明小兔吸管杯会不会太甜了！！,2026-06-10 18:00:00,1046028731385,139186095,5,0,0,0,3,3,0,0,0,0,0,0,0,0,站内达人视频,,,否
1,2026,8月,爪爪天地,2026年6月,3818415623654920,狗狗教请举手🙋‍你的修勾们在等你~！,2026-06-14 15:00:00,1047737497582,139186095,4,0,0.2,0,3,3,0,0,0,0,0,0,0,0,直播剪辑,,,否
1,2026,8月,爪爪天地,2026年6月,141467627646521,快把萌物爪爪带回家，陪你解压一夏🐾,2026-06-08 20:00:46,1047737497582,139186095,3,0,0.333333333333333,0,3,4,0,0,0,0,0,0,0,0,直播剪辑,,,否
1,2026,8月,多链接,2025年1月,503501711380,用一杯咖啡开启美好de一天吧,2025-01-10 17:25:40,"750932511412,797115438925,874047718057,869275512238,797269092544,792880543164",139186095,3,0,0,0,3,3,0,0,1,1,0.333333333333333,0.333333333333333,1,1,往期视频,,,否
1,2026,8月,爪爪天地,2026年6月,3339938594389628,星品上新|🐾爪爪天地化身职场嘴替来噜！,2026-06-03 12:00:00,1047737497582,139186095,2,0,0,0,3,3,0,0,0,0,0,0,0,0,往期视频,,,否
1,2026,8月,冰霸杯,2026年6月,2948971548138559,✨颜值超高的900ml粉蓝车载冰霸杯！,2026-06-05 20:00:00,"919010228354,792880543164",139186095,1,0,0,0,3,3,0,0,0,0,0,0,0,0,往期视频,,,否
1,2026,8月,墨绿,2022年12月,390108218532,星巴克经典墨绿保温杯，旋转开口即时畅饮，经典大气外观，适合送给男友或爸爸~,2022-12-07 11:06:59,642170058962,139186095,1,0,0,0,3,3,0,0,0,0,0,0,0,0,往期视频,,,否
1,2026,8月,紫夜星河,2026年5月,4106057638326599,当紫夜星河遇到了900ml冰霸杯🎆,2026-05-31 18:00:00,1046766030024,139186095,1,0,0.333333333333333,0,3,3,0,0,0,0,0,0,0,0,往期视频,,,否
1,2026,8月,夏日甜品派对,2026年6月,4259079042952987,对不起我真的很需要这个透明小熊杯！🐻,2026-06-05 14:00:00,1046028731385,139186095,1,0,0,0,3,3,0,0,0,0,0,0,0,0,往期视频,,,否
1,2026,8月,夏日甜品派对,2026年6月,82107736046741,糖果冰霸杯🍬哪个甜妹还没拥有！,2026-06-12 20:00:48,1046028731385,139186095,1,0,0,0,3,3,0,0,0,0,0,0,0,0,站内达人视频,,,否
1,2026,8月,冰霸杯,2026年6月,1858629424292436,夏天需要多巴胺水杯💛🩵,2026-06-06 12:00:00,"919010228354,792880543164",139186095,0,0,0,0,3,3,0,0,0,0,0,0,0,0,往期视频,,,否
1,2026,8月,多链接,2025年2月,506751441691,💖粉萌水獭杯，保温又俏皮💖,2025-02-13 09:05:00,"844791620623,877351301580,877078306528,811692780081,790237182432,792880543164",139186095,0,0,0,0,3,3,0,0,0,0,0,0,0,0,往期视频,,,否
1,2026,8月,多链接,2025年2月,507146190110,💖心动马克杯，让爱意每日相伴,2025-02-15 09:04:00,"844791620623,877351301580,839177327998,793157392053",139186095,0,0,0,0,3,3,0,0,0,0,0,0,0,0,往期视频,,,否
1,2026,8月,多链接,2025年2月,507710643268,又遇到心动crush了,2025-02-18 14:08:34,"750421994083,731594844411,819194884736,818748783317",139186095,0,0,0,0,3,3,0,0,0,0,0,0,0,0,往期视频,,,否
1,2026,8月,多链接,2025年1月,503341005700,买到了喜欢的星巴克乙巳蛇年新杯子✔,2025-01-11 15:03:00,"869275512238,844790540125,874047718057,865663673191,856162521809,818748783317",139186095,0,0,0,0,3,3,0,0,0,0,0,0,0,0,往期视频,,,否
1,2026,8月,多链接,2025年1月,503924980109,今日开箱！宝藏杯用来装咖啡真的咔咔好使~,2025-01-15 14:03:00,"750932511412,797115438925,867939431192,874047718057,868856481373,864705538189",139186095,0,0,0,0,3,3,0,0,0,0,0,0,0,0,往期视频,,,否
1,2026,8月,多链接,2025年1月,504039358735,9m，新年就是要介个红白CP杯🔴才对味,2025-01-15 12:04:00,"869275512238,844790540125,874047718057,865663673191,864705538189,845920762451",139186095,0,0,0,0,3,3,0,0,0,0,0,0,0,0,往期视频,,,否
1,2026,8月,多链接,2025年1月,504865664861,泡一杯冬日美颜茶就用它啦~,2025-01-23 10:00:00,"864705538189,858198410140,847937239873,819194884736,829013142907,818748783317",139186095,0,0,0,0,3,3,0,0,0,0,0,0,0,0,往期视频,,,否
1,2026,8月,多链接,2025年1月,504874788419,星相伴系列双饮口不锈钢杯800ml,2025-01-24 12:26:00,"877351301580,844791620623,792880543164,787157134735,768487709253,847937239873",139186095,0,0,0,0,3,3,0,0,0,0,0,0,0,0,往期视频,,,否
1,2026,8月,夏日甜品派对,2026年6月,360769318824366,少女心爆棚💓800ml蝴蝶结拎拎杯,2026-06-11 18:00:00,1046028731385,139186095,0,0,0,0,3,3,0,0,0,0,0,0,0,0,站内达人视频,,,否
1,2026,8月,夏日甜品派对,2026年6月,424127899965440,拎这只蝴蝶结杯杯🎀回头率好高,2026-06-14 20:00:00,1046028731385,139186095,0,0,0,0,3,3,0,0,0,0,0,0,0,0,站内达人视频,,,否
1,2026,8月,0,2024年1月,445908770378,"星巴克保温杯,送礼必备
Starbucks星巴克官方旗舰店",2024-01-10 13:37:45,750619859342,139186095,0,0,0,0,3,3,0,0,0,0,0,0,0,0,往期视频,,,否
1,2026,8月,薄荷绿系列,2024年5月,463835583044,618来啦 | 松弛一点✨恰当好处,2024-05-22 11:30:00,792978475194,139186095,0,0,0,0,3,3,0,0,0,0,0,0,0,0,往期视频,,,否
1,2026,8月,0,2026年4月,465047353913,星巴克 冬季典藏系列星礼卡 实体储值卡过节送礼礼品卡现金卡,2026-04-28 08:04:58,687136221235,139186095,0,0,0,0,3,4,0,0,0,0,0,0,0,0,往期视频,,,否
1,2026,8月,雾野系列,2024年5月,465124023250,"星巴克雾野系列,超有质感的杯子
Starbucks星巴克官方旗舰店
星巴克 星巴克杯子 星巴克水杯 ",2024-05-29 09:40:02,794572511612,139186095,0,0,0,0,3,3,0,0,0,0,0,0,0,0,往期视频,,,否
1,2026,8月,0,2026年4月,472801572443,星巴克 萌宠系列星礼卡 实体储值卡过节送礼礼品卡现金卡,2026-04-28 09:49:30,656267683348,139186095,0,0,0,0,3,4,0,0,0,0,0,0,0,0,往期视频,,,否
1,2026,8月,多肉花园,2024年9月,483543456216,星巴克多肉花园系列随行杯,2024-09-26 09:00:00,794743133653,139186095,0,0,0,0,3,4,0,0,0,0,0,0,0,0,往期视频,,,否
1,2026,8月,多肉花园,2024年11月,490974452665,双11来啦|星巴克多肉系列随行杯,2024-11-04 10:35:00,794743133653,139186095,0,0,0,0,3,3,0,0,0,0,0,0,0,0,往期视频,,,否
1,2026,8月,多肉花园,2025年1月,502798206620,水杯内卷也太严重！多肉杯好会！,2025-01-06 10:48:20,794743133653,139186095,0,0,0,0,3,3,0,0,0,0,0,0,0,0,往期视频,,,否
1,2026,8月,多链接,2024年6月,467261675490,618 | 拜托，它有蝴蝶结诶,2024-06-11 11:08:17,"792978475194,696749690445",139186095,0,0,0,0,3,3,0,0,0,0,0,0,0,0,往期视频,,,否
1,2026,8月,春序纹样,2026年4月,557705135798,星巴克杯子春序纹样系列合集马克杯双饮口不锈钢桌面杯,2026-04-17 20:41:16,1021387954591,139186095,0,0,0,0,3,3,0,0,0,0,0,0,0,0,往期视频,,,否
1,2026,8月,复古白绿,2026年3月,557973898105,⭐星杯分享|随身一杯，春日氛围感UP！,2026-03-27 18:00:00,1023062168243,139186095,0,0,0,0,3,3,0,0,0,0,0,0,0,0,种草短视频,桌面,是,否
1,2026,8月,#N/A,2026年6月,570112205082,星巴克爪爪天地系列吸管塞盲盒,2026-06-21 11:26:56,1046595371057,139186095,0,0,0,0,3,3,0,0,0,0,0,0,0,0,往期视频,,,否
1,2026,8月,多链接,2023年2月,398274853751,是杯控更是绿色控,2023-02-22 17:00:28,"656356899156,656356371790,654729177845,642508647066,593731938196,627415956439",139186095,0,0,0,0,3,3,0,0,0,0,0,0,0,0,往期视频,,,否
1,2026,8月,多链接,2022年3月,352412485336,"回温清新礼！给这个春天，注入一丝清爽气息~
starbucks/星巴克经典星杯，看不厌的杯型，经典的",2022-03-23 09:03:11,"627415956439,628335395083,641446468144,584133556485,593731550184,611901749561",139186095,0,0,0,0,3,3,0,0,0,0,0,0,0,0,往期视频,,,否
1,2026,8月,多链接,2021年5月,311042519825,"关于爱的想象，我们往往可以用颜色来表达
_x000D_是甜蜜的淡粉，还是热烈的艳红
_x000D_是清新的鹅黄，还是神秘的浓",2021-05-19 09:36:32,"641446468144,642170046560,642170058962,642508607188,642508647066,641446388668",139186095,0,0,0,0,3,3,0,0,0,0,0,0,0,0,往期视频,,,否
1,2026,8月,多链接,2021年11月,335886873628,"#双11狂欢全场5折起#星粉请注意，双11正式开启！
惊喜一：0点开始首小时，部分星杯折上再9折，秒",2021-11-11 00:14:38,"660099106175,656356899156,656356715166,656356447294,653914665109,648767923567",139186095,0,0,0,0,3,3,0,0,0,0,0,0,0,0,往期视频,,,否
1,2026,8月,爪爪天地,2026年6月,567462109411,星巴克杯子爪爪天地系列双饮口不锈钢保温杯玻璃吸管杯马克杯合集,2026-06-01 11:15:30,1047737497582,139186095,36,0,0,0,2,2,0,0,0,0,0,0,0,0,往期视频,,,否
1,2026,8月,春日晴空,2026年4月,561393856160,春日仪式感|少女心爆棚的小粉杯💓,2026-04-19 18:00:00,768886743103,139186095,18,0,0.05,0,2,2,0,0,0,0,0,0,0,0,站内达人视频,,,否
1,2026,8月,0,2026年4月,472641564075,星巴克 喵星人工坊之旅星礼卡系列 实体储值卡 送礼礼品卡,2026-04-28 08:03:47,628040482572,139186095,12,0,0,0,2,2,0,0,0,0,0,0,0,0,往期视频,,,否
1,2026,8月,马克杯合集,2026年4月,537936706748,星巴克杯子简约马克杯合集个性陶瓷办公室水杯,2026-04-17 17:51:31,979072431459,139186095,8,0,0,0,2,2,0,0,0,0,0,0,0,0,往期视频,,,否
1,2026,8月,暮樱翩翩,2026年4月,562376900583,谁懂啊！这个355ml杯子把极光穿在身上了！,2026-04-27 20:00:00,1022161108857,139186095,4,0,0.0526315789473684,0,2,36,0,0,16,1,0.444444444444444,0.5,0,0,站内达人视频,,,否
1,2026,8月,多链接,2023年6月,416432228880,星巴克系列——后宫星嬛传（一）,2023-06-27 18:14:14,"712162832940,718570840547,677712264074,709746953219,712608458716",139186095,4,0,0.0833333333333333,0,2,2,0,0,0,0,0,0,0,0,往期视频,,,否
1,2026,8月,春日晴空,2026年5月,563902728385,办公通勤好搭子~ins风格纹保温杯☁,2026-05-08 18:00:00,768886743103,139186095,3,0,0,0,2,2,0,0,1,1,0.5,0.5,2,1,站内达人视频,,,否
1,2026,8月,0,2026年4月,472640112188,星巴克 品牌主题款星礼卡套装 实体储值卡 现金储值卡送礼礼品卡,2026-04-30 09:11:32,656090643717,139186095,2,0,0,0,2,2,0,0,0,0,0,0,0,0,往期视频,,,否
1,2026,8月,爪爪天地,2026年6月,1276186809595144,超“肠”待机杯🐾搅拌棒是骨头？！,2026-06-04 18:00:00,1047737497582,139186095,1,0,0.5,0,2,2,0,0,0,0,0,0,1,1,往期视频,,,否
1,2026,8月,夏日甜品派对,2026年6月,3418148157282182,挖到一个超甜挂链小兔杯🐇,2026-06-09 20:00:10,1046028731385,139186095,1,0,0,0,2,2,0,0,0,0,0,0,0,0,往期视频,,,否
1,2026,8月,经典绿,2023年12月,441953115800,想买保温杯的进！,2023-12-12 17:00:00,718570840547,139186095,1,0,0,0,2,2,0,0,0,0,0,0,0,0,往期视频,,,否
1,2026,8月,0,2026年5月,563583918451,星巴克杯子只此青绿系列质感保温杯马克杯不锈钢桌面杯,2026-05-07 10:20:38,1047515529213,139186095,1,0,0,0,2,2,0,0,0,0,0,0,0,0,往期视频,,,否
1,2026,8月,夏日甜品派对,2026年5月,565751842941,送礼季太适合选这个星杯礼盒了吧！！🎁,2026-05-21 20:00:00,1046028731385,139186095,1,0,0,0,2,2,0,0,0,0,0,0,0,0,站内达人视频,,,否
1,2026,8月,多链接,2024年12月,500806176898,冬天来了‼️大口补水才是正经事~,2024-12-29 09:28:00,"858198410140,838306843610,814954480765,818748783317,819194884736,813639153681",139186095,1,0,0,0,2,2,0,0,0,0,0,0,0,0,往期视频,,,否
1,2026,8月,多链接,2025年2月,506382799904,🐍萌蛇出动，运动补水新宠儿💧,2025-02-10 09:07:00,"877078306528,869275512238,844791620623,794572511612,792978475194,792880543164",139186095,0,0,0,0,2,2,0,0,0,0,0,0,0,0,往期视频,,,否
1,2026,8月,多链接,2025年2月,506453773744,🌈奶蓝杯在手，时尚我有！🌈,2025-02-10 13:26:27,"792880543164,787157134735,768487709253,847937239873,789565745991",139186095,0,0,0,0,2,2,0,0,0,0,0,0,0,0,往期视频,,,否
1,2026,8月,多链接,2025年2月,506852668758,拆箱|这款薯条杯比装咖啡太赞了~,2025-02-16 18:05:00,"731594844411,818748783317",139186095,0,0,0,0,2,2,0,0,0,0,0,0,0,0,往期视频,,,否
1,2026,8月,多链接,2025年2月,507423397087,👗我家的小角落超耐看！,2025-02-20 09:00:00,"877078306528,869275512238,877351301580,844791620623,750619859342",139186095,0,0,0,0,2,2,0,0,0,0,0,0,0,0,往期视频,,,否
1,2026,8月,多链接,2025年1月,503469862489,Plog| 分享最近的宝藏咖啡杯☕️,2025-01-11 14:05:00,"750932511412,797115438925,874047718057,856162521809,858198410140,855842566556",139186095,0,0,0,0,2,2,0,0,0,0,0,0,0,0,往期视频,,,否
1,2026,8月,多链接,2025年1月,504081153869,冬日宅家的幸福感，就是能随时喝上温热的水,2025-01-17 13:05:00,"858198410140,864705538189,856162521809,874047718057,877078306528,845920762451",139186095,0,0,0,0,2,2,0,0,0,0,0,0,0,0,往期视频,,,否
1,2026,8月,多链接,2025年1月,505109918494,有这么红火的新年發财杯进入新年,2025-01-28 11:00:00,"877078306528,844790540125,837704243964,797213972204,793157392053,730747622472",139186095,0,0,0,0,2,2,0,0,0,0,0,0,0,0,往期视频,,,否
1,2026,8月,夏日甜品派对,2026年6月,1684273499201259,甜妹必备💗960ml草莓小兔水壶太萌啦,2026-06-04 12:00:00,1046028731385,139186095,0,0,0,0,2,2,0,0,0,0,0,0,0,0,往期视频,,,否
1,2026,8月,冰霸杯,2026年6月,2637360371028869,☁粉蓝拎拎杯|通勤路上的小确幸,2026-06-07 12:00:00,919010228354,139186095,0,0,0,0,2,2,0,0,0,0,0,0,0,0,往期视频,,,否
1,2026,8月,爪爪天地,2026年6月,2793055513780194,🧊清透蓝玻璃杯|小狗说：万事ok！,2026-06-03 18:00:00,1047737497582,139186095,0,0,0,0,2,2,0,0,0,0,0,0,0,0,往期视频,,,否
1,2026,8月,墨绿,2022年2月,346308209453,"星粉都在买啥杯？
TOP星杯：不过时的经典墨绿！
starbucks/星巴克的经典颜色+女神浮雕，一",2022-02-01 18:00:00,627415956439,139186095,0,0,0,0,2,2,0,0,0,0,0,0,0,0,往期视频,,,否
1,2026,8月,墨绿,2022年7月,367045276752,"夏天喝水KPI就靠这杯啦
-
复古墨绿色吸管杯
星巴克经典配色
搭配浮雕纹理
人鱼LOGO颇具质感
",2022-07-09 10:00:00,627415956439,139186095,0,0,0,0,2,2,0,0,0,0,0,0,0,0,往期视频,,,否
1,2026,8月,#N/A,2022年7月,371385699158,"可爱即正义系列
毛毛虫倒立
正在微笑大展露
杯盖设计成绿叶造型
生动趣味
作为礼品格外别致哦
-
s",2022-07-31 17:00:00,675697364556,139186095,0,0,0,0,2,2,0,0,0,0,0,0,0,0,往期视频,,,否
1,2026,8月,爪爪天地,2026年6月,3998781284942892,卷不动了！捏捏杯子上的小柴吧~🐶,2026-06-02 18:00:32,1047737497582,139186095,0,0,0,0,2,2,0,0,0,0,0,0,0,0,往期视频,,,否
1,2026,8月,冰霸杯,2026年6月,4019331963718204,新色上线|樱雾奶白冰霸杯美到心巴🌸,2026-06-05 18:00:00,919010228354,139186095,0,0,0,0,2,2,0,0,0,0,0,0,0,0,往期视频,,,否
1,2026,8月,紫夜星河,2026年6月,4270927284095330,挖到宝了！带着这个900ml银河杯粗去丸~,2026-06-03 20:00:00,1046766030024,139186095,0,0,0,0,2,2,0,0,0,0,0,0,0,0,站内达人视频,,,否
1,2026,8月,墨绿,2024年3月,452700249882,"星巴克墨绿色保温杯,精致又高级
Starbucks星巴克官方旗舰店
星巴克  星巴克杯子  星巴克水",2024-03-11 15:35:41,642170058962,139186095,0,0,0,0,2,2,0,0,0,0,0,0,0,0,往期视频,,,否
1,2026,8月,薄荷绿系列,2024年8月,477748777640,一口为生活注入甜分,2024-08-21 14:08:44,792978475194,139186095,0,0,0,0,2,2,0,0,0,0,0,0,0,0,往期视频,,,否
1,2026,8月,0,2026年4月,478685399099,星巴克 21圣诞系列星礼卡 实体储值卡过节送礼礼品卡现金卡,2026-04-28 09:31:19,656267647914,139186095,0,0,0,0,2,3,0,0,0,0,0,0,0,0,往期视频,,,否
1,2026,8月,薄荷绿系列,2024年10月,488786685571,双11来啦|星巴克高颜值玻璃杯,2024-10-24 11:36:32,792978475194,139186095,0,0,0,0,2,2,0,0,0,0,0,0,0,0,往期视频,,,否
1,2026,8月,薄荷绿系列,2024年11月,493410647547,星巴克高颜值极光女神杯,2024-11-15 09:00:00,792978475194,139186095,0,0,0,0,2,2,0,0,0,0,0,0,0,0,往期视频,,,否
1,2026,8月,多链接,2024年6月,468459799511,618倒计时 | 把粉嫩猫爪，一口喝掉！,2024-06-18 11:32:58,"696749690445,792978475194",139186095,0,0,0,0,2,2,0,0,0,0,0,0,0,0,往期视频,,,否
1,2026,8月,多链接,2024年5月,463509814949,"夏日氛围感星杯来袭，不仅满足大容量喝水，高颜值更是get有范儿OOTD！
Starbucks星巴克官",2024-05-20 20:27:35,"790237182432,787242506000,787225917736,792880543164,792880627282,793035921658",139186095,0,0,0,0,2,2,0,0,0,0,0,0,0,0,往期视频,,,否
1,2026,8月,多链接,2024年5月,463510050623,"夏日氛围感星杯来袭，不仅满足大容量喝水，高颜值更是get有范儿OOTD！
Starbucks星巴克官",2024-05-20 20:27:36,"790237182432,787242506000,787225917736,792880543164,792880627282,793035921658",139186095,0,0,0,0,2,2,0,0,0,0,0,0,0,0,往期视频,,,否
1,2026,8月,复古白绿,2026年6月,524948021418051,经典永不过时！美式复古保温杯,2026-06-06 18:00:00,1023062168243,139186095,0,0,0,0,2,2,0,0,0,0,0,0,0,0,种草短视频,桌面,是,否
1,2026,8月,冰霸杯,2025年8月,532037796789,开箱VLOG|开学入手的第一杯,2025-08-31 21:00:00,919010228354,139186095,0,0,0,0,2,2,0,0,0,0,0,0,0,0,往期视频,,,否
1,2026,8月,冰霸杯,2025年9月,533782819453,有了超靓杯杯，秋日快乐会翻倍！,2025-09-13 21:00:00,792880543164,139186095,0,0,0,0,2,2,0,0,0,0,0,0,0,0,往期视频,,,否
1,2026,8月,冰霸杯,2025年9月,535283712497,(◍•ᴗ•◍)ﾉ♡秋天，被这个水杯治愈住嘞,2025-09-24 21:00:00,919010228354,139186095,0,0,0,0,2,2,0,0,0,0,0,0,0,0,往期视频,,,否
1,2026,8月,冰霸杯,2025年9月,535481534153,这一波桌面提前入秋了有木有😁,2025-09-29 18:00:00,919010228354,139186095,0,0,0,0,2,2,0,0,0,0,0,0,0,0,往期视频,,,否
1,2026,8月,冰霸杯,2025年10月,537098330035,好物开箱|收到日常的梦中情杯噜🌟,2025-10-11 21:00:00,919010228354,139186095,0,0,0,0,2,2,0,0,0,0,0,0,0,0,往期视频,,,否
1,2026,8月,#N/A,2026年6月,540632012824,【直播闪降】星巴克杯子350ml蓝色塑料吸管杯,2026-06-15 10:22:14,990583481973,139186095,0,0,0,0,2,2,0,0,0,0,0,0,0,0,往期视频,,,否
1,2026,8月,0,2026年4月,549015377524,星巴克杯子氛围感不锈钢吸管杯高颜值随行水杯,2026-04-18 09:32:22,1007916742942,139186095,0,0,0,0,2,2,0,0,0,0,0,0,0,0,往期视频,,,否
1,2026,8月,复古白绿,2026年3月,558229620102,经典白绿杯|装载日常小确幸❤,2026-03-28 20:00:00,1023062168243,139186095,0,0,0,0,2,2,0,0,0,0,0,0,0,0,种草短视频,桌面,,否
1,2026,8月,复古白绿,2026年4月,559092791393,💚是白绿配色的巨无霸随行杯！！,2026-04-07 20:00:00,1023062168243,139186095,0,0,0,0,2,3,0,0,0,0,0,0,0,0,站内达人视频,,,否
1,2026,8月,复古白绿,2026年4月,559591519983,复古随行杯⭐为春天增加一点可爱,2026-04-08 20:00:00,1023062168243,139186095,0,0,0,0,2,2,0,0,0,0,0,0,0,0,站内达人视频,,,否
1,2026,8月,#N/A,2026年5月,562868561417,手里的“薄荷糖”杯，喝水都变清新🍬,2026-05-04 18:00:00,,139186095,0,0,0,0,2,2,0,0,0,0,0,0,0,0,站内达人视频,,,否
1,2026,8月,#N/A,2026年7月,573941227333,星巴克派对萌宠系列动物造型马克杯355ml,2026-07-28 18:16:55,1065350618992,139186095,0,0,0,0,2,3,0,0,0,0,0,0,0,0,往期视频,,,否
1,2026,8月,夏日甜品派对,2026年6月,616986392434153,编绳随行杯|捕捉一只夏日小可爱🍦,2026-06-04 20:00:00,1046028731385,139186095,0,0,0,0,2,2,0,0,0,0,0,0,0,0,站内达人视频,,,否
1,2026,8月,多链接,2024年12月,498844027894,💫质感棕金，精致之选,2024-12-13 13:43:38,"858198410140,856162521809,819194884736,818748783317,811692780081",139186095,0,0,0,0,2,2,0,0,0,0,0,0,0,0,往期视频,,,否
1,2026,8月,多链接,2024年12月,500796906836,菱格纹的设计在阳光下简直会闪光✨,2024-12-27 13:09:00,"858198410140,861904226848,838306843610,819194884736,818748783317,814063386832",139186095,0,0,0,0,2,2,0,0,0,0,0,0,0,0,往期视频,,,否
1,2026,8月,多链接,2024年12月,500969906055,大容量在线，保持每日饮水动力,2024-12-30 09:27:00,"858198410140,856162521809,627415956439,731594844411,771671518084,797008795184",139186095,0,0,0,0,2,2,0,0,0,0,0,0,0,0,往期视频,,,否
1,2026,8月,多链接,2023年6月,416290873104,夏天想买一款吸管杯的真的别错过,2023-06-24 06:00:00,"627415956439,696749690445",139186095,0,0,0,0,2,2,0,0,0,0,0,0,0,0,往期视频,,,否
1,2026,8月,多链接,2023年12月,440557472150,年终好价节 | 全场星杯5折起,2023-12-08 13:28:11,"750421994083,750619815394,750932511412,748900038809,748197625962,753199560401",139186095,0,0,0,0,2,2,0,0,0,0,0,0,0,0,往期视频,,,否
1,2026,8月,多链接,2022年6月,365919216848,"神仙玻璃杯，一些些夏日幸福小妙招
-
清透晶莹的玻璃杯
看着就能有幸福感~
来自星巴克多种系列的玻璃",2022-06-30 09:28:09,"676381978792,675697364556,673452521884,668921962638,668185904842,655964034708",139186095,0,0,0,0,2,2,0,0,0,0,0,0,0,0,往期视频,,,否
1,2026,8月,多链接,2022年1月,343913139431,"🎁礼物选择困难症⭐︎别担心，各色星礼卡来康康吧！
不同卡面的⭐︎星礼卡表达不同星意
选中你爱的那一",2022-01-01 19:00:00,"656267759245,656267647914,656267095967,656090643717,655876410377,655501973807",139186095,0,0,0,0,2,2,0,0,0,0,0,0,0,0,往期视频,,,否
1,2026,8月,多链接,2021年6月,316582262285,"啊啊啊不买后悔系列，我家的经典杯子真的绝绝子🤩
星小编班么没上几天，杯子么狂买😅这个系列已经入手三只了，真的好心动啊姐妹们🙉

治愈系白绿超戳我，吸管防掉、喝水方便，本细节控真的爱了
每一只杯子都是满满星意，在手中都是质感，星巴克的品控肯定有保障咯，认可✔
不过一切对于女孩子来说⭐颜值！才是终极奥义嘛~
极简高级美，不来花里胡哨，简简单单就是神仙配色
还在观望的姐妹先入手一个大容量水杯👉女团水喝起来！",2021-06-29 10:22:28,"593731938196,627415956439,584133556485,593731550184,628335395083,586447789171",139186095,0,0,0,0,2,2,0,0,0,0,0,0,0,0,往期视频,,,否
1,2026,8月,多链接,2021年12月,341777754931,"请回答，有星人。星巴克一共陪伴你走过了多少岁月呢
红杯挂饰集齐了从2016年开始的红杯图案
送TA这",2021-12-18 11:00:00,"655589757416,655051720611,655501925904,655139888809",139186095,0,0,0,0,2,2,0,0,0,0,0,0,0,0,往期视频,,,否
1,2026,8月,冰霸杯,2026年4月,558761734111,星巴克大容量巨无霸合集冰霸杯便携保温保冷中秋礼物,2026-04-17 18:12:54,792880543164,139186095,478,0,0,0,1,1,0,0,0,0,0,0,0,0,往期视频,,,否
1,2026,8月,紫夜星河,2026年5月,827027178243424,紫夜星河给你宇宙💫这几只杯子绝美,2026-05-19 18:00:00,1046766030024,139186095,68,0,0.0285714285714286,0,1,1,0,0,0,0,0,0,0,0,直播剪辑,,,否
1,2026,8月,复古白绿,2026年4月,556319220810,星巴克杯子质感实用复古白绿系列保温杯随手杯吸管杯马克杯合集,2026-04-18 07:27:27,1023062168243,139186095,39,0,0,0,1,1,0,0,0,0,0,0,0,0,往期视频,,,否
1,2026,8月,薄荷绿系列,2026年5月,563063604203,夏天就捧这杯！薄荷绿透明吸管杯🍃,2026-05-06 18:00:00,792978475194,139186095,73,0,0.0340909090909091,0,1,1,0,0,0,0,0,0,0,0,直播剪辑,,,否
1,2026,8月,雾野系列,2026年4月,561581965761,这只雾野系列杯杯颜值又高又实用！！,2026-04-21 18:00:00,794572511612,139186095,25,0,0.192307692307692,0,1,1,0,0,0,0,0,0,0,0,直播剪辑,,,否
1,2026,8月,暮樱翩翩,2026年4月,561369907001,仙女就该用这个人鱼姬炫彩杯杯~~！！,2026-04-21 20:00:00,1022161108857,139186095,24,0,0.133333333333333,0,1,1,0,0,0,0,0,0,0,0,站内达人视频,,,否
1,2026,8月,夏日甜品派对,2026年6月,679760889343905,超甜小兔杯拯救你的少女心！💓,2026-06-01 18:00:28,1046028731385,139186095,16,0,0,0,1,1,0,0,0,0,0,0,0,0,站内达人视频,,,否
1,2026,8月,豹纹咖调,2026年8月,620867283458057,星巴克杯子豹纹咖调系列双饮口不锈钢保温杯线下合集,2026-08-06 11:12:07,1073048036812,139186095,11,0,0,0,1,1,0,0,0,0,0,0,0,0,往期视频,,,否
1,2026,8月,万花玫境,2026年4月,558845227453,被这个玫瑰吸管杯圈粉了！,2026-04-04 20:00:00,1020511554543,139186095,10,0,0,0,1,1,0,0,0,0,0,0,0,0,站内达人视频,,,否
1,2026,8月,万花玫境,2026年4月,555295568339,星巴克杯子万花玫境系列吸管杯双饮口不锈钢保温杯马克杯桌面杯,2026-04-18 09:02:37,1020511554543,139186095,7,0,0,0,1,1,0,0,0,0,0,0,0,0,往期视频,,,否
1,2026,8月,紫夜星河,2026年5月,565862083249,紫夜为幕，星河作伴🌌,2026-05-25 15:00:00,1046766030024,139186095,6,0,0,0,1,1,0,0,0,0,0,0,0,0,种草短视频,室内其他,是,否
1,2026,8月,复古白绿,2026年5月,566336816716,春夏限定清凉感🧊复古白绿杯,2026-05-22 14:00:09,1023062168243,139186095,4,0,0,0,1,1,0,0,0,0,0,0,0,0,直播剪辑,,,否
1,2026,8月,咖啡宝藏,2026年3月,556435457248,把高级感放在桌上✨TA是我的咖啡搭子,2026-03-16 12:00:00,750932511412,139186095,3,0,0,0,1,2,0,0,0,0,0,0,0,0,直播剪辑,,,否
1,2026,8月,春序纹样,2026年4月,561956356438,中式美学🖼️把春天花园装进这只杯子里~~,2026-04-23 20:00:00,1021387954591,139186095,3,0,0,0,1,1,0,0,0,0,0,0,0,0,站内达人视频,,,否
1,2026,8月,复古白绿,2026年3月,558117742001,春游搭子已就位 ！带上它，说走就走✔️,2026-03-31 12:00:00,1023062168243,139186095,2,0,0.5,0,1,1,0,0,0,0,0,0,0,0,种草短视频,车载,是,否
1,2026,8月,复古白绿,2026年4月,559498960261,复古白绿杯‼️守护我的春日活力值,2026-04-06 20:00:00,1023062168243,139186095,2,0,0,0,1,1,0,0,0,0,0,0,0,0,种草短视频,室内其他,是,否
1,2026,8月,春序纹样,2026年5月,564603372230,⭐星杯分享|带小勺的马克杯，有点可爱嗷,2026-05-12 12:00:00,1021387954591,139186095,2,0,0,0,1,1,0,0,0,0,0,0,0,0,种草短视频,桌面,是,否
1,2026,8月,0,2026年4月,473292086710,星巴克 冬季系列星礼卡  实体储值卡 送礼礼品卡,2026-04-28 09:38:35,631456744392,139186095,1,0,0,0,1,1,0,0,0,0,0,0,0,0,往期视频,,,否
1,2026,8月,多链接,2025年1月,502836111781,我看看谁还没入星巴克蛇年限定红杯❤️,2025-01-06 10:58:10,"844790540125,869275512238,797213972204,793157392053,718570840547,655140008824",139186095,1,0,0,0,1,1,0,0,0,0,0,0,0,0,往期视频,,,否
1,2026,8月,暮樱翩翩,2026年3月,555939953851,暮樱翩翩系列|紫樱入杯，春日浪漫直接拉满,2026-03-10 18:18:00,1022161108857,139186095,1,0,0,0,1,1,0,0,0,0,0,0,0,0,AI短视频,,是,否
1,2026,8月,冰霸杯,2026年5月,563466411723,我真的很需要这个大容量水杯！！！,2026-05-08 18:00:00,919010228354,139186095,1,0,0,0,1,1,0,0,0,0,0,0,0,0,直播剪辑,,,否
1,2026,8月,夏日甜品派对,2026年5月,565811441138,星巴克新品|杯子上长小兔子啦🐇,2026-05-20 20:00:33,1046028731385,139186095,1,0,0,0,1,2,0,0,0,0,0,0,0,0,往期视频,,,否
1,2026,8月,夏日甜品派对,2026年5月,566836469058,星品礼盒🎁送这个保温杯会不会太甜了？,2026-05-28 18:00:00,1046028731385,139186095,1,0,0,0,1,1,0,0,0,0,0,0,0,0,种草短视频,室内其他,是,否
1,2026,8月,多链接,2024年5月,461424594728,度假季来到💫get一大杯蓝色夏日,2024-05-07 10:26:41,"787225917736,792880543164,792880627282,793035921658,793039481137,787118363557",139186095,1,0,0,0,1,1,0,0,0,0,0,0,0,0,往期视频,,,否
1,2026,8月,多链接,2025年2月,504990440616,被这次的薯条杯精准狙击到了,2025-02-04 12:03:00,"818748783317,731594844411,847937239873,814063386832,819194884736,797008795184",139186095,0,0,0,0,1,1,0,0,0,0,0,0,0,0,往期视频,,,否
1,2026,8月,多链接,2025年2月,505155427327,用这杯就是氛围美女即视感💖,2025-02-02 16:03:00,"818748783317,731594844411,847937239873,819194884736,813639153681",139186095,0,0,0,0,1,1,0,0,0,0,0,0,0,0,往期视频,,,否
1,2026,8月,多链接,2025年2月,505196470436,黑白CP磕上了！和对象人手一杯回头率满分,2025-02-03 16:00:00,"819194884736,818748783317,814063386832,847937239873,858198410140",139186095,0,0,0,0,1,1,0,0,0,0,0,0,0,0,往期视频,,,否
1,2026,8月,多链接,2025年2月,506122038172,💖情人节双饮杯，水獭萌宠陪你甜💖,2025-02-06 15:12:48,"877351301580,844791620623,877078306528,839571154549,797213972204,793157392053",139186095,0,0,0,0,1,1,0,0,0,0,0,0,0,0,往期视频,,,否
1,2026,8月,多链接,2025年2月,506447093806,少女粉色杯身！太Q萌啦~,2025-02-10 15:32:07,"877351301580,844791620623,839251551593,844790540125,819194884736,792880543164",139186095,0,0,0,0,1,1,0,0,0,0,0,0,0,0,往期视频,,,否
1,2026,8月,多链接,2025年2月,506960838192,🎊好运召唤令|晒出你心目中的上上签,2025-02-14 12:04:00,"877078306528,869275512238,877351301580,839177327998,813639153681,792978475194",139186095,0,0,0,0,1,1,0,0,0,0,0,0,0,0,往期视频,,,否
1,2026,8月,多链接,2025年2月,507440605884,爱心把手也太犯规啦！,2025-02-19 10:03:00,"887984893409,877351301580,877078306528,797213972204,793157392053,730747622472",139186095,0,0,0,0,1,1,0,0,0,0,0,0,0,0,往期视频,,,否
1,2026,8月,多链接,2025年2月,507712937917,春日新品，粉嫩花朵造型马克杯🌸,2025-02-20 16:03:00,"887348604427,877350121781,887984893409,881297085894,718570840547",139186095,0,0,0,0,1,1,0,0,0,0,0,0,0,0,往期视频,,,否
1,2026,8月,多链接,2025年2月,508806455048,从颜值到功能，这个杯子戳中了我的心！💖,2025-02-25 15:53:30,"887348604427,887984893409,890132555712,792880543164,768487709253",139186095,0,0,0,0,1,1,0,0,0,0,0,0,0,0,往期视频,,,否
1,2026,8月,多链接,2025年1月,502193924036,蛇年大吉👏🏻新年新杯子🥂,2025-01-04 12:00:00,"869275512238,844790540125,866969773356,839251551593,838306843610,718570840547",139186095,0,0,0,0,1,1,0,0,0,0,0,0,0,0,往期视频,,,否
1,2026,8月,多链接,2025年1月,504205326644,这款菱格纹吸管杯的含金量还在上升！,2025-01-16 18:04:00,"858198410140,864705538189,856162521809,818748783317,819194884736,771671518084",139186095,0,0,0,0,1,1,0,0,0,0,0,0,0,0,往期视频,,,否
1,2026,8月,多链接,2025年1月,505002014029,宽大把手，握感舒适的桌面杯,2025-01-24 12:04:00,"877351301580,844791620623,865663673191,847937239873,838306843610,792880543164",139186095,0,0,0,0,1,1,0,0,0,0,0,0,0,0,往期视频,,,否
1,2026,8月,多链接,2025年1月,505165060921,新年天命宝藏推盖杯！,2025-01-27 19:04:00,"750932511412,797115438925,877351301580,877078306528,829676702633,819194884736",139186095,0,0,0,0,1,1,0,0,0,0,0,0,0,0,往期视频,,,否
1,2026,8月,多链接,2025年1月,505211018208,杯身的菱格纹设计 质感+++💯,2025-01-30 14:03:00,"818748783317,731594844411,847937239873,858198410140,793157164657,696749690445",139186095,0,0,0,0,1,1,0,0,0,0,0,0,0,0,往期视频,,,否
1,2026,8月,紫夜星河,2026年5月,1276160051095649,自带星星杯套⭐吸管杯喝水好方便！,2026-05-28 17:00:08,1046766030024,139186095,0,0,0,0,1,1,0,0,0,0,0,0,0,0,往期视频,,,否
1,2026,8月,爪爪天地,2026年6月,1474133654547600,柯基or腊肠？🐕马克杯碟组助你“不加班”！,2026-06-01 15:00:02,1047737497582,139186095,0,0,0,0,1,1,0,0,0,0,0,0,0,0,AI短视频,,是,否
1,2026,8月,#N/A,2026年8月,1896137066243012,星巴克杯子活力运动系列塑料吸管杯配杯带760ml大容量便携,2026-08-16 12:30:39,1046796070037,139186095,0,0,0,0,1,2,0,0,0,0,0,0,0,0,往期视频,,,否
1,2026,8月,墨绿,2022年4月,355470869637,"550ml墨绿色女神款玻璃杯
-
很能装的容量
超能打的颜值
吸管杯设计，再也不怕口红沾杯啦
经典的",2022-04-15 16:00:27,627415956439,139186095,0,0,0,0,1,1,0,0,0,0,0,0,0,0,往期视频,,,否
1,2026,8月,钛杯,2026年8月,3659165574393288,星巴克杯子双饮口钛杯礼盒纯钛中秋节礼物女生实用高级感礼遇,2026-08-22 22:10:57,1076899856757,139186095,0,0,0,0,1,1,0,0,0,0,0,0,0,0,往期视频,,,否
1,2026,8月,#N/A,2022年7月,367661970441,"萌趣毛毛虫杯，喝水超吸睛
-
双层玻璃
杯壁内是磨砂玻璃材质
外是清透玻璃
自带一片叶片造型的杯盖
",2022-07-05 10:33:30,675697364556,139186095,0,0,0,0,1,1,0,0,0,0,0,0,0,0,往期视频,,,否
1,2026,8月,#N/A,2022年7月,369261983278,"超趣味的别致双层玻璃杯
小小一只，毛毛虫造型
/
双层杯壁
内壁的虫虫展露着微笑
/
磨砂材质与光面",2022-07-13 13:38:05,675697364556,139186095,0,0,0,0,1,1,0,0,0,0,0,0,0,0,往期视频,,,否
1,2026,8月,墨绿,2022年7月,369358404348,"星巴克墨绿色保温杯,颜值高又实用",2022-07-25 16:58:49,642170058962,139186095,0,0,0,0,1,1,0,0,0,0,0,0,0,0,往期视频,,,否
1,2026,8月,#N/A,2022年10月,382000648006,星巴克虫虫款玻璃杯，双层玻璃可爱出击~,2022-10-23 15:51:00,675697364556,139186095,0,0,0,0,1,1,0,0,0,0,0,0,0,0,往期视频,,,否
1,2026,8月,经典绿,2023年6月,413708546612,618 | 简约条纹马克杯,2023-06-05 12:23:51,718570840547,139186095,0,0,0,0,1,1,0,0,0,0,0,0,0,0,往期视频,,,否
1,2026,8月,墨绿,2023年6月,413757373378,墨绿色女神款玻璃杯ins风格大容量,2023-06-07 23:09:58,627415956439,139186095,0,0,0,0,1,1,0,0,0,0,0,0,0,0,往期视频,,,否
1,2026,8月,墨绿,2023年6月,413939294186,女神款玻璃吸管杯~,2023-06-06 20:52:33,627415956439,139186095,0,0,0,0,1,1,0,0,0,0,0,0,0,0,往期视频,,,否
1,2026,8月,经典绿,2023年6月,415913860462,星巴克杯子薄荷绿系列小清新水杯大容量便携,2023-06-23 14:40:50,718570840547,139186095,0,0,0,0,1,1,0,0,0,0,0,0,0,0,往期视频,,,否
1,2026,8月,墨绿,2023年7月,418325488540,星巴克320ml墨绿色女神款陶瓷马克杯,2023-07-12 21:45:16,628335395083,139186095,0,0,0,0,1,1,0,0,0,0,0,0,0,0,往期视频,,,否
1,2026,8月,墨绿,2023年9月,428369929466,想看看你们拍的极光杯,2023-09-23 17:00:00,627415956439,139186095,0,0,0,0,1,1,0,0,0,0,0,0,0,0,往期视频,,,否
1,2026,8月,墨绿,2023年10月,433060738198,"星巴克杯子,送给爱喝水的TA
Starbucks星巴克官方旗舰店",2023-10-22 17:00:00,628335395083,139186095,0,0,0,0,1,1,0,0,0,0,0,0,0,0,往期视频,,,否
1,2026,8月,墨绿,2023年11月,435642096250,"星巴克经典墨绿女神杯
Starbucks星巴克官方旗舰店 星巴克 好物分享",2023-11-07 10:01:45,627415956439,139186095,0,0,0,0,1,1,0,0,0,0,0,0,0,0,往期视频,,,否
1,2026,8月,咖啡宝藏,2023年12月,441424197685,"星巴克宝藏杯,咖啡流金款小巧保温杯
Starbucks星巴克官方旗舰店
星巴克 星巴克杯子 星巴克水",2023-12-12 15:00:00,750932511412,139186095,0,0,0,0,1,1,0,0,0,0,0,0,0,0,往期视频,,,否
1,2026,8月,咖啡宝藏,2024年4月,456806209998,"星巴克杯子，大容量更适合换季使用
Starbucks星巴克官方旗舰店 
星巴克 星巴克杯子 星巴克水",2024-04-08 00:00:00,750932511412,139186095,0,0,0,0,1,1,0,0,0,0,0,0,0,0,往期视频,,,否
1,2026,8月,活泼率,2024年5月,460531959404,"星巴克活泼绿系列上新,元气转场初夏~杯子控星巴克 星巴克杯子 我就是个杯子控",2024-05-03 12:00:00,783054778948,139186095,0,0,0,0,1,1,0,0,0,0,0,0,0,0,往期视频,,,否
1,2026,8月,咖啡宝藏,2024年5月,462371526647,"星巴克宝藏杯,咖啡流金款合集
Starbucks星巴克官方旗舰店 
星巴克 星巴克杯子 星巴克水杯 ",2024-05-13 14:10:18,750932511412,139186095,0,0,0,0,1,1,0,0,0,0,0,0,0,0,往期视频,,,否
1,2026,8月,咖啡宝藏,2024年5月,462408880257,"星巴克杯子,流金款咖啡随行杯，车载通勤更便捷
Starbucks星巴克官方旗舰店 
星巴克 星巴克杯",2024-05-16 13:57:36,750932511412,139186095,0,0,0,0,1,2,0,0,0,0,0,0,0,0,往期视频,,,否
1,2026,8月,雾野系列,2024年6月,467370489597,"雾野系列，用这一杯享受中式美学
Starbucks星巴克官方旗舰店 
星巴克 星巴克杯子 这是什么神",2024-06-14 11:38:39,794572511612,139186095,0,0,0,0,1,1,0,0,0,0,0,0,0,0,往期视频,,,否
1,2026,8月,多肉花园,2024年6月,467586671078,618 | 圆润“肉肉”，轻松拿下,2024-06-13 10:01:50,794743133653,139186095,0,0,0,0,1,1,0,0,0,0,0,0,0,0,往期视频,,,否
1,2026,8月,薄荷绿系列,2024年6月,468332255580,"星巴克吸管杯,闪耀C位
Starbucks星巴克官方旗舰店 
星巴克 星巴克杯子 星巴克水杯 好物分",2024-06-17 17:33:43,792978475194,139186095,0,0,0,0,1,1,0,0,0,0,0,0,0,0,往期视频,,,否
1,2026,8月,多肉花园,2024年6月,468560886167,"星巴克杯子,多肉花园系列合集Starbucks星巴克官方旗舰店 
星巴克 星巴克杯子 星巴克水杯  ",2024-06-19 16:59:03,794743133653,139186095,0,0,0,0,1,1,0,0,0,0,0,0,0,0,往期视频,,,否
1,2026,8月,多肉花园,2024年6月,469471782376,"星巴克杯子,多肉花园系列合集
Starbucks星巴克官方旗舰店 
星巴克 星巴克水杯 星巴克杯子 ",2024-06-25 10:20:22,794743133653,139186095,0,0,0,0,1,1,0,0,0,0,0,0,0,0,往期视频,,,否
1,2026,8月,薄荷绿系列,2024年7月,470806659257,"星巴克清透女神杯
Starbucks星巴克官方旗舰店",2024-07-03 10:55:49,792978475194,139186095,0,0,0,0,1,1,0,0,0,0,0,0,0,0,往期视频,,,否
1,2026,8月,0,2026年4月,473280079464,星巴克 春日郊游系列星礼卡 实体储值卡 过节送礼礼品卡现金卡,2026-04-28 09:35:02,637294654727,139186095,0,0,0,0,1,1,0,0,0,0,0,0,0,0,往期视频,,,否
1,2026,8月,不锈钢吸管杯,2024年8月,477799404820,取向狙击！一眼降温的ins感水杯！,2024-08-22 17:00:44,818748783317,139186095,0,0,0,0,1,1,0,0,0,0,0,0,0,0,往期视频,,,否
1,2026,8月,多肉花园,2024年8月,478398067842,请喝这杯夏日多巴胺水！,2024-08-24 10:15:00,794743133653,139186095,0,0,0,0,1,1,0,0,0,0,0,0,0,0,往期视频,,,否
1,2026,8月,#N/A,2024年9月,483708271758,星巴克秋日小熊系列随行杯,2024-09-24 13:30:17,819078969054,139186095,0,0,0,0,1,1,0,0,0,0,0,0,0,0,往期视频,,,否
1,2026,8月,咖啡宝藏,2024年10月,488752780551,双11来啦|高颜值星巴克咖啡杯,2024-10-24 14:17:01,750932511412,139186095,0,0,0,0,1,1,0,0,0,0,0,0,0,0,往期视频,,,否
1,2026,8月,咖啡宝藏,2024年12月,499337059393,无所谓！男朋友的节日礼物🎁TA会出手！,2024-12-16 11:22:18,750932511412,139186095,0,0,0,0,1,1,0,0,1,1,1,1,0,0,往期视频,,,否
1,2026,8月,多链接,2025年11月,540188402846,duangduang阔爱布丁杯🍮,2025-11-02 21:00:00,"979601890501,979072431459,975069063377",139186095,0,0,0,0,1,1,0,0,0,0,0,0,0,0,往期视频,,,否
1,2026,8月,多链接,2024年7月,472369386454,人生是旷野呀,2024-07-15 12:06:36,"789565745991,792880543164",139186095,0,0,0,0,1,1,0,0,0,0,0,0,0,0,往期视频,,,否
1,2026,8月,多链接,2024年6月,467362413047,618 | 我被这个细节迷住了……,2024-06-15 12:00:00,"794743133653,794572511612,787242506000,793972817226,718570840547,712608458716",139186095,0,0,0,0,1,1,0,0,0,0,0,0,0,0,往期视频,,,否
1,2026,8月,多链接,2024年6月,467763579978,618 | 夏天的快乐，溯溪占一半,2024-06-16 11:00:00,"789565745991,718570840547,794572511612",139186095,0,0,0,0,1,1,0,0,0,0,0,0,0,0,往期视频,,,否
1,2026,8月,#N/A,2025年2月,508531808247,25年花园萌蛇系列星杯,2025-02-24 16:25:47,869275512238,139186095,0,0,0,0,1,2,0,0,0,0,0,0,0,0,往期视频,,,否
1,2026,8月,薄荷绿系列,2025年5月,520290770895,入夏第一个玻璃杯到啦！这么多颜色不怕和朋友撞车💝,2025-05-25 10:04:00,792978475194,139186095,0,0,0,0,1,1,0,0,0,0,0,0,0,0,往期视频,,,否
1,2026,8月,薄荷绿系列,2025年6月,523691850500,夏日仙女杯🧚‍♀️甜妹清透感,2025-06-18 18:00:52,792978475194,139186095,0,0,0,0,1,1,0,0,0,0,0,0,0,0,往期视频,,,否
1,2026,8月,薄荷绿系列,2025年6月,523798275002,透粉紫杯身🎀小熊开启音乐演奏会啦,2025-06-21 10:00:00,792978475194,139186095,0,0,0,0,1,1,0,0,0,0,0,0,0,0,往期视频,,,否
1,2026,8月,薄荷绿系列,2025年6月,524319005520,挪不开眼👀漂亮女神杯✨,2025-06-24 10:00:00,792978475194,139186095,0,0,0,0,1,1,0,0,0,0,0,0,0,0,往期视频,,,否
1,2026,8月,冰霸杯,2025年8月,531923239583,好物分享|开学不焦虑，先来一个粉杯杯,2025-08-31 21:00:00,919010228354,139186095,0,0,0,0,1,1,0,0,0,0,0,0,0,0,往期视频,,,否
1,2026,8月,冰霸杯,2025年8月,531934365522,星杯分享|这款实用杯杯，深得我心❤,2025-08-29 21:00:00,919010228354,139186095,0,0,0,0,1,1,0,0,0,0,0,0,0,0,往期视频,,,否
1,2026,8月,冰霸杯,2025年9月,532913629154,GET了今年最粉嫩的冰霸杯~,2025-09-07 21:00:00,792880543164,139186095,0,0,0,0,1,1,0,0,0,0,0,0,0,0,往期视频,,,否
1,2026,8月,#N/A,2025年9月,533330620771,周年有约| 浪漫海洋系列来袭！,2025-09-08 18:00:38,971414259492,139186095,0,0,0,0,1,1,0,0,0,0,0,0,0,0,往期视频,,,否
1,2026,8月,冰霸杯,2025年9月,535518532313,细节控的友友们❗️康康猫眼杯🧐,2025-09-27 21:00:00,919010228354,139186095,0,0,0,0,1,1,0,0,0,0,0,0,0,0,往期视频,,,否
1,2026,8月,冰霸杯,2025年10月,535572100234,星巴克多彩夏日冰霸杯🤍✨,2025-10-01 21:00:00,919010228354,139186095,0,0,0,0,1,1,0,0,0,0,0,0,0,0,直播剪辑,,,否
1,2026,8月,马克杯合集,2025年12月,544463178288,☀️早安！我的吐司杯杯～,2025-12-05 21:00:00,979072431459,139186095,0,0,0,0,1,1,0,0,0,0,0,0,0,0,站内达人视频,,,否
1,2026,8月,#N/A,2026年4月,556346586971,星巴克杯子复古质感敦煌美术研究所联名系列星杯保温杯马克杯,2026-04-18 08:48:47,1021387878090,139186095,0,0,0,0,1,1,0,0,0,0,0,0,0,0,往期视频,,,否
1,2026,8月,不锈钢吸管杯,2026年3月,556605076163,星动猫眼杯|超绝光泽+吨吨畅饮，一杯大满足！,2026-03-15 18:00:00,818748783317,139186095,0,0,0,0,1,2,0,0,0,0,0,0,0,0,站内达人视频,,,否
1,2026,8月,万花玫境,2026年3月,557754913851,怦然心动💓 拎着TA出门，春日氛围感UP,2026-03-26 18:00:00,1020511554543,139186095,0,0,0,0,1,1,0,0,0,0,0,0,0,0,站内达人视频,,,否
1,2026,8月,复古白绿,2026年4月,559318189654,复古拎拎杯👉春日通勤搭子,2026-04-07 18:00:00,1023062168243,139186095,0,0,0,0,1,1,0,0,0,0,0,0,0,0,往期视频,,,否
1,2026,8月,#N/A,2026年4月,559905681134,星巴克臻选巴西圣若昂庄园日晒咖啡豆250g 可至门店磨粉,2026-04-18 08:36:59,1039826209649,139186095,0,0,0,0,1,1,0,0,0,0,0,0,0,0,往期视频,,,否
1,2026,8月,春日晴空,2026年4月,559994195108,温柔到犯规的渐变粉桌面杯🎀,2026-04-12 18:00:00,768886743103,139186095,0,0,0,0,1,1,0,0,0,0,0,0,0,0,站内达人视频,,,否
1,2026,8月,复古白绿,2026年4月,560226257238,出行必带这个复古白绿随行杯🍃,2026-04-12 20:00:00,1023062168243,139186095,0,0,0,0,1,1,0,0,0,0,0,0,0,0,站内达人视频,,,否
1,2026,8月,春序纹样,2026年4月,561907430212,春夏靠它续命！这个蜜瓜绿冰霸杯有点美,2026-04-25 18:00:00,1021387954591,139186095,0,0,0,0,1,1,0,0,0,0,0,0,0,0,站内达人视频,,,否
1,2026,8月,暮樱翩翩,2026年5月,564022146770,被追着要链接的炫彩女神杯。。。,2026-05-09 20:00:34,1022161108857,139186095,0,0,0,0,1,1,0,0,0,0,0,0,0,0,站内达人视频,,,否
1,2026,8月,夏日甜品派对,2026年5月,566835737181,兔兔这么可爱🐇一定要用ta喝水！！,2026-05-27 10:00:00,1046028731385,139186095,0,0,0,0,1,1,0,0,0,0,0,0,0,0,种草短视频,桌面,是,否
1,2026,8月,夏日甜品派对,2026年5月,567189932706,把435ml马卡龙杯杯拎在手上带走啦🍰,2026-05-30 18:00:00,1046028731385,139186095,0,0,0,0,1,1,0,0,0,0,0,0,0,0,种草短视频,桌面,是,否
1,2026,8月,多链接,2024年12月,498391125984,杯子控必入系列，今天也要闪闪发光✨,2024-12-12 10:52:33,"858198410140,856162521809,818748783317,787254986277,771671518084,731594844411",139186095,0,0,0,0,1,1,0,0,0,0,0,0,0,0,往期视频,,,否
1,2026,8月,多链接,2024年12月,498828591451,打工暂停！来看我的办公马克杯,2024-12-13 12:00:21,"858198410140,856162521809,793157392053,745013247948,718570840547,628335395083",139186095,0,0,0,0,1,1,0,0,0,0,0,0,0,0,往期视频,,,否
1,2026,8月,多链接,2024年12月,500143731688,芭蕾吸管杯没有女生会不心动💙,2024-12-22 16:22:00,"814063386832,838306843610,819194884736,818748783317,794572699207,771671518084",139186095,0,0,0,0,1,1,0,0,0,0,0,0,0,0,往期视频,,,否
1,2026,8月,多链接,2023年1月,396272871575,"【为爱加“氛”，全场星杯7折起】
星小编为大家带来了一些对杯
正好在节日送给重要的TA
/
暖暖保温",2023-01-31 10:26:09,"696940939452,696682918471,593731938196,627415956439,655494735390,627741801328",139186095,0,0,0,0,1,1,0,0,0,0,0,0,0,0,往期视频,,,否
1,2026,8月,多链接,2022年3月,352089729764,"貌美吸管杯大合集！
各式风格的星式杯，容量大小皆有选择
色彩缤纷or简约大气
高颜值星杯让补水更有好",2022-03-21 10:00:00,"669275759011,656356899156,665151980929,648767923567,616610825074,627415956439",139186095,0,0,0,0,1,1,0,0,0,0,0,0,0,0,往期视频,,,否
1,2026,8月,多链接,2022年10月,378463464472,"喝水保持口红不花
秘诀就是入手吸管杯啦！
starbucks/星巴克吸管杯大合集
等你pick~
经",2022-10-02 13:00:00,"684386771174,682475979331,682087951799,678380154978,593731938196,627415956439",139186095,0,0,0,0,1,1,0,0,0,0,0,0,0,0,往期视频,,,否
1,2026,8月,多链接,2021年5月,309859754861,女神款的墨绿玻璃杯，在小星心中一直像个典雅、柔和的姐姐，就如同它杯身浮雕的女神，若隐若现，从不张扬。,2021-05-13 16:22:52,"627415956439,593731938196",139186095,0,0,0,0,1,1,0,0,0,0,0,0,0,0,往期视频,,,否
1,2026,8月,多链接,2021年2月,298491559399,"👉经典系列星杯 | 墨绿女神款，质感满分
_x000D_❤️喜欢简洁款，有设计感，还是收藏控的星粉，别错过哟~",2021-02-08 09:58:02,"627416100233,627416164193,628335395083,628335295172,627741473783",139186095,0,0,0,0,1,1,0,0,0,0,0,0,0,0,往期视频,,,否
1,2026,8月,春日晴空,2026年4月,504399769271,星巴克杯子不锈钢双饮口随行杯可乐咖啡杯中秋节礼物,2026-04-18 01:27:01,768886743103,139186095,424,0,0,0,0,0,0,0,0,0,0,0,0,0,往期视频,,,否
1,2026,8月,小冰霸,2026年7月,574057811243,星巴克杯子小冰霸杯便携不锈钢保温保冷迷你时尚小巨无霸中秋礼物,2026-07-21 11:51:42,1066491598181,139186095,376,0,0,0,0,0,0,0,0,0,0,0,0,0,往期视频,,,否
1,2026,8月,复古白绿,2026年3月,556138598196,复古白绿系列|小小随行杯 开启咖啡新日常！,2026-03-11 17:00:50,1023062168243,139186095,263,0,0.0412371134020619,0,0,0,0,0,0,0,0,0,1,1,AI短视频,,是,否
1,2026,8月,不锈钢吸管杯,2026年4月,475944428921,星巴克杯子不锈钢吸管杯大容量猫眼杯薯条杯礼物,2026-04-18 09:37:42,818748783317,139186095,176,0,0,0,0,0,0,0,0,0,0,0,0,0,往期视频,,,否
1,2026,8月,雾野系列,2026年4月,464133946416,星巴克杯子雾野系列合集高颜值水杯办公随行杯马克杯,2026-04-18 01:22:51,794572511612,139186095,103,0,0,0,0,0,0,0,0,0,0,0,0,0,往期视频,,,否
1,2026,8月,冰霸杯,2026年4月,518962613042,【百亿补贴】星巴克大容量冰霸杯拎拎杯户外便携保温保冷礼物,2026-04-18 01:10:50,919010228354,139186095,256,0,0,0,0,0,0,0,0,0,0,0,0,0,往期视频,,,否
1,2026,8月,春序纹样,2026年5月,566040234387,春序纹样，是杯也是庭院诗🌿,2026-05-25 20:00:00,1021387954591,139186095,81,0,0.0408163265306122,0,0,0,0,0,0,0,0,0,1,1,直播剪辑,,,否
1,2026,8月,钛杯,2026年5月,547635023057,星巴克杯子双饮口钛杯内外纯钛随行杯高颜值中秋礼物,2026-05-05 09:21:13,1006202362257,139186095,1975,0,0,0,0,0,0,0,0,0,0,0,0,0,往期视频,,,否
1,2026,8月,多肉花园,2026年4月,464524017219,星巴克杯子多肉花园系列合集随行杯可爱水壶背带吸管,2026-04-18 09:48:05,794743133653,139186095,50,0,0,0,0,0,0,0,0,0,0,0,0,0,往期视频,,,否
1,2026,8月,薄荷绿系列,2026年4月,461744287076,星巴克玻璃杯清透吸管杯合集高颜值随手杯中秋节礼物,2026-04-18 04:26:09,792978475194,139186095,79,0,0,0,0,0,0,0,0,0,0,0,0,0,往期视频,,,否
1,2026,8月,咖啡宝藏,2026年4月,456690414060,星巴克宝藏系列不锈钢咖啡杯保温杯咖啡流金款合集中秋节礼物,2026-04-17 23:58:22,750932511412,139186095,76,0,0,0,0,0,0,0,0,0,0,0,0,0,往期视频,,,否
1,2026,8月,暮樱翩翩,2026年4月,561132534993,这个杯子上有银河耶！！一眼心动,2026-04-19 20:00:00,1022161108857,139186095,19,0,0,0,0,0,0,0,0,0,0,0,0,0,站内达人视频,,,否
1,2026,8月,春日晴空,2026年4月,561250552319,粉色珠串摇啊摇，把春天系在杯子上～🌸,2026-04-16 20:00:45,768886743103,139186095,11,0,0,0,0,0,0,0,0,0,0,0,0,0,站内达人视频,,,否
1,2026,8月,紫夜星河,2026年5月,566333508520,坠入紫夜星河，饮一口星光✨,2026-05-22 20:00:41,1046766030024,139186095,11,0,0,0,0,0,0,0,0,0,0,0,0,0,站内达人视频,,,否
1,2026,8月,冰霸杯,2026年2月,553548990305,天使蓝+公主粉，冬日时尚单品有你！,2026-02-23 18:00:00,792880543164,139186095,10,0,0,0,0,0,0,0,0,0,0,0,0,0,站内达人视频,,,否
1,2026,8月,复古白绿,2026年3月,558180001933,星杯贴贴| 高颜值随行杯+1👍,2026-03-31 18:00:00,1023062168243,139186095,9,0,0.666666666666667,0,0,0,0,0,0,0,0,0,0,0,种草短视频,户外,是,否
1,2026,8月,夏日甜品派对,2026年5月,566835321238,冰淇淋快化啦！甜筒马克杯🍦,2026-05-26 20:00:54,1046028731385,139186095,10,0,0,0,0,0,0,0,0,0,0,0,0,0,种草短视频,桌面,是,否
1,2026,8月,暮樱翩翩,2026年3月,555867922783,大概是我见过最春天的吸管杯❤少女心炸裂,2026-03-10 18:00:00,1022161108857,139186095,7,0,0.375,0,0,0,0,0,0,0,0,0,0,0,种草短视频,桌面,是,否
1,2026,8月,春序纹样,2026年4月,559058625978,春序纹样系列|把春天捧在手里✨,2026-04-03 18:00:00,1021387954591,139186095,7,0,0,0,0,0,0,0,0,0,0,0,0,0,AI短视频,,是,否
1,2026,8月,暮樱翩翩,2026年4月,554284454050,星巴克杯子暮樱翩翩系列双饮口不锈钢保温杯玻璃吸管杯陶瓷马克杯,2026-04-18 07:46:32,1022161108857,139186095,6,0,0,0,0,0,0,0,0,0,0,0,0,0,往期视频,,,否
1,2026,8月,多链接,2023年7月,418903782663,星巴克吸管杯碰碰乐你最pick谁,2023-07-11 21:57:00,"696749690445,712416865031,656356899156,627415956439,712162832940,593731938196",139186095,5,0,0.2,0,0,0,0,0,0,0,0,0,0,0,往期视频,,,否
1,2026,8月,多链接,2023年6月,413864111563,星巴克吸管杯碰碰乐 你pick谁？,2023-06-03 23:50:50,"696749690445,712162832940,712416865031",139186095,5,0,0,0,0,0,0,0,0,0,0,0,0,0,往期视频,,,否
1,2026,8月,紫夜星河,2026年5月,565577611614,杯子上有银河 💫浪漫加倍,2026-05-21 18:00:00,1046766030024,139186095,4,0,0,0,0,0,0,0,0,0,0,0,0,0,站内达人视频,,,否
1,2026,8月,冰霸杯,2026年5月,562784254033,经典晶粉|大容量水杯用起来才过瘾！💗,2026-05-02 18:00:00,919010228354,139186095,4,0,0,0,0,0,0,0,0,0,0,0,0,0,直播剪辑,,,否
1,2026,8月,夏日甜品派对,2026年5月,566130237752,挖到一个超甜的“甜品”杯！！🍧,2026-05-23 15:00:00,1046028731385,139186095,3,0,0,0,0,0,0,0,0,0,0,0,0,0,站内达人视频,,,否
1,2026,8月,暮樱翩翩,2026年4月,558128162329,渐变薯条杯|一秒解锁春日心动❤,2026-04-02 20:00:00,1022161108857,139186095,2,0,0,0,0,0,0,0,0,0,0,0,0,0,站内达人视频,,,否
1,2026,8月,#N/A,2024年5月,463049472172,"星巴克铃兰系列,优雅白色吨吨壶
Starbucks星巴克官方旗舰店 
星巴克 星巴克杯子 星巴克水杯",2024-05-20 16:19:34,793972817226,139186095,2,0,0,0,0,0,0,0,0,0,0,0,0,0,往期视频,,,否
1,2026,8月,#N/A,2024年5月,463469730829,"星巴克薯条杯，多款颜色可选，双盖满足生活不同场景~
星巴克 星巴克杯子 星巴克水杯 
Starbuc",2024-05-20 16:26:33,731594844411,139186095,2,0,0,0,0,0,0,0,0,0,0,0,0,0,往期视频,,,否
1,2026,8月,冰霸杯,2025年10月,540036248670,大小姐甜粉杯空降啦,2025-10-29 15:56:24,919010228354,139186095,2,0,0,0,0,0,0,0,0,0,0,0,0,0,往期视频,,,否
1,2026,8月,复古白绿,2026年3月,557833527017,春日氛围感神器｜470ml吸管杯刚刚好,2026-03-28 18:00:00,1023062168243,139186095,2,0,0.5,0,0,0,0,0,0,0,0,0,0,0,种草短视频,桌面,是,否
1,2026,8月,万花玫境,2026年3月,557834827816,怦然心动💓 拎着TA出门，春日氛围感UP,2026-03-29 18:00:00,1020511554543,139186095,2,0,0,0,0,0,0,0,0,0,0,0,0,0,种草短视频,车载,是,否
1,2026,8月,春日晴空,2026年4月,560974931210,春天换新杯|这只双饮口杯绝美~~,2026-04-18 20:00:00,768886743103,139186095,2,0,0.5,0,0,0,0,0,0,0,0,0,0,0,站内达人视频,,,否
1,2026,8月,春日晴空,2026年4月,562212480125,工位新宠！这只ins风格纹杯好美🧊,2026-04-25 00:00:00,768886743103,139186095,2,0,0,0,0,0,0,0,0,0,0,0,0,0,站内达人视频,,,否
1,2026,8月,春日晴空,2026年4月,562355343260,这就是春天最应该用的随行杯吧！！！💛🩵,2026-04-29 20:00:00,768886743103,139186095,2,0,0,0,0,0,0,0,0,0,0,0,0,0,站内达人视频,,,否
1,2026,8月,春序纹样,2026年5月,564309950464,⭐星杯分享|GET了超超好用的车载杯一只！,2026-05-11 10:50:35,1021387954591,139186095,2,0,0,0,0,0,0,0,0,0,0,0,0,0,种草短视频,车载,是,否
1,2026,8月,紫夜星河,2026年5月,564349076939,呐~杯子里有璀璨星河,2026-05-10 20:00:00,1046766030024,139186095,2,0,0,0,0,0,0,0,0,0,0,0,0,0,AI短视频,,是,否
1,2026,8月,夏日甜品派对,2026年5月,566561922396,兔子揣着小蓝杯，蹦蹦跳跳来甜品派对啦🐇,2026-05-26 15:00:00,1046028731385,139186095,2,0,0,0,0,0,0,0,0,0,0,0,0,0,AI短视频,,是,否
1,2026,8月,冰霸杯,2026年3月,556372238404,春日冰霸杯|软乎乎天使蓝~陪你一整个春天,2026-03-16 20:00:00,792880543164,139186095,2,0,0,0,0,0,0,0,0,0,0,0,0,0,站内达人视频,,,否
1,2026,8月,多链接,2023年7月,419212929334,星巴克这个杯子我真的爱不释手,2023-07-16 17:49:44,"709746953219,696749690445,624222312199,713528556385,624222128461",139186095,2,0,0,0,0,0,0,0,0,0,0,0,0,0,往期视频,,,否
1,2026,8月,多链接,2023年6月,416420835700,待朕国库充盈，朕会继续纳妃,2023-06-19 16:36:15,"712162832940,655589585782,712416865031,719858173815,712608458716,696749690445",139186095,2,0,0,0,0,0,0,0,0,0,0,0,0,0,往期视频,,,否
1,2026,8月,冰霸杯,2026年4月,560829931998,软萌黄~爱上这只900ml冰霸杯很轻松,2026-04-17 18:00:00,"919010228354,792880543164",139186095,1,0,0,0,0,0,0,0,0,0,0,0,0,0,站内达人视频,,,否
1,2026,8月,多链接,2025年2月,506164555653,🌟开工大吉！随行饮水新体验！,2025-02-07 19:04:00,"869275512238,844790540125,858198410140,787225917736,793157164657,750932511412",139186095,1,0,0,0,0,0,0,0,0,0,0,0,0,0,往期视频,,,否
1,2026,8月,夏日甜品派对,2026年5月,2133412287360064,夏日甜品屋新品|掉进曲奇陷阱🍪,2026-05-18 16:00:00,1046028731385,139186095,1,0,0,0,0,0,0,0,0,0,0,0,0,0,往期视频,,,否
1,2026,8月,夏日甜品派对,2026年5月,3436675805093085,挖到宝了🍰这小兔杯也太会卖萌了吧！,2026-05-15 21:00:20,1046028731385,139186095,1,0,0,0,0,0,0,0,0,0,0,0,0,0,往期视频,,,否
1,2026,8月,#N/A,2022年4月,356229246465,"starbucks/星巴克+Kate Spade 355ml保温杯
-
方便随身携带的保温杯
黑白配",2022-04-17 15:17:41,669275759978,139186095,1,0,0,0,0,0,0,0,0,0,0,0,0,0,往期视频,,,否
1,2026,8月,#N/A,2023年7月,408645649262,乐趣，接粽而至 | 星冰粽已上线,2023-07-30 02:15:52,,139186095,1,0,0,0,0,0,0,0,0,0,0,0,0,0,往期视频,,,否
1,2026,8月,墨绿,2026年4月,456231108900,星巴克杯子550ml墨绿色女神款玻璃杯ins风格大容量高颜值吸管杯,2026-04-17 20:11:30,627415956439,139186095,1,0,0,0,0,0,0,0,0,0,0,0,0,0,往期视频,,,否
1,2026,8月,0,2026年4月,456553227546,星巴克杯子质感不锈钢杯合集经典时尚高颜值学生办公桌面随手杯,2026-04-18 08:01:49,758657974002,139186095,1,0,0,0,0,0,0,0,0,0,0,0,0,0,往期视频,,,否
1,2026,8月,薄荷绿系列,2026年6月,456791359053,星巴克杯子薄荷绿系列水杯小清新夏季高颜值随手杯便携办公桌面杯,2026-06-05 16:37:01,724228499042,139186095,1,0,0,0,0,0,0,0,0,0,0,0,0,0,往期视频,,,否
1,2026,8月,#N/A,2024年12月,500784206192,救命～星巴克薯条杯到底选哪个颜色啊！,2024-12-26 16:32:00,731594844411,139186095,1,0,0,1,0,0,0,0,0,0,0,0,0,0,往期视频,,,否
1,2026,8月,#N/A,2025年6月,524566718198,☁云朵杯盖+小熊兔兔🐰组合拳出击,2025-06-27 10:00:00,922997661620,139186095,1,0,0,0,0,0,0,0,0,0,0,0,0,0,往期视频,,,否
1,2026,8月,#N/A,2025年7月,525557657067,粉嫩CP💕给TA的夏日小确幸,2025-07-05 13:00:00,922997661620,139186095,1,0,0,0,0,0,0,0,0,0,0,0,0,0,往期视频,,,否
1,2026,8月,#N/A,2025年12月,545485088322,心动保温杯|💖温暖出击！这个冬天被它承包了！,2025-12-13 14:00:00,983587971224,139186095,1,0,0,0,0,0,0,0,0,0,0,0,0,0,种草短视频,桌面,是,否
1,2026,8月,#N/A,2026年1月,552087028082,星杯开箱|爆闪的OOTD单品，被我GET啦(‾◡◝),2026-01-28 18:00:00,996246192610,139186095,1,0,0,0,0,0,0,0,0,0,0,0,0,0,种草短视频,室内其他,是,否
1,2026,8月,#N/A,2026年2月,553308863210,福袋小马杯|噢莫！发现了新年送礼新思路🎁,2026-02-14 20:00:00,1006203042206,139186095,1,0,0,0,0,0,0,0,0,0,0,0,0,0,站内达人视频,,,否
1,2026,8月,#N/A,2026年2月,553646680534,骏跃星程|嘀嘀嘀！小马来送好运啦~,2026-02-14 18:00:00,1005577399912,139186095,1,0,0,0,0,0,0,0,0,0,0,0,0,0,站内达人视频,,,否
1,2026,8月,万花玫境,2026年3月,555224647111,自带小包包的靓杯！被这只花花杯硬控啦😃,2026-03-06 20:00:00,1020511554543,139186095,1,0,0,0,0,0,0,0,0,0,0,0,0,0,种草短视频,桌面,是,否
1,2026,8月,暮樱翩翩,2026年3月,555732303293,温柔浅紫樱花杯🌸少女心被精准狙击了！！,2026-03-10 12:00:00,1022161108857,139186095,1,0,0,0,0,0,0,0,0,0,0,0,0,0,种草短视频,桌面,,否
1,2026,8月,暮樱翩翩,2026年3月,555931317490,星杯来袭|紫樱入杯，春日浪漫直接拉满！,2026-03-10 16:00:00,1022161108857,139186095,1,0,0,0,0,0,0,0,0,0,0,0,0,0,种草短视频,桌面,是,否
1,2026,8月,万花玫境,2026年4月,557981563024,万花玫境保温杯|美到我想住在春天,2026-04-02 18:00:00,1020511554543,139186095,1,0,0,0,0,0,0,0,0,0,0,0,0,0,站内达人视频,,,否
1,2026,8月,春序纹样,2026年5月,562614147110,爱上春序纹样🍃小绿杯美到心巴,2026-05-01 18:00:00,1021387954591,139186095,1,0,0,0,0,0,0,0,0,0,0,0,0,0,站内达人视频,,,否
1,2026,8月,#N/A,2026年5月,563059324554,拎着春天出门喝水！白绿一眼沦陷🍃,2026-05-03 20:00:00,,139186095,1,0,0,0,0,0,0,0,0,0,0,0,0,0,站内达人视频,,,否
1,2026,8月,春序纹样,2026年5月,564583533305,🍃永远爱这一杯新中式~,2026-05-12 16:38:58,1021387954591,139186095,1,0,0,0,0,0,0,0,0,0,0,0,0,0,种草短视频,桌面,是,否
1,2026,8月,复古白绿,2026年5月,564593456149,⭐星杯分享|极简白绿杯杯，开启一日好心情~,2026-05-11 10:29:58,1023062168243,139186095,1,0,0,0,0,0,0,0,0,0,0,0,0,0,种草短视频,桌面,是,否
1,2026,8月,夏日甜品派对,2026年5月,565750623012,甜品冰霸杯✨把可爱装进日常,2026-05-22 18:00:00,1046028731385,139186095,1,0,0,0,0,0,0,0,0,0,0,0,0,0,站内达人视频,,,否
1,2026,8月,多链接,2025年1月,505288210524,拥有多肉杯的幸福感溢出屏幕❗️,2025-01-30 13:05:00,"811692780081,794743133653,792880543164,847937239873,787157134735,790237182432",139186095,1,0,0,0,0,0,0,0,0,0,0,0,0,0,往期视频,,,否
1,2026,8月,多链接,2024年5月,463509950407,"夏日氛围感星杯来袭，不仅满足大容量喝水，高颜值更是get有范儿OOTD！
Starbucks星巴克官",2024-05-20 20:27:39,"790237182432,787242506000,787225917736,792880543164,792880627282,793035921658",139186095,1,0,0,0,0,0,0,0,0,0,0,0,0,0,往期视频,,,否
1,2026,8月,多链接,2024年12月,498643813608,🤎棕金鎏光，奢华双饮杯,2024-12-13 13:31:30,"861904226848,858198410140,856162521809,797115438925,797008795184,794572511612",139186095,1,0,0,0,0,0,0,0,0,0,0,0,0,0,往期视频,,,否
1,2026,8月,豹纹咖调,2026年8月,2186548596539332,星品贴贴,2026-08-10 12:11:25,1072063993256,139186095,0,0,0,9,0,0,0,0,0,0,0,0,3,3,往期视频,,,否
1,2026,8月,冰霸杯,2026年4月,559313801332,💓星粉晒杯|我的春游实用搭子+1！！,2026-04-06 18:00:00,"919010228354,792880543164",139186095,0,0,0,1,0,0,0,0,0,0,0,0,0,0,图文,,,否
1,2026,8月,多链接,2025年2月,506213394902,薯条杯届的颜值天花板！🍟✨,2025-02-09 19:09:00,"731594844411,858198410140,847937239873,818748783317,819194884736,814063386832",139186095,0,0,0,0,0,0,0,0,0,0,0,0,0,0,往期视频,,,否
1,2026,8月,多链接,2025年1月,502253189835,哦吼！贵气感集结！星巴克棕金杯也太高级了,2025-01-05 18:06:00,"856162521809,858198410140,846189691200,819194884736,818748783317,814954480765",139186095,0,0,0,0,0,0,0,0,0,0,0,0,0,0,往期视频,,,否
1,2026,8月,多链接,2025年1月,503875744065,我宣布，这是我的年度坠佳亮眼桌搭✔️,2025-01-17 09:04:00,"858198410140,864705538189,856162521809,874047718057,819194884736,797008795184",139186095,0,0,0,0,0,0,0,0,0,0,0,0,0,0,往期视频,,,否
1,2026,8月,小冰霸,2026年7月,1047610143072310,经典系列,2026-07-27 15:03:10,1066491598181,139186095,0,0,0,0,0,0,0,0,0,0,0,0,0,0,往期视频,,,否
1,2026,8月,春日晴空,2026年7月,1715545241588881,星杯来袭,2026-07-28 13:40:04,768886743103,139186095,0,0,0,0,0,0,0,0,0,0,0,0,0,0,往期视频,,,否
1,2026,8月,小冰霸,2026年8月,2203510701665582,迷你冰霸,2026-08-25 11:45:29,1066491598181,139186095,0,0,0,0,0,0,0,0,0,0,0,0,0,0,往期视频,,,否
1,2026,8月,豹纹咖调,2026年8月,2648436636707351,豹纹咖调系列,2026-08-05 17:05:54,1072063993256,139186095,0,0,0,2,0,0,0,0,0,0,0,0,0,0,往期视频,,,否
1,2026,8月,#N/A,2022年6月,367033207037,"和虫虫一起chill一夏
-
超有创意的一只玻璃杯
双层杯身内壁是一只可爱虫虫形象
正在对你绽放微笑",2022-06-27 10:04:23,675697364556,139186095,0,0,0,0,0,0,0,0,0,0,0,0,0,0,往期视频,,,否
1,2026,8月,豹纹咖调,2026年8月,3763820704587893,星杯来袭,2026-08-04 17:39:04,1072063993256,139186095,0,0,0,2,0,0,0,0,0,0,0,0,0,0,往期视频,,,否
1,2026,8月,#N/A,2022年10月,378449036312,星巴克臻选系列星杯，高颜值又有品质，双层陶瓷搭配杯盖，日常使用可防尘,2022-10-01 09:00:00,561145974737,139186095,0,0,0,0,0,0,0,0,0,0,0,0,0,0,往期视频,,,否
1,2026,8月,墨绿,2022年10月,378864448862,星巴克墨绿女神吸管杯，男女皆宜，很有星巴克风格的一款水杯，无论室内或外出都方便使用,2022-10-04 09:00:00,627415956439,139186095,0,0,0,0,0,0,0,0,0,0,0,0,0,0,往期视频,,,否
1,2026,8月,钛杯,2026年8月,3815348232490922,经典系列钛杯,2026-08-18 08:59:44,1006202362257,139186095,0,0,0,1,0,0,0,0,0,0,0,0,0,0,往期视频,,,否
1,2026,8月,春日晴空,2026年7月,3992771738881493,经典系列,2026-07-21 14:08:53,768886743103,139186095,0,0,0,1,0,0,0,0,0,0,0,0,0,0,往期视频,,,否
1,2026,8月,豹纹咖调,2026年8月,3995283092221743,豹纹咖调,2026-08-11 16:35:34,1072063993256,139186095,0,0,0,0,0,0,0,0,0,0,0,0,0,0,往期视频,,,否
1,2026,8月,墨绿,2024年1月,445776794590,"星巴克杯子,墨绿色女神款玻璃
Starbucks星巴克官方旗舰店
星巴克 星巴克杯子  星巴克水杯 ",2024-01-09 14:36:50,627415956439,139186095,0,0,0,0,0,0,0,0,0,0,0,0,0,0,往期视频,,,否
1,2026,8月,#N/A,2024年2月,449986381631,"星巴克保温杯,颜值高又实用
Starbucks星巴克官方旗舰店
这是什么神仙水杯 杯子控 星巴克",2024-02-20 11:16:26,731594844411,139186095,0,0,0,0,0,0,0,0,0,0,0,0,0,0,往期视频,,,否
1,2026,8月,0,2026年4月,465136931308,星巴克经典感谢挚爱鱼尾星礼卡送礼收藏1000,2026-04-28 08:11:03,577566357754,139186095,0,0,0,0,0,0,0,0,0,0,0,0,0,0,往期视频,,,否
1,2026,8月,#N/A,2024年6月,465816042114,"星巴克吸管杯,颜值高又实用
Starbucks星巴克官方旗舰店
星巴克 星巴克杯子 星巴克水杯 水杯",2024-06-03 10:25:50,789565745991,139186095,0,0,0,0,0,0,0,0,0,0,0,0,0,0,往期视频,,,否
1,2026,8月,经典绿,2024年7月,472155760959,"星巴克奶白粉色薯条杯，浪漫心动氛围，一杯满足
星巴克 星巴克杯子  商品展示",2024-07-16 09:32:06,718570840547,139186095,0,0,0,0,0,0,0,0,0,0,0,0,0,0,往期视频,,,否
1,2026,8月,多链接,2024年5月,463677023531,"夏日氛围感星杯来袭，不仅满足大容量喝水，高颜值更是get有范儿OOTD！
Starbucks星巴克官",2024-05-20 20:27:36,"790237182432,787242506000,787225917736,792880543164,792880627282,793035921658",139186095,0,0,0,0,0,0,0,0,0,0,0,0,2,1,往期视频,,,否
1,2026,8月,#N/A,2025年5月,518341177464,🍐星巴克果缘奇遇杯驾到！把果园装进936ml治愈系水杯,2025-05-09 14:19:55,909018675852,139186095,0,0,0,0,0,0,0,0,0,0,0,0,0,0,往期视频,,,否
1,2026,8月,#N/A,2025年7月,525368319683,双饮口杯杯🧸为桌面加多一点萌,2025-07-03 18:00:00,911286655754,139186095,0,0,0,0,0,0,0,0,0,0,0,0,0,0,往期视频,,,否
1,2026,8月,钛杯,2025年12月,548074119643,星杯贴贴|星河流进杯杯里~,2025-12-31 20:20:00,1006202362257,139186095,0,0,0,0,0,0,0,0,0,0,0,0,0,0,站内达人视频,,,否
1,2026,8月,#N/A,2026年4月,548981674970,星巴克杯子简约清新玻璃吸管杯合集可爱冷饮桌面水杯,2026-04-18 08:52:15,1007298827153,139186095,0,0,0,0,0,0,0,0,0,0,0,0,0,0,往期视频,,,否
1,2026,8月,爪爪天地,2026年6月,568763143103,爪爪天地,2026-06-10 18:02:38,1047737497582,139186095,0,0,0,0,0,0,0,0,0,0,0,0,0,0,往期视频,,,否
1,2026,8月,钛杯,2026年6月,569691351956,爆闪钛杯,2026-06-16 16:45:23,1006202362257,139186095,0,0,0,1,0,0,0,0,0,0,0,0,0,0,往期视频,,,否
1,2026,8月,朋克芭蕾,2026年6月,571777014344,星品上线,2026-06-30 15:19:14,1062950936874,139186095,0,0,0,1,0,0,0,0,0,0,0,0,0,0,往期视频,,,否
1,2026,8月,朋克芭蕾,2026年7月,572969372189,朋克芭蕾,2026-07-07 17:38:14,1062950936874,139186095,0,0,0,0,0,0,0,0,0,0,0,0,0,0,往期视频,,,否
1,2026,8月,疾风竞野,2026年7月,655787677296071,疾风劲野,2026-07-14 13:16:49,1064356200654,139186095,0,0,0,0,0,0,0,0,0,0,0,0,0,0,往期视频,,,否
1,2026,8月,多链接,2023年6月,414211837954,星巴克女神款吸管杯，好看的杯子真的不嫌多,2023-06-10 22:32:13,"627415956439,684474821708",139186095,0,0,0,0,0,0,0,0,0,0,0,0,0,0,往期视频,,,否
1,2026,8月,多链接,2023年6月,416525017745,星巴克玻璃吸管杯合集,2023-06-25 14:26:23,"696749690445,684474821708,682088671211,656356899156,627415956439,593731938196",139186095,0,0,0,0,0,0,0,0,0,0,0,0,0,0,往期视频,,,否
1,2026,8月,多链接,2021年11月,334435928719,"#双11巅峰倒计时#王炸星品、梦中情杯，全场5折怎么选？30s看指南，立省那么多~！

【星杯至高立",2021-11-06 09:00:00,"656356123958,656356447294,656356371790,656356379814,656268119430,656267095967",139186095,0,0,0,0,0,0,0,0,0,0,0,0,0,0,往期视频,,,否
1,2026,7月,薄荷绿系列,2023年6月,415731941695,星巴克好看的杯子真的不嫌多啊,2023-06-19 17:14:26,"718570840547,684474773775",139186095,424,989,0.120503597122302,1,9117,10457,36,38,386,351,0.0369130725829588,0.0384995064165844,328,166,往期视频,,,否
1,2026,7月,墨绿,2022年9月,378950037102,星巴克经典墨绿吸管杯，厚实的玻璃材质更有质感~,2022-09-30 09:00:00,627415956439,139186095,415,412,0.0303643724696356,1,8612,9440,27,27,398,368,0.0421610169491525,0.0427310729215049,375,211,往期视频,,,否
1,2026,7月,咖啡宝藏,2024年5月,460235214175,"星巴克宝藏杯,咖啡流金款合集
Starbucks星巴克官方旗舰店 
星巴克 星巴克杯子 星巴克水杯 ",2024-05-04 10:00:00,750932511412,139186095,334,1789,0,0,8074,9119,26,26,342,305,0.0375041122930146,0.0377755759227149,298,192,往期视频,,,否
1,2026,7月,雾野系列,2024年6月,466069072908,"星巴克雾野系列,超有质感的杯子
Starbucks星巴克官方旗舰店
星巴克 星巴克水杯  星巴克杯子",2024-06-07 09:46:53,794572511612,139186095,468,917,0.00355871886120996,0,6868,8131,32,33,382,336,0.0469806911818964,0.0489225393127548,357,202,往期视频,,,否
1,2026,7月,咖啡宝藏,2024年7月,472447801879,"星巴克宝藏杯,咖啡流金款合集
Starbucks星巴克官方旗舰店 
星巴克 星巴克杯子 星巴克水杯 ",2024-07-17 10:05:10,750932511412,139186095,483,189,0.0268096514745308,0,6483,9259,10,10,663,520,0.0716060049681391,0.0802097794231066,560,354,往期视频,,,否
1,2026,7月,紫夜星河,2026年5月,563468491668,夏夜浪漫💜新品紫夜星河系列上线,2026-05-06 21:30:05,1046766030024,139186095,564,0,0.0282392026578073,0,3623,3914,3,3,59,58,0.015074092999489,0.0160088324592879,28,20,AI短视频,,是,否
1,2026,7月,马克杯合集,2025年11月,543924197872,熊店长甜品屋🈺！布丁杯上工🙋‍♀️,2025-11-29 21:00:00,979072431459,139186095,496,124,0,0,3348,3536,5,5,298,282,0.0842760180995475,0.0842293906810036,225,173,图文,,,否
1,2026,7月,活泼率,2024年5月,463009062504,"星巴克活泼绿系列
Starbucks星巴克官方旗舰店 
星巴克 星巴克杯子 星巴克水杯  户外",2024-05-18 12:00:00,783054778948,139186095,132,0,0.0769230769230769,0,2828,3080,7,8,125,115,0.0405844155844156,0.0406647807637907,95,64,往期视频,,,否
1,2026,7月,经典绿,2023年6月,416807281255,星巴克杯子薄荷绿系列小清新水杯大容量便携,2023-06-27 18:57:24,718570840547,139186095,134,0,0.101694915254237,0,2774,3048,11,12,150,130,0.0492125984251969,0.0468637346791637,152,86,往期视频,,,否
1,2026,7月,雾野系列,2024年6月,468131920295,"星巴克雾野系列,超有质感的杯子
Starbucks星巴克官方旗舰店 
星巴克 星巴克杯子星巴克水杯 ",2024-06-19 13:20:55,794572511612,139186095,214,1284,0,0,2367,2593,17,18,120,113,0.0462784419591207,0.0477397549640896,132,88,往期视频,,,否
1,2026,7月,薄荷绿系列,2025年5月,519957141605,这么美的清透玻璃杯不能只有我知道🥰！,2025-05-22 07:05:00,792978475194,139186095,256,765,0.00336700336700337,0,2102,2355,22,22,172,161,0.073036093418259,0.0765937202664129,183,125,往期视频,,,否
1,2026,7月,墨绿,2022年7月,367145462095,"摩登复古墨绿马克杯
-
磨砂陶瓷材质好舒服的手感
精致小巧的杯型
日常补水or咖啡
喝水适宜
摩登时",2022-07-03 19:00:00,628335395083,139186095,80,114,0.0111111111111111,0,2041,2314,4,4,103,94,0.0445116681071737,0.0460558549730524,87,45,往期视频,,,否
1,2026,7月,夏日甜品派对,2026年7月,4491036212600764,户外出行🐻小熊陪你~,2026-07-04 20:00:00,1046028731385,139186095,691,0,0.443877551020408,4,1976,2160,7,7,53,49,0.024537037037037,0.0247975708502024,73,40,往期视频,,,否
1,2026,7月,墨绿,2022年12月,390287210486,星巴克经典墨绿色马克杯，哑光金色铜章搭配立体竖条纹，杯形设计更有质感Starbucks星巴克官方旗舰,2022-12-08 15:54:12,642508647066,139186095,79,174,0.0212765957446809,0,1872,2029,8,8,69,61,0.0340068999507146,0.0325854700854701,64,39,往期视频,,,否
1,2026,7月,马克杯合集,2025年10月,539048183883,🍞给杯子出片！我是认真的,2025-10-27 18:00:00,979072431459,139186095,111,0,0,0,1824,1959,4,4,102,94,0.0520673813169985,0.0515350877192982,99,67,种草短视频,桌面,,否
1,2026,7月,夏日甜品派对,2026年5月,565719738469,分享一个超萌兔兔吸管杯~！,2026-05-20 18:00:51,1046028731385,139186095,1406,0,0.0265379975874548,0,1568,1715,2,2,26,24,0.0151603498542274,0.0153061224489796,68,42,种草短视频,室内其他,是,否
1,2026,7月,双饮口杯合集,2025年2月,508897132185,🎀属于咖啡控的高颜值神器👑,2025-02-26 15:27:26,"887348604427,887984893409,890132555712,768886743103",139186095,137,0,0.0701754385964912,0,1556,1730,5,6,74,68,0.0427745664739884,0.0437017994858612,51,37,往期视频,,,否
1,2026,7月,爪爪天地,2026年7月,1226121315847036,周末带着超萌小鸡毛水壶一起粗去丸呀~,2026-07-05 18:00:00,1047737497582,139186095,1243,0,0.624082232011747,4,1485,1673,2,2,11,11,0.00657501494321578,0.00740740740740741,10,9,往期视频,,,否
1,2026,7月,墨绿,2022年12月,393182363503,"星巴克经典墨绿马克杯，醒目的人鱼logo浮雕设计于杯面上，风格大气时尚
Starbucks星巴克官方",2022-12-29 11:37:46,628335395083,139186095,51,0,0,0,1408,1516,7,7,37,36,0.0244063324538259,0.0255681818181818,25,16,往期视频,,,否
1,2026,7月,多肉花园,2024年6月,465763497727,"星巴克杯子,多肉花园系列合集
Starbucks星巴克官方旗舰店
星巴克 星巴克杯子 星巴克水杯  ",2024-06-04 13:39:36,794743133653,139186095,86,428,0,0,1203,1310,9,12,82,75,0.0625954198473282,0.0623441396508728,89,51,往期视频,,,否
1,2026,7月,朋克芭蕾,2026年7月,571778890515,【百亿补贴】星巴克杯子朋克芭蕾系列钛杯马克杯不锈钢杯七夕礼物,2026-07-01 12:54:26,1062950936874,139186095,49,0,0,0,1160,1274,0,0,8,8,0.00627943485086342,0.00689655172413793,0,0,往期视频,,,否
1,2026,7月,多肉花园,2024年8月,477231798365,收集桌面上的元气时刻,2024-08-18 13:00:00,794743133653,139186095,112,0,0,0,1140,1476,1,1,82,72,0.0555555555555556,0.0631578947368421,47,33,往期视频,,,否
1,2026,7月,爪爪天地,2026年7月,1564449813923635,我的喝水新宠~创意腊肠热狗马克杯,2026-07-14 20:00:19,1047737497582,139186095,600,2305,0.0652173913043478,2,1006,1208,11,13,13,12,0.0107615894039735,0.0119284294234592,116,67,往期视频,,,否
1,2026,7月,薄荷绿系列,2024年10月,490044749354,双11来啦|拥有这样的杯子也太幸福了吧！,2024-10-30 17:37:21,792978475194,139186095,83,0,0,0,989,1008,0,0,38,33,0.0376984126984127,0.0333670374115268,21,13,往期视频,,,否
1,2026,7月,朋克芭蕾,2026年7月,3502008447079823,优雅or叛逆？这只马克杯来诠释！,2026-07-18 18:00:00,1062950936874,139186095,808,320,0.406147091108672,2,971,1042,3,4,15,14,0.0143953934740883,0.0144181256436663,35,20,往期视频,,,否
1,2026,7月,紫夜星河,2026年5月,563852600888,星巴克杯子紫夜星河系列大容量高颜值质感吸管杯保温杯桌面水杯,2026-05-07 07:12:43,1046766030024,139186095,50,0,0,0,888,984,0,0,10,8,0.0101626016260163,0.00900900900900901,3,2,往期视频,,,否
1,2026,7月,墨绿,2022年7月,368694736229,"星巴克墨绿色保温杯,时尚便携送礼",2022-07-20 16:27:52,642170058962,139186095,33,0,0.0526315789473684,0,887,929,1,1,31,30,0.0333692142088267,0.0338218714768884,27,20,往期视频,,,否
1,2026,7月,不锈钢吸管杯,2025年4月,517319756175,星巴克薯条杯×美食MBTI，一口解锁你的专属饮品🧋！,2025-04-30 09:00:00,818748783317,139186095,78,0,0.0421052631578947,0,884,1012,2,2,34,29,0.033596837944664,0.0328054298642534,35,25,往期视频,,,否
1,2026,7月,爪爪天地,2026年7月,1688824552208989,☕️桌面新宠！能喝水的狗狗秋千,2026-07-01 15:00:16,1047737497582,139186095,330,124,0.37953795379538,3,867,967,14,16,6,6,0.0062047569803516,0.0069204152249135,170,104,往期视频,,,否
1,2026,7月,爪爪天地,2026年7月,297264553166618,工位显眼包！腊肠修勾马克杯,2026-07-06 20:00:49,1047737497582,139186095,464,0,0.183431952662722,2,815,884,3,3,7,6,0.00791855203619909,0.00736196319018405,13,9,种草短视频,桌面,,否
1,2026,7月,薄荷绿系列,2024年6月,465891133893,"星巴克吸管杯,清透玻璃女神杯
Starbucks星巴克官方旗舰店 
星巴克 星巴克杯子 星巴克水杯 ",2024-06-05 09:42:57,792978475194,139186095,97,572,0,1,814,909,7,8,62,59,0.0682068206820682,0.0724815724815725,57,35,往期视频,,,否
1,2026,7月,夏日甜品派对,2026年7月,3583083271279479,好喜欢我的甜甜冰霸杯🍓,2026-07-01 18:00:00,1046028731385,139186095,406,3318,0.3,5,722,798,2,2,26,21,0.0325814536340852,0.0290858725761773,36,25,往期视频,,,否
1,2026,7月,爪爪天地,2026年7月,2930765109858995,腊肠马克杯|每人能抗拒这句YESFRIDAY！,2026-07-07 20:00:55,1047737497582,139186095,140,0,0.0613496932515337,3,715,793,1,1,9,8,0.0113493064312736,0.0111888111888112,16,9,往期视频,,,否
1,2026,7月,钛杯,2026年1月,549478600331,便携爆闪钛杯，本颜控很满意！,2026-01-11 20:00:00,1006202362257,139186095,44,638,0.06,0,670,723,0,0,25,24,0.0345781466113416,0.0358208955223881,26,18,直播剪辑,,,否
1,2026,7月,爪爪天地,2026年7月,2713623820231674,我的工位新宠！被同事疯狂要链接的马克杯....,2026-07-10 18:00:06,1047737497582,139186095,2174,0,0.523544520547945,2,657,728,1,1,7,6,0.00961538461538462,0.0091324200913242,12,10,往期视频,,,否
1,2026,7月,朋克芭蕾,2026年7月,2177500682838216,绝美钛杯！紫雾里的碎钻星光💎,2026-07-15 20:00:00,1062950936874,139186095,528,592,0.0375203915171289,3,588,633,17,17,21,20,0.033175355450237,0.0340136054421769,261,186,往期视频,,,是
1,2026,7月,朋克芭蕾,2026年7月,3575100788658584,芭蕾吸管杯|灰调里的粉色甜梦🎀,2026-07-16 20:00:28,1062950936874,139186095,209,0,0.0627615062761506,8,587,644,4,4,10,10,0.015527950310559,0.0170357751277683,39,21,往期视频,,,否
1,2026,7月,爪爪天地,2026年7月,1592607721705368,宝藏吸管杯申请加入你的工位☀,2026-07-07 18:00:40,1047737497582,139186095,306,473.644295302013,0.173652694610778,3,583,650,3,4,9,8,0.0138461538461538,0.0137221269296741,31,18,往期视频,,,否
1,2026,7月,活泼率,2024年5月,463772296778,"星巴克活泼绿系列,经典时尚保温杯
Starbucks星巴克官方旗舰店
星巴克 星巴克杯子 星巴克水杯",2024-05-24 16:29:09,783054778948,139186095,21,309,0,0,528,569,1,1,20,17,0.0351493848857645,0.0321969696969697,16,9,往期视频,,,否
1,2026,7月,岁岁欢喜,2026年6月,568733017968,【百亿补贴】星巴克杯子岁岁欢喜系列马克杯不锈钢双饮口杯合集,2026-06-09 11:44:33,1051063891501,139186095,4,269,0,0,503,552,1,1,8,7,0.0144927536231884,0.0139165009940358,2,2,往期视频,,,否
1,2026,7月,小冰霸,2026年7月,2554616411308658,615ml晶粉小冰霸⭐已上线,2026-07-21 18:00:41,1066491598181,139186095,178,448,0,0,492,525,9,9,30,25,0.0571428571428571,0.0508130081300813,108,61,往期视频,,,否
1,2026,7月,朋克芭蕾,2026年6月,667732253056241,星品上新|朋克芭蕾💥一杯装下叛逆与温柔,2026-06-30 12:30:37,1062950936874,139186095,261,0,0.369747899159664,1,472,530,0,0,16,11,0.030188679245283,0.0233050847457627,10,9,AI短视频,,是,否
1,2026,7月,爪爪天地,2026年7月,664899261272720,夏日出门🍥带上这只小狗水杯~,2026-07-11 12:00:00,1047737497582,139186095,784,0,0.547235023041475,2,456,501,2,3,6,6,0.0119760479041916,0.0131578947368421,19,14,种草短视频,户外,,否
1,2026,7月,紫夜星河,2026年5月,564789870446,背上星星杯套，来一场宇宙浪漫随行~💫,2026-05-15 20:00:00,1046766030024,139186095,2,0,0,0,431,477,0,0,3,2,0.00628930817610063,0.00464037122969838,5,1,种草短视频,桌面,是,否
1,2026,7月,夏日甜品派对,2026年7月,724987011638062,放在工位☀被好多同事追着问的冰霸杯...,2026-07-13 20:00:03,1046028731385,139186095,690,1214,0.042875157629256,1,426,478,6,7,18,16,0.0376569037656904,0.0375586854460094,104,73,往期视频,,,否
1,2026,7月,爪爪天地,2026年7月,3418201564466373,打工人离不开的美丽车载水杯💛,2026-07-09 18:00:23,1047737497582,139186095,132,0,0.151315789473684,1,408,433,2,2,4,4,0.0092378752886836,0.00980392156862745,8,6,往期视频,,,否
1,2026,7月,冰霸杯,2026年7月,3806391287021421,夏日小甜杯已就位！🧊🍥,2026-07-13 18:00:11,"1047737497582,919010228354,792880543164",139186095,283,134,0.293357933579336,1,407,447,2,2,7,6,0.0156599552572707,0.0147420147420147,5,4,往期视频,,,否
1,2026,7月,爪爪天地,2026年7月,758897095133459,膳魔师小鸡毛保温杯🧣送人首选,2026-07-09 20:00:48,1047737497582,139186095,658,0,0.635211267605634,1,402,428,2,3,2,2,0.00467289719626168,0.00497512437810945,0,0,种草短视频,桌面,,否
1,2026,7月,朋克芭蕾,2026年7月,3192129647601903,星品开箱|分享一对绝美甜酷马克杯🎟️,2026-07-14 18:00:00,1062950936874,139186095,98,0,0.202702702702703,2,398,441,0,0,2,2,0.00453514739229025,0.0050251256281407,1,1,往期视频,,,否
1,2026,7月,咖啡宝藏,2024年2月,448477480735,"星巴克宝藏杯,咖啡流金款吸管保温
Starbucks星巴克官方旗舰店
星巴克 星巴克杯子 星巴克水杯",2024-02-02 10:09:57,750932511412,139186095,49,0,0.0263157894736842,0,380,440,2,2,46,33,0.104545454545455,0.0868421052631579,59,32,往期视频,,,否
1,2026,7月,星礼卡,2022年12月,392014196579,"新年好礼，超这里看！
可买星杯和咖啡的星礼卡
实用性满满
新年氛围插画
正好是寄托祝福的卡面
快来送",2022-12-30 11:28:21,"692173348106,687136221235,684390423207,681095081885,677382512880,674685155551",139186095,20,500,0,0,369,405,0,0,8,8,0.0197530864197531,0.021680216802168,2,2,往期视频,,,否
1,2026,7月,多链接,2021年11月,338875563377,"节日星意，浓厚来袭。小动物们齐聚卡面，为即将到来的派对欢庆~
starbucks/星巴克入手一张节日",2021-11-24 10:19:06,"656267759245,656267683348,656267647914,655501821552,655501569870,655052140244",139186095,14,0,0,0,369,412,1,1,12,11,0.029126213592233,0.029810298102981,15,6,往期视频,,,否
1,2026,7月,朋克芭蕾,2026年7月,2881259874524220,星品上新|这杯黑粉撞色太懂反叛少女心💥,2026-07-03 12:00:00,1062950936874,139186095,25,378,0.151515151515152,0,360,390,0,0,4,4,0.0102564102564103,0.0111111111111111,2,2,AI短视频,,,否
1,2026,7月,爪爪天地,2026年7月,1198437245194560,捏捏小柴没烦恼！这个双饮口挂件杯太戳我了😝,2026-07-11 18:00:00,1047737497582,139186095,255,0,0.177536231884058,1,342,380,2,2,4,4,0.0105263157894737,0.0116959064327485,8,8,种草短视频,桌面,,否
1,2026,7月,冰霸杯,2025年6月,523773689814,妈宝妹宝不如成为水宝宝💦大容量吨吨满足感,2025-06-22 10:00:00,919010228354,139186095,30,0,0,0,320,354,3,3,12,11,0.0338983050847458,0.034375,9,8,往期视频,,,否
1,2026,7月,钛杯,2026年7月,3299295081271588,户外说走就走☁别忘记带上ta！,2026-07-24 18:00:05,1006202362257,139186095,47,0,0,0,311,336,0,0,5,5,0.0148809523809524,0.0160771704180064,7,6,往期视频,,,否
1,2026,7月,爪爪天地,2026年7月,1404985257787759,开箱一个貌美小狗马克杯･ิϖ･ิ,2026-07-04 18:00:00,"1047738209197,1047737497582",139186095,441,0,0.567796610169492,3,310,349,0,0,1,1,0.00286532951289398,0.0032258064516129,0,0,往期视频,,,否
1,2026,7月,小冰霸,2026年7月,1572607855070028,工位新宠✨迷你冰霸杯上线,2026-07-29 09:00:00,1066491598181,139186095,125,0,0.0300751879699248,3,310,344,0,0,7,7,0.0203488372093023,0.0225806451612903,4,3,往期视频,,,否
1,2026,7月,爪爪天地,2026年7月,392855811130599,拆一个超创意腊肠杯盖马克杯~！,2026-07-10 18:00:00,1047737497582,139186095,492,601,0.0353159851301115,1,309,333,43,45,4,4,0.012012012012012,0.0129449838187702,425,262,往期视频,,,否
1,2026,7月,爪爪天地,2026年6月,446647795066196,腊肠作杯盖？355ml马克杯萌出新高度！,2026-06-18 20:00:53,"1047738209197,1047737497582",139186095,11,0,0,0,309,320,1,2,6,6,0.01875,0.0194174757281553,0,0,站内达人视频,,,否
1,2026,7月,疾风竞野,2026年7月,3998640766300474,疾风竞野系列|把世界杯激情装进这杯🌿,2026-07-17 20:00:00,1064356200654,139186095,142,0,0,0,304,340,2,2,4,4,0.0117647058823529,0.0131578947368421,118,100,往期视频,,,否
1,2026,7月,爪爪天地,2026年7月,2172314230064614,🧊被这只躺平修勾吸管杯拿捏了！💨,2026-07-02 15:00:00,"1047738209197,1047737497582",139186095,514,0,0.4736,3,297,330,0,0,5,5,0.0151515151515152,0.0168350168350168,1,1,往期视频,,,否
1,2026,7月,爪爪天地,2026年6月,753776068920029,工位吨吨杯！守护打工人的喝水KPI,2026-06-26 20:00:24,1047737497582,139186095,86,0,0.0989010989010989,0,294,341,2,2,4,4,0.0117302052785924,0.0136054421768707,2,2,种草短视频,桌面,是,否
1,2026,7月,朋克芭蕾,2026年7月,4059344660253463,闪闪钛杯开箱𐙚‧₊°🖤喝水也要有态度,2026-07-25 18:00:00,1062950936874,139186095,215,0,0.508928571428571,1,288,313,0,0,4,4,0.012779552715655,0.0138888888888889,3,3,往期视频,,,否
1,2026,7月,朋克芭蕾,2026年7月,216717508577528,⛓️这只双饮口杯把朋克风刻进DNA,2026-07-15 18:00:00,1062950936874,139186095,332,296,0.0686813186813187,3,282,311,4,5,9,9,0.0289389067524116,0.0319148936170213,41,28,往期视频,,,否
1,2026,7月,冰霸杯,2026年7月,4256499501063821,甜妹的夏天车载杯🎀你们选好了吗？,2026-07-05 12:00:00,"919010228354,792880543164",139186095,95,0,0.161616161616162,6,279,319,0,0,6,5,0.0188087774294671,0.017921146953405,0,0,往期视频,,,否
1,2026,7月,冰霸杯,2026年7月,997145356385029,分享我的运动瑜伽好搭子🎀,2026-07-18 00:00:00,919010228354,139186095,20,0,0,0,277,315,0,0,4,4,0.0126984126984127,0.0144404332129964,0,0,往期视频,,,否
1,2026,7月,疾风竞野,2026年7月,2294117107361418,@所有球迷⚽举杯致敬每一个当下,2026-07-19 18:00:00,1064356200654,139186095,4,0,0,0,272,313,0,0,3,2,0.00958466453674121,0.00735294117647059,0,0,往期视频,,,否
1,2026,7月,钛杯,2026年7月,1967119375690908,星动假日|户外必备☁向云端出发,2026-07-19 12:00:00,1006202362257,139186095,5,0,0,0,261,297,0,0,2,2,0.00673400673400673,0.00766283524904215,1,1,往期视频,,,否
1,2026,7月,咖啡宝藏,2025年1月,504057377596,咖啡宝藏的杯子荣获“学习好搭子”称号,2025-01-16 15:03:00,"750932511412,628335395083,610061702354,874047718057,869275512238",139186095,15,169,0.15,0,256,272,0,0,5,5,0.0183823529411765,0.01953125,2,2,往期视频,,,否
1,2026,7月,春日晴空,2026年7月,1234233171133078,🩰格子蝴蝶结+珠链！这杯是甜妹本命,2026-07-06 19:00:22,768886743103,139186095,250,219,0.0604982206405694,3,251,289,3,3,6,6,0.0207612456747405,0.0239043824701195,17,12,往期视频,,,否
1,2026,7月,小冰霸,2026年7月,3890397865220781,900ml子母冰霸杯|🎀mini小杯做挂件太特别了！,2026-07-29 18:00:00,"1062950936874,792880543164",139186095,75,160,0,1,250,267,1,1,6,5,0.0224719101123595,0.02,7,5,往期视频,,,否
1,2026,7月,墨绿,2022年7月,369360201793,"星巴克墨绿色保温杯,精致又高级",2022-07-21 17:09:52,642170058962,139186095,10,0,0.153846153846154,0,250,267,2,2,11,10,0.0411985018726592,0.04,9,6,往期视频,,,否
1,2026,7月,春日晴空,2026年7月,4205594331804283,🥤超火可乐杯！清爽一夏,2026-07-21 20:00:19,768886743103,139186095,172,846,0,0,246,280,0,0,8,7,0.0285714285714286,0.0284552845528455,73,54,往期视频,,,否
1,2026,7月,疾风竞野,2026年7月,1398079028357855,看球搭子已上线！星巴克太懂球迷了👀,2026-07-17 18:00:00,1064356200654,139186095,14,0,0,0,243,273,0,0,3,3,0.010989010989011,0.0123456790123457,3,3,往期视频,,,否
1,2026,7月,爪爪天地,2026年7月,482049174931307,柯基屁屁作杯套~这杯好特别！,2026-07-03 18:00:00,"1047738209197,1047737497582",139186095,293,0,0.461111111111111,4,233,266,1,1,6,6,0.0225563909774436,0.0257510729613734,11,4,种草短视频,桌面,,否
1,2026,7月,星礼卡,2021年11月,337247452739,星意在线中，送人or自留，不同价位星礼卡套装，为你推荐~,2021-11-22 12:29:10,"656090643717,655501973807,655501925904,654877380903,653914665109",139186095,18,3000,0,0,228,254,3,3,15,13,0.0590551181102362,0.0570175438596491,14,9,往期视频,,,否
1,2026,7月,朋克芭蕾,2026年7月,3251696725194150,👜甜酷“杯包”组，拿捏OOTD,2026-07-27 19:30:21,1062950936874,139186095,139,0,0.0129032258064516,1,225,234,1,2,7,5,0.0299145299145299,0.0222222222222222,8,6,往期视频,,,否
1,2026,7月,多链接,2025年1月,505035467806,星相伴系列不锈钢桌面杯355ml,2025-01-23 16:00:00,"877351301580,844791620623,847937239873,847250101854,813352583327,768886743103",139186095,16,0,0,0,223,228,0,0,3,3,0.0131578947368421,0.0134529147982063,1,1,往期视频,,,否
1,2026,7月,爪爪天地,2026年7月,2601861414388048,chill小狗推盖杯~毛绒杯套软乎乎！,2026-07-02 20:00:00,1047737497582,139186095,92,0,0.02,3,221,252,0,0,6,5,0.0238095238095238,0.0226244343891403,2,2,往期视频,,,否
1,2026,7月,冰霸杯,2025年9月,533334324555,紫色控必入的超实用冰霸杯~,2025-09-08 20:00:21,792880543164,139186095,27,0,0,0,220,233,1,1,8,7,0.0343347639484979,0.0318181818181818,8,6,往期视频,,,否
1,2026,7月,冰霸杯,2026年7月,3238485402842027,🌸晶粉小冰霸|极简高级感拿捏了,2026-07-16 18:00:53,919010228354,139186095,3,0,0,0,220,251,0,0,1,1,0.00398406374501992,0.00454545454545455,0,0,往期视频,,,否
1,2026,7月,薄荷绿系列,2024年6月,466869600190,"星巴克蝴蝶结款女神杯，清透淡粉温柔氛围
Starbucks星巴克官方旗舰店
星巴克 星巴克杯子 星巴",2024-06-12 10:41:23,792978475194,139186095,17,119,0,0,218,233,2,2,9,9,0.0386266094420601,0.0412844036697248,5,4,往期视频,,,否
1,2026,7月,朋克芭蕾,2026年7月,4067678297979954,朋克芭蕾系列|🖤拿捏甜酷风 🩷,2026-07-01 20:00:00,1062950936874,139186095,9,0,0,0,216,258,0,0,3,3,0.0116279069767442,0.0138888888888889,2,2,往期视频,,,否
1,2026,7月,冰霸杯,2026年6月,948266942511831,一眼爱上这个珍珠白高级随行杯🤍,2026-06-30 18:00:04,"919010228354,792880543164",139186095,392,0,0.501160092807425,2,213,252,0,0,5,5,0.0198412698412698,0.0234741784037559,2,2,种草短视频,车载,是,否
1,2026,7月,紫夜星河,2026年5月,563861261681,紫夜星河系列|满杯星星，你是人间理想！💜,2026-05-09 18:00:00,1046766030024,139186095,818,0,0.0215175537938845,0,209,247,0,0,2,2,0.00809716599190283,0.00956937799043062,5,3,AI短视频,,是,否
1,2026,7月,经典绿,2023年6月,416980899224,今夏超火！,2023-06-23 14:40:48,718570840547,139186095,32,194,0,0,202,224,5,7,36,33,0.160714285714286,0.163366336633663,42,26,往期视频,,,否
1,2026,7月,春日晴空,2026年7月,1134790351722613,超火可乐杯！易拉罐的夏日好cp,2026-07-22 20:00:01,768886743103,139186095,51,209,0,0,200,235,2,2,5,5,0.0212765957446809,0.025,24,13,往期视频,,,否
1,2026,7月,#N/A,2023年2月,398026201767,"Starbucks星巴克官方旗舰店星巴克膳魔师保温杯,送礼必备",2023-02-20 14:47:55,675697364556,139186095,6,0,0,0,200,219,0,0,4,4,0.0182648401826484,0.02,3,3,往期视频,,,否
1,2026,7月,墨绿,2022年10月,379040309402,星巴克经典墨绿马克杯，竖条纹立体棱面设计，杯面上有哑光铜章，更显质感,2022-10-02 09:00:00,642508647066,139186095,28,182,0,0,199,229,5,5,15,14,0.0655021834061135,0.0703517587939698,14,9,往期视频,,,否
1,2026,7月,夏日甜品派对,2026年7月,1044333457793194,没人能拒绝这只甜品小兔挂链杯吧！🍬🍨,2026-07-12 18:00:00,1046028731385,139186095,68,0,0.21875,2,198,229,0,0,6,6,0.0262008733624454,0.0303030303030303,2,2,往期视频,,,否
1,2026,7月,爪爪天地,2026年6月,2586069627421768,用这个大肚杯☀快乐一夏🧊,2026-06-25 18:00:02,1047737497582,139186095,21,0,0,0,197,223,1,1,1,1,0.00448430493273543,0.0050761421319797,0,0,往期视频,,,否
1,2026,7月,朋克芭蕾,2026年7月,1238554261775666,甜酷钛杯⛓️彰显酷女孩的态度,2026-07-20 20:00:33,1062950936874,139186095,6,0,0,0,194,220,1,1,4,4,0.0181818181818182,0.0206185567010309,3,1,往期视频,,,否
1,2026,7月,多链接,2025年10月,539243660007,🍞因为这只杯杯，爱上吃早餐,2025-10-28 21:00:00,"979072431459,975069063377",139186095,5,0,0,0,193,198,0,0,5,3,0.0252525252525253,0.0155440414507772,5,2,种草短视频,桌面,,否
1,2026,7月,爪爪天地,2026年7月,196986845667460,680ml柯基杯装下整个夏天！🐾,2026-07-26 12:00:00,1047737497582,139186095,1061,308,0.0605285592497869,2,191,214,5,5,3,3,0.014018691588785,0.0157068062827225,51,29,往期视频,,,否
1,2026,7月,朋克芭蕾,2026年7月,839980997626152,拒绝沉闷！甜酷吸管杯承包一夏🎀,2026-07-24 20:00:12,1062950936874,139186095,868,0,0.0210526315789474,3,189,221,12,13,8,6,0.0361990950226244,0.0317460317460317,78,46,往期视频,,,否
1,2026,7月,马克杯合集,2025年11月,542916003452,心动马克杯| 🥨发现一杯会“伪装”的碱水包！,2025-11-24 18:00:00,979072431459,139186095,18,0,0,0,189,198,1,1,13,12,0.0656565656565657,0.0634920634920635,26,7,图文,,,否
1,2026,7月,冰霸杯,2025年5月,519830903622,星巴克多彩夏日的双饮口桌面杯也是让我抢到了😍,2025-05-20 10:29:01,919010228354,139186095,46,259,0.0597014925373134,0,185,214,2,2,34,25,0.158878504672897,0.135135135135135,37,23,往期视频,,,否
1,2026,7月,冰霸杯,2026年7月,509318374085053,甜度满分🎀白粉渐变冰霸杯,2026-07-12 12:00:00,"919010228354,792880543164",139186095,96,0,0.252427184466019,2,183,210,0,0,7,7,0.0333333333333333,0.0382513661202186,5,2,往期视频,,,否
1,2026,7月,暮樱翩翩,2026年3月,555741079005,好杯分享|春游有这只小粉，活力值UP,2026-03-10 15:00:00,1022161108857,139186095,3,0,0,0,183,198,0,0,2,2,0.0101010101010101,0.0109289617486339,0,0,种草短视频,车载,是,否
1,2026,7月,小冰霸,2026年7月,775784988125359,收到闺蜜送的超貌美小冰霸杯！~🎁,2026-07-22 18:00:04,1066491598181,139186095,8,0,0,2,181,222,0,0,9,9,0.0405405405405405,0.0497237569060773,1,1,往期视频,,,否
1,2026,7月,朋克芭蕾,2026年7月,647491148491054,被同事问爆...超有格调的马克杯🖤,2026-07-28 19:00:40,1062950936874,139186095,127,0,0.0152671755725191,2,179,190,0,0,1,1,0.00526315789473684,0.00558659217877095,11,2,往期视频,,,否
1,2026,7月,朋克芭蕾,2026年7月,4261345801461427,🍴酷飒链条双饮口杯直接击中我！,2026-07-26 18:00:00,1062950936874,139186095,68,0,0.0857142857142857,2,166,194,0,0,5,3,0.0257731958762887,0.0180722891566265,2,2,往期视频,,,否
1,2026,7月,多链接,2023年8月,421937904561,星杯的夏日多巴胺调色盘,2023-08-09 11:19:35,"731594844411,731064515092,731064467280,730902598556,730747622472,730544108271",139186095,16,0,0,0,164,172,1,1,8,8,0.0465116279069767,0.0487804878048781,5,2,往期视频,,,否
1,2026,7月,多链接,2025年1月,503480050002,生肖蛇年杯子来了❤️‍🔥,2025-01-12 13:00:00,"869275512238,844790540125,874047718057,865663673191,845920762451,850796509109",139186095,11,0,0,0,161,174,0,0,2,2,0.0114942528735632,0.0124223602484472,3,2,往期视频,,,否
1,2026,7月,暮樱翩翩,2026年3月,556230975669,星杯贴贴|温柔浅紫樱花杯🌸少女心被精准狙击了！！,2026-03-15 20:00:00,1022161108857,139186095,5,0,0,0,158,166,0,0,5,5,0.0301204819277108,0.0316455696202532,3,3,图文,,,否
1,2026,7月,冰霸杯,2025年9月,533723022538,秋意系列|揣上杯杯，去感受秋天~,2025-09-11 21:00:09,919010228354,139186095,327,467,0,0,155,156,0,0,15,13,0.0961538461538462,0.0838709677419355,27,16,往期视频,,,否
1,2026,7月,爪爪天地,2026年6月,1453535300193625,爪爪天地马克杯🧀萌力来袭！,2026-06-24 18:00:00,1047737497582,139186095,7,0,0,0,154,170,0,0,3,3,0.0176470588235294,0.0194805194805195,1,1,往期视频,,,否
1,2026,7月,星礼卡,2021年11月,336208756988,缤纷卡面星礼卡，星动来袭~小动物们跃然于卡面，和你一起过节啦！starbucks/星巴克,2021-11-15 17:00:06,"656267759245,656267683348,656267647914,655876170769,655501569870,655052140244",139186095,4,0,0,0,154,169,0,0,3,3,0.0177514792899408,0.0194805194805195,1,1,往期视频,,,否
1,2026,7月,多链接,2025年1月,504982652332,星巴克还得是你｜这么好看的新年發财杯,2025-01-25 13:00:00,"877078306528,844790540125,837704243964,797213972204,793157392053,730747622472",139186095,4,0,0,0,152,164,0,0,1,1,0.00609756097560976,0.00657894736842105,0,0,往期视频,,,否
1,2026,7月,快乐怡夏,2025年8月,531672504766,星杯开箱|一下子被小熊杯萌到啦~,2025-08-25 20:00:00,964935109662,139186095,10,0,0,0,149,162,0,0,8,8,0.0493827160493827,0.0536912751677852,13,8,往期视频,,,否
1,2026,7月,朋克芭蕾,2026年7月,1526252831884104,暗黑朋克风的水杯你见过吗？🩶,2026-07-28 20:00:38,1062950936874,139186095,416,0,0.280961182994455,3,146,165,0,0,2,2,0.0121212121212121,0.0136986301369863,3,2,往期视频,,,否
1,2026,7月,星礼卡,2021年11月,336837197460,"星意不掉线，星礼卡套装持续售卖中，最高立减190元
是回忆感满满的红杯套装、还是环保星人必入的咖啡主",2021-11-16 14:00:57,"656090643717,655501973807,655501925904,654877380903,653914665109",139186095,8,410,0,0,146,164,2,2,6,6,0.0365853658536585,0.0410958904109589,4,4,往期视频,,,否
1,2026,7月,暮樱翩翩,2026年5月,563713637367,是温柔到犯规的粉紫吸管杯~！🥤,2026-05-07 20:00:00,1022161108857,139186095,1,0,0,0,146,159,0,0,1,1,0.00628930817610063,0.00684931506849315,0,0,站内达人视频,,,否
1,2026,7月,朋克芭蕾,2026年7月,3805539160926387,朋克芭蕾系列|酷女孩的优雅自带棱角🖤,2026-07-02 18:00:00,1062950936874,139186095,4,0,0,0,145,169,0,0,3,3,0.0177514792899408,0.0206896551724138,0,0,往期视频,,,否
1,2026,7月,多链接,2021年11月,335344350585,"#双11巅峰倒计时#双11不停，星意不止。满减攻略已上线，小编这就为你奉上~
领499-30或999",2021-11-07 12:00:00,"655697918145,655501373995,655324141812",139186095,12,0,0,0,144,156,0,0,3,3,0.0192307692307692,0.0208333333333333,2,2,往期视频,,,否
1,2026,7月,0,2026年5月,565139894151,星巴克杯子穿普拉达的女王系列不锈钢杯礼盒马克杯合集,2026-05-18 10:40:22,1021388298332,139186095,1,0,0,0,140,168,0,0,1,1,0.00595238095238095,0.00714285714285714,0,0,往期视频,,,否
1,2026,7月,多链接,2025年1月,503145372528,♥️✨有这款马克杯还不得一路發🐍,2025-01-09 13:01:58,"869275512238,844790540125,866468735070,845920762451,839251551593,718570840547",139186095,7,0,0,0,135,145,0,0,2,2,0.0137931034482759,0.0148148148148148,1,1,往期视频,,,否
1,2026,7月,蓝色系列,2024年5月,463474242611,"星巴克保温杯,大容量便携随行
Starbucks星巴克官方旗舰店 
星巴克 星巴克杯子  星巴克水杯",2024-05-20 16:57:02,750619815394,139186095,3,0,0,0,131,143,0,0,5,4,0.034965034965035,0.0305343511450382,3,3,往期视频,,,否
1,2026,7月,多链接,2025年1月,503894267388,星巴克杯子上新！墨水系列 拿出去何止拉风,2025-01-13 13:34:55,"874047718057,857925623593,869275512238,865663673191,850373115672,850491830757",139186095,4,0,0,0,127,136,0,0,2,2,0.0147058823529412,0.015748031496063,0,0,往期视频,,,否
1,2026,7月,朋克芭蕾,2026年7月,4502715374051319,子母冰霸杯|一杯两喝，甜酷两不误🖤💗,2026-07-23 18:00:28,1062950936874,139186095,5,0,0.384615384615385,3,121,165,0,0,6,4,0.0363636363636364,0.0330578512396694,2,2,往期视频,,,否
1,2026,7月,小冰霸,2026年7月,4258150907782367,粉粉迷你冰霸❤615ml刚刚好,2026-07-23 20:00:07,1066491598181,139186095,4,0,0,0,120,150,0,0,3,2,0.02,0.0166666666666667,0,0,往期视频,,,否
1,2026,7月,#N/A,2026年6月,570112205082,星巴克爪爪天地系列吸管塞盲盒,2026-06-21 11:26:56,1046595371057,139186095,3,0,0,0,117,127,0,0,4,4,0.031496062992126,0.0341880341880342,6,3,往期视频,,,否
1,2026,7月,夏日甜品派对,2026年6月,1068290967916339,粉白蝴蝶结杯碟组🎀是初夏的温柔,2026-06-26 18:00:40,1046028731385,139186095,87,235.84,0.117647058823529,1,112,125,3,3,1,1,0.008,0.00892857142857143,24,17,往期视频,,,否
1,2026,7月,爪爪天地,2026年7月,749168779296264,清凉吸管杯~一眼都心动💦,2026-07-25 20:00:00,1047737497582,139186095,4,0,0.625,2,112,132,0,0,7,4,0.053030303030303,0.0357142857142857,5,1,往期视频,,,否
1,2026,7月,紫夜星河,2026年7月,1191848430941224,🎁专属于你的夏夜浪漫💜,2026-07-30 18:30:38,1046766030024,139186095,2,0,0,0,107,115,0,0,1,1,0.00869565217391304,0.00934579439252336,0,0,往期视频,,,否
1,2026,7月,咖啡宝藏,2023年12月,440708673787,"星巴克咖啡宝藏系列上新
Starbucks星巴克官方旗舰店
星巴克 星巴克杯子 星巴克水杯 ",2023-12-07 16:03:13,750932511412,139186095,11,189,0,0,105,125,0,0,6,5,0.048,0.0476190476190476,4,4,往期视频,,,否
1,2026,7月,多链接,2025年6月,523708312733,夏日清新暴击💦星杯热卖推荐,2025-06-18 15:01:08,"934064185857,929497006605,923450300919,917941084736,914102934273",139186095,6,0,0,0,105,110,0,0,3,3,0.0272727272727273,0.0285714285714286,1,1,往期视频,,,否
1,2026,7月,朋克芭蕾,2026年7月,3534880472350452,轻盈随行钛杯，品味不设限🖤,2026-07-28 18:00:19,1062950936874,139186095,90,0,0.101010101010101,1,103,107,0,0,6,5,0.0560747663551402,0.0485436893203883,2,2,往期视频,,,否
1,2026,7月,爪爪天地,2026年7月,1091241051397166,爪爪天地 ｜ 在桌面上，放一杯你的工作个签,2026-07-30 19:40:45,1047737497582,139186095,13,0,0,0,101,112,0,0,0,0,0,0,2,2,往期视频,,,否
1,2026,7月,星礼卡,2022年11月,385876866684,"#双11来啦#
星礼卡超值直降中！
新品星礼卡
经典人鱼款
无论送给爱人、伙伴、长辈
都有适合的那一",2022-11-08 15:00:29,"687424598117,687136221235,687709739963,687135961371,686797612320,684760422542",139186095,10,0,0,0,97,104,0,0,7,7,0.0673076923076923,0.0721649484536082,1,1,往期视频,,,否
1,2026,7月,紫夜星河,2026年7月,1893267889234172,紫夜星河⭐编织一场夏日梦幻,2026-07-30 18:20:36,1046766030024,139186095,0,0,0,0,97,105,0,0,0,0,0,0,0,0,往期视频,,,否
1,2026,7月,春序纹样,2026年4月,561759560156,春天和新杯子更配！这只随行杯上还有🍃,2026-04-20 20:00:21,1021387954591,139186095,332,0,0.00879765395894428,0,96,108,0,0,2,2,0.0185185185185185,0.0208333333333333,6,3,站内达人视频,,,否
1,2026,7月,爪爪天地,2026年7月,3148210123311427,爪爪天地｜狗狗嘴替陪你解压一夏🐾,2026-07-30 19:20:44,1047737497582,139186095,16,0,0,0,96,106,0,0,1,1,0.00943396226415094,0.0104166666666667,8,6,往期视频,,,否
1,2026,7月,多链接,2025年1月,503289528529,星巴克墨水系列|591ml不锈钢保温杯,2025-01-10 10:06:42,"874047718057,642170058962,627416100233,857925623593,851008764306,850491830757",139186095,5,0,0,0,94,97,0,0,1,1,0.0103092783505155,0.0106382978723404,0,0,往期视频,,,否
1,2026,7月,朋克芭蕾,2026年7月,2440842703468303,朋克芭蕾|不被定义🖤对刻板印象say no,2026-07-30 17:10:31,1062950936874,139186095,5,0,0,0,93,98,0,0,0,0,0,0,0,0,往期视频,,,否
1,2026,7月,爪爪天地,2026年5月,4441803903505040,星品上新🐕喜乐蒂陪你一起摸鱼ing,2026-05-31 12:00:00,1047737497582,139186095,82,0,0.0112359550561798,0,90,96,1,1,6,6,0.0625,0.0666666666666667,6,6,AI短视频,,是,否
1,2026,7月,多链接,2025年1月,503340017357,翻包vlog，密封性超好得宝藏咖啡杯！,2025-01-12 11:02:00,"750932511412,797115438925,874047718057,858198410140,856162521809,865663673191",139186095,3,0,0,0,89,90,0,0,0,0,0,0,0,0,往期视频,,,否
1,2026,7月,墨绿,2022年10月,379356309450,星巴克墨绿款保温杯，立体菱格杯面，卡扣杯盖，出行车载方便饮用,2022-10-03 09:00:00,642170058962,139186095,4,0,0,0,88,93,0,0,3,3,0.032258064516129,0.0340909090909091,3,3,往期视频,,,否
1,2026,7月,多链接,2025年1月,505144471185,星巴克新品蛇年生肖限定新品🐍,2025-01-26 13:00:00,"877078306528,844790540125,837704243964,797213972204,793157392053,730747622472",139186095,1,0,0,0,87,90,0,0,1,1,0.0111111111111111,0.0114942528735632,0,0,往期视频,,,否
1,2026,7月,爪爪天地,2026年6月,3647791833848273,🧊夏日续命神器！一口喝掉所有班味,2026-06-27 20:00:00,1047737497582,139186095,23,0,0,5,85,91,2,2,0,0,0,0,6,5,往期视频,,,否
1,2026,7月,暮樱翩翩,2026年3月,555931593810,把春天装进杯子里了🌸一抹梦幻紫握在手心,2026-03-11 10:00:00,1022161108857,139186095,314,0,0.0123839009287926,0,84,99,1,1,1,1,0.0101010101010101,0.0119047619047619,2,1,种草短视频,桌面,是,否
1,2026,7月,爪爪天地,2026年6月,2870176563652878,🩵好喜欢我的小柯基新杯子！,2026-06-29 18:00:00,1047737497582,139186095,28,204,0.176470588235294,5,81,99,2,2,1,1,0.0101010101010101,0.0123456790123457,7,6,往期视频,,,否
1,2026,7月,多链接,2025年1月,503348665040,墨水灰色系搭配星巴克LOGO，简约杯身,2025-01-12 16:03:00,"874047718057,858198410140,856162521809,851008764306,839571262486,813352583327",139186095,5,0,0,0,81,88,0,0,3,3,0.0340909090909091,0.037037037037037,4,1,往期视频,,,否
1,2026,7月,紫夜星河,2026年5月,564310264656,手握星河入梦来⭐,2026-05-10 18:00:00,1046766030024,139186095,1778,0,0.0281618023553507,0,80,85,2,2,3,2,0.0352941176470588,0.025,17,13,AI短视频,,是,否
1,2026,7月,多链接,2025年1月,504983148580,我宣布这是近几年星巴克最好看的马克杯,2025-01-30 11:00:00,"877078306528,844790540125,837704243964,797213972204,793157392053,730747622472",139186095,3,0,0,0,80,87,0,0,4,4,0.0459770114942529,0.05,5,3,往期视频,,,否
1,2026,7月,多链接,2024年12月,500634712752,杯身的渐变色调，在阳光下闪着光芒,2024-12-26 15:17:00,"858198410140,856162521809,846189691200,819194884736,771671518084,793157480177",139186095,5,0,0,0,79,88,0,0,6,6,0.0681818181818182,0.0759493670886076,6,5,往期视频,,,否
1,2026,7月,朋克芭蕾,2026年7月,3798472229671156,朋克芭蕾系列|甜酷女孩天菜！潮酷上新,2026-07-30 17:05:37,1062950936874,139186095,0,0,0,0,79,83,0,0,1,1,0.0120481927710843,0.0126582278481013,0,0,往期视频,,,否
1,2026,7月,紫夜星河,2026年5月,566035982995,这个冰霸杯里有整片银河💜✨,2026-05-24 18:00:00,1046766030024,139186095,662,0,0.06765899864682,2,78,84,0,0,7,6,0.0833333333333333,0.0769230769230769,5,4,站内达人视频,,,否
1,2026,7月,冰霸杯,2026年6月,2891322027254712,炎炎夏日里最亮眼的一抹粉！💓,2026-06-27 12:00:00,"919010228354,792880543164",139186095,254,0,0.594890510948905,0,75,85,0,0,3,2,0.0352941176470588,0.0266666666666667,0,0,往期视频,,,否
1,2026,7月,多链接,2024年12月,498229264261,桌面放这杯！经典简约更时尚🥤,2024-12-11 17:02:53,"858198410140,856162521809,758657974002,793157480177,793035094782,658447980078",139186095,7,0,0,0,75,79,0,0,9,8,0.113924050632911,0.106666666666667,4,4,往期视频,,,否
1,2026,7月,夏日甜品派对,2026年6月,3756203435118632,挖到一个宝藏少女心保温杯礼盒~！🎁,2026-06-28 18:00:00,1046028731385,139186095,394,277,0.770883054892601,2,67,73,1,1,1,1,0.0136986301369863,0.0149253731343284,3,3,往期视频,,,否
1,2026,7月,复古白绿,2026年4月,562064318106,极简风yyds🍃马克杯我pick这只,2026-04-26 18:00:00,1023062168243,139186095,21,199,0,0,64,73,0,0,3,3,0.0410958904109589,0.046875,1,1,站内达人视频,,,否
1,2026,7月,夏日甜品派对,2026年6月,1368881205001480,夏日出行新宠🍃薄荷蓝随行杯好米！,2026-06-27 15:00:00,1046028731385,139186095,96,0,0.333333333333333,2,63,70,0,0,3,3,0.0428571428571429,0.0476190476190476,3,2,种草短视频,户外,是,否
1,2026,7月,爪爪天地,2026年6月,1354484815178930,杯子里长出一只喜乐蒂来啦！,2026-06-18 18:00:10,"1047738209197,1047737497582",139186095,5,0,0,0,61,66,0,0,2,2,0.0303030303030303,0.0327868852459016,4,2,站内达人视频,,,否
1,2026,7月,多链接,2025年1月,503345536087,复古金属质感棕金鎏光系列🍾,2025-01-11 17:04:00,"858198410140,856162521809,874047718057,851008764306,850796509109,857925623593",139186095,2,0,0,0,61,65,0,0,1,1,0.0153846153846154,0.0163934426229508,0,0,往期视频,,,否
1,2026,7月,0,2026年7月,571627771796,星巴克杯子星空蓝系列不锈钢杯合集经典高颜值学生办公桌面随手杯,2026-07-04 06:02:36,806031748312,139186095,0,0,0,0,61,82,0,0,0,0,0,0,0,0,往期视频,,,否
1,2026,7月,夏日甜品派对,2026年6月,2235361247615507,🧁挖到一个宝藏小羊梳梳杯🐏,2026-06-29 20:00:00,1046028731385,139186095,45,0,0.208333333333333,2,60,79,0,0,2,2,0.0253164556962025,0.0333333333333333,1,1,往期视频,,,否
1,2026,7月,0,2023年12月,443906077880,"星巴克保温杯,带你感受温暖
Starbucks星巴克官方旗舰店
星巴克 星巴克杯子 星巴克水杯 ",2023-12-28 16:55:46,750619859342,139186095,3,0,0,0,60,62,0,0,4,3,0.0645161290322581,0.05,2,2,往期视频,,,否
1,2026,7月,多链接,2024年4月,459884206865,一块儿去撒野吧~,2024-04-30 13:00:00,"677712264074,719627080512,731222743650,783054778948,768859684907,758706031897",139186095,2,0,0,0,59,60,1,1,3,2,0.05,0.0338983050847458,1,1,往期视频,,,否
1,2026,7月,经典绿,2024年3月,454000081862,"星巴克薄荷绿杯
Starbucks星巴克官方旗舰店星巴克 星巴克杯子 星巴克水杯  ",2024-03-21 14:00:00,718570840547,139186095,3,0,0,0,58,66,0,0,1,1,0.0151515151515152,0.0172413793103448,1,1,往期视频,,,否
1,2026,7月,多链接,2022年2月,347319488506,"表达爱意、心意，送给家人、朋友，星礼卡是不错的选择~
用各种卡面送给你想要送的人！
starbuck",2022-02-17 11:31:58,"668402973162,665449579589,665449171903,665083514785,665081722774,664731201027",139186095,2,0,0,0,57,59,0,0,2,2,0.0338983050847458,0.0350877192982456,0,0,往期视频,,,否
1,2026,7月,活泼率,2024年5月,462523099422,"星巴克活泼绿系列,时尚保温杯便携更轻松
Starbucks星巴克官方旗舰店
星巴克 星巴克杯子 星巴",2024-05-13 12:08:25,783054778948,139186095,3,0,0,0,56,60,0,0,1,1,0.0166666666666667,0.0178571428571429,1,1,往期视频,,,否
1,2026,7月,0,2026年5月,563583918451,星巴克杯子只此青绿系列质感保温杯马克杯不锈钢桌面杯,2026-05-07 10:20:38,1047515529213,139186095,0,0,0,0,56,67,0,0,0,0,0,0,0,0,往期视频,,,否
1,2026,7月,多链接,2021年10月,333173541115,"#双11来啦#下单快节奏，咖啡慢享受~
初始面值每张100元，红色氛围星礼卡充满了节日气氛
推上你的",2021-10-27 13:30:42,"654877380903,653914665109",139186095,1,0,0,0,55,56,0,0,1,1,0.0178571428571429,0.0181818181818182,0,0,往期视频,,,否
1,2026,7月,多链接,2025年1月,504357608558,新品！带杯盖的粉色马克杯❤️,2025-01-18 12:04:00,"877351301580,844791620623,877078306528,869275512238,866468735070,839251551593",139186095,3,0,0,0,54,55,0,0,3,3,0.0545454545454545,0.0555555555555556,0,0,往期视频,,,否
1,2026,7月,冰霸杯,2025年9月,533799846305,与秋意周年杯的温暖邂逅✨,2025-09-12 18:00:15,919010228354,139186095,2,0,0,0,54,55,0,0,0,0,0,0,0,0,往期视频,,,否
1,2026,7月,春序纹样,2026年5月,564321451462,超清新的桌面杯杯，它来啦！！,2026-05-13 11:00:00,1021387954591,139186095,2,0,0,0,52,61,0,0,0,0,0,0,0,0,种草短视频,桌面,是,否
1,2026,7月,夏日甜品派对,2026年6月,4170631260686682,带这个杯子出门回头率百分百诶！！,2026-06-02 15:00:00,1046028731385,139186095,2,0,0,0,50,53,0,0,0,0,0,0,0,0,往期视频,,,否
1,2026,7月,万花玫境,2026年3月,555518685720,妇女节专供❤送给自在绽放的她！,2026-03-08 18:00:00,1020511554543,139186095,949,0,0.0148809523809524,0,48,51,0,0,0,0,0,0,2,2,种草短视频,桌面,是,否
1,2026,7月,爪爪天地,2026年6月,22750415957762,萌化了！荡秋千の喜乐蒂马克杯💨,2026-06-23 20:00:07,1047737497582,139186095,72,0,0.0941176470588235,0,48,52,0,0,0,0,0,0,0,0,站内达人视频,,,否
1,2026,7月,夏日甜品派对,2026年7月,1383899085827225,甜夏赴约|夏日甜品派对站任你挑选~💞,2026-07-30 16:44:48,1046028731385,139186095,20,0,0,0,48,50,0,0,3,3,0.06,0.0625,10,7,往期视频,,,否
1,2026,7月,多链接,2025年2月,505330901744,谁能逃得过新中式的魅力！,2025-02-01 12:04:00,"794572511612,793157164657",139186095,2,0,0,0,48,51,0,0,1,1,0.0196078431372549,0.0208333333333333,1,1,往期视频,,,否
1,2026,7月,墨绿,2023年6月,414153349008,星巴克杯子550ml墨绿色女神款玻璃杯,2023-06-10 17:00:57,627415956439,139186095,0,0,0,0,48,51,0,0,1,1,0.0196078431372549,0.0208333333333333,0,0,往期视频,,,否
1,2026,7月,多链接,2025年1月,502262775637,这个杯碟组可爱到💝想全部收藏✨,2025-01-02 16:01:28,"839635946060,866969773356,866468735070,838306843610,818850576975,793034714001",139186095,6,0,0,0,47,54,0,0,2,2,0.037037037037037,0.0425531914893617,2,2,往期视频,,,否
1,2026,7月,多链接,2025年1月,503047471045,♡₊⋆芜湖~🎀又买到了漂亮新年杯子！,2025-01-08 17:04:00,"869275512238,844790540125,724237071137,627741629614,655501925904,654877380903",139186095,0,0,0,0,47,54,0,0,0,0,0,0,0,0,往期视频,,,否
1,2026,7月,爪爪天地,2026年6月,1180828967116093,这个腊肠随行杯萌之！🐾,2026-06-28 12:00:00,1047737497582,139186095,6,0,0.142857142857143,0,44,49,0,0,1,1,0.0204081632653061,0.0227272727272727,0,0,往期视频,,,否
1,2026,7月,多链接,2025年1月,503900412921,本命年的你，🔥红红火火你接不接⁉️,2025-01-15 13:03:00,"844790540125,869275512238,874047718057,865663673191,864705538189,839635946060",139186095,0,0,0,0,44,44,0,0,0,0,0,0,0,0,往期视频,,,否
1,2026,7月,多链接,2025年1月,504874753802,🌟星动杯子|是时候加「杯」糖分了🧬,2025-01-22 17:00:00,"877351301580,844791620623,865663673191,874047718057,847250101854,847937239873",139186095,1,0,0,0,43,46,0,0,2,1,0.0434782608695652,0.0232558139534884,2,1,往期视频,,,否
1,2026,7月,多链接,2024年12月,501132370318,新杯子你别太美了！忍不住多喝水！！！,2024-12-31 19:04:00,"858198410140,856162521809,851008764306,850373115672,839571262486,839571154549",139186095,1,0,0.5,0,43,45,0,0,1,1,0.0222222222222222,0.0232558139534884,0,0,往期视频,,,否
1,2026,7月,多链接,2025年1月,503439082899,星杯上线！你的桌面缺一款五彩斑斓的黑🖤,2025-01-11 11:00:00,"874047718057,761789212641,869275512238,865663673191,783054778948,811692780081",139186095,1,0,0,0,42,42,0,0,0,0,0,0,0,0,往期视频,,,否
1,2026,7月,春序纹样,2026年5月,564309950464,⭐星杯分享|GET了超超好用的车载杯一只！,2026-05-11 10:50:35,1021387954591,139186095,1,0,0,0,42,52,0,0,0,0,0,0,0,0,种草短视频,车载,是,否
1,2026,7月,多链接,2025年2月,506497253820,💖粉嫩新宠！双饮口不锈钢杯，喝水也时尚,2025-02-15 13:04:00,"877351301580,844791620623,819194884736,797008367787,792978475194,792880543164",139186095,1,0,0,0,41,41,0,0,1,1,0.024390243902439,0.024390243902439,0,0,往期视频,,,否
1,2026,7月,多链接,2025年1月,505188293338,这水杯好像知道自己很帅,2025-01-31 16:07:00,"797115438925,750932511412,864705538189,858198410140,877351301580,874047718057",139186095,3,0,0,0,40,40,0,0,1,1,0.025,0.025,1,1,往期视频,,,否
1,2026,7月,多肉花园,2024年9月,482351681167,就这么水灵灵的出现在了桌面上！,2024-09-18 14:00:58,794743133653,139186095,31,0,0,0,39,41,0,0,0,0,0,0,0,0,往期视频,,,否
1,2026,7月,薄荷绿系列,2025年5月,520290770895,入夏第一个玻璃杯到啦！这么多颜色不怕和朋友撞车💝,2025-05-25 10:04:00,792978475194,139186095,3,0,0,0,39,40,0,0,0,0,0,0,2,1,往期视频,,,否
1,2026,7月,马克杯合集,2025年12月,543927629112,有这对萌杯🐻冬日才完整,2025-12-01 18:00:00,979072431459,139186095,3,0,0,0,39,41,0,0,0,0,0,0,0,0,图文,,,否
1,2026,7月,多链接,2025年1月,503879453372,入冬的仪式感，鎏金杯给你装满~,2025-01-15 10:03:00,"858198410140,864705538189,856162521809,874047718057,869275512238,628335395083",139186095,2,0,0,0,39,39,0,0,0,0,0,0,0,0,往期视频,,,否
1,2026,7月,万花玫境,2026年3月,555940669593,万花玫境|我与春天有个约会~,2026-03-12 10:00:00,1020511554543,139186095,2,0,0.333333333333333,0,38,42,0,0,0,0,0,0,0,0,AI短视频,,是,否
1,2026,7月,夏日甜品派对,2026年6月,1345239624619573,435ml双饮口杯|夏日甜心出街必备！🍦,2026-06-25 20:00:08,1046028731385,139186095,25,0,0.142857142857143,1,37,43,0,0,1,1,0.0232558139534884,0.027027027027027,0,0,往期视频,,,否
1,2026,7月,多链接,2023年9月,426559173549,你永远不懂老师的保温杯，有多耐造,2023-09-10 10:00:00,"734309987226,729242772278,731594844411,723901665633,713528556385,718570840547",139186095,1,0,0,0,37,41,0,0,0,0,0,0,0,0,往期视频,,,否
1,2026,7月,紫夜星河,2026年5月,566695971404,🤍紫夜浪漫尽在这杯900ml冰霸杯,2026-05-29 16:00:00,1046766030024,139186095,0,0,0,1,37,37,0,0,0,0,0,0,0,0,站内达人视频,,,否
1,2026,7月,疾风竞野,2026年7月,573865904536,星巴克杯子世界杯足球疾风竞野系列玻璃杯不锈钢桌面杯,2026-07-15 12:54:17,1064356200654,139186095,1,0,0,0,36,41,0,0,1,1,0.024390243902439,0.0277777777777778,0,0,往期视频,,,否
1,2026,7月,暮樱翩翩,2026年5月,562789550213,彩虹🌈穿在杯子上~女神爱用杯,2026-05-06 20:00:00,1022161108857,139186095,23,0,0.0833333333333333,0,35,36,0,0,1,1,0.0277777777777778,0.0285714285714286,0,0,站内达人视频,,,否
1,2026,7月,多链接,2025年1月,503347609823,绝美的白色浮雕马克杯很难不心动⚪️,2025-01-12 15:02:00,"874047718057,642170046560,866969773356,793157392053,718570840547,655589585782",139186095,1,0,0,0,33,35,0,0,1,1,0.0285714285714286,0.0303030303030303,1,1,往期视频,,,否
1,2026,7月,夏日甜品派对,2026年7月,2100082177173006,夏日甜品系列⋆☆₊🐰萌力出击！,2026-07-30 16:36:33,1046028731385,139186095,1,0,0,1,33,35,0,0,0,0,0,0,0,0,往期视频,,,否
1,2026,7月,多链接,2025年1月,503519623236,墨水灰配色杯身，简约且经典,2025-01-12 17:00:00,"874047718057,856162521809,858198410140",139186095,4,0,0,0,32,33,0,0,0,0,0,0,0,0,往期视频,,,否
1,2026,7月,多链接,2025年1月,504991244397,拆箱|这款薯条杯比装咖啡太赞了~,2025-01-25 17:00:00,"818748783317,731594844411,819194884736,696749690445,792978475194",139186095,3,0,0,0,32,33,0,0,0,0,0,0,0,0,往期视频,,,否
1,2026,7月,复古白绿,2026年3月,557970307148,小绿吸管杯，解锁春天好心情！！,2026-03-26 16:24:43,1023062168243,139186095,2,0,0,0,32,35,0,0,0,0,0,0,0,0,种草短视频,桌面,是,否
1,2026,7月,爪爪天地,2026年6月,1363885794737043,🧊夏天喝水好适合用这个冰霸杯🌀,2026-06-23 18:00:02,1047737497582,139186095,1,0,0,1,32,38,0,0,0,0,0,0,0,0,往期视频,,,否
1,2026,7月,爪爪天地,2026年6月,1184460795874049,腊肠修勾随行杯🥞养宠人的天选杯杯,2026-06-24 20:00:00,1047737497582,139186095,0,0,0,0,32,36,0,0,1,1,0.0277777777777778,0.03125,0,0,往期视频,,,否
1,2026,7月,多链接,2025年2月,507568529067,仙杯出没✨喝水届c位出道,2025-02-18 11:06:52,"750421994083,771671518084,792978475194,814063386832,818748783317",139186095,3,0,0,0,31,31,0,0,0,0,0,0,0,0,往期视频,,,否
1,2026,7月,紫夜星河,2026年5月,1030513967340728,星品开箱⭐|谁能抗拒这抹女神紫！,2026-05-30 20:00:00,1046766030024,139186095,0,0,0,0,31,34,0,0,0,0,0,0,0,0,往期视频,,,否
1,2026,7月,爪爪天地,2026年6月,933104971283559,🌭腊肠犬被做成热狗！这只马克杯太创意啦,2026-06-22 18:00:11,"1047737497582,1047738209197",139186095,4,209,0.2,0,30,33,0,0,0,0,0,0,0,0,站内达人视频,,,否
1,2026,7月,多链接,2024年5月,464199967865,618来啦 | 桌面多了一片海,2024-05-25 13:00:00,"787225917736,797269176300,797213972204,797073674425,796999927172,792880543164",139186095,1,0,0,0,30,30,0,0,1,1,0.0333333333333333,0.0333333333333333,0,0,往期视频,,,否
1,2026,7月,夏日甜品派对,2026年6月,2804661746784372,🍬挖到一只超甜蝴蝶结拎手杯！🎀,2026-06-22 20:00:35,1046028731385,139186095,8,0,0.125,0,29,32,0,0,0,0,0,0,1,1,往期视频,,,否
1,2026,7月,多链接,2025年1月,505019595038,报告！这只保温杯有亿点好看！！,2025-01-23 09:03:00,"858198410140,864705538189,877078306528,877351301580,857925623593,865663673191",139186095,3,0,0.2,0,29,29,0,0,4,3,0.137931034482759,0.103448275862069,2,2,往期视频,,,否
1,2026,7月,活泼率,2024年4月,459930050312,"星巴克活泼绿系列上新，活力转场只用一杯
Starbucks星巴克官方旗舰店商品展示星巴克",2024-04-27 12:00:00,783054778948,139186095,1,0,0,0,29,31,0,0,2,2,0.0645161290322581,0.0689655172413793,1,1,往期视频,,,否
1,2026,7月,多肉花园,2024年6月,467261743315,"星巴克杯子,多肉花园系列合集
Starbucks星巴克官方旗舰店 
星巴克 星巴克杯子 星巴克水杯 ",2024-06-11 11:09:05,794743133653,139186095,0,0,0,0,29,32,0,0,0,0,0,0,0,0,往期视频,,,否
1,2026,7月,马克杯合集,2025年10月,539046199502,布丁杯上工🙋‍♀️熊店长甜品屋🈺！,2025-10-25 20:00:00,979072431459,139186095,0,0,0,0,29,29,0,0,0,0,0,0,0,0,种草短视频,桌面,,否
1,2026,7月,0,2026年6月,570857823757,星巴克 猫狗萌宠系列星礼卡 实体储值卡 送礼礼品卡,2026-06-25 11:08:17,628040602431,139186095,0,0,0,0,29,36,0,0,0,0,0,0,0,0,往期视频,,,否
1,2026,7月,朋克芭蕾,2026年7月,2190117958040933,买杯子送包包🥖甜酷风出行套装get,2026-07-31 18:00:00,1062950936874,139186095,36,0,0.0256410256410256,0,28,34,0,0,2,1,0.0588235294117647,0.0357142857142857,0,0,往期视频,,,否
1,2026,7月,爪爪天地,2026年6月,2035447539237075,家有毛孩子都无法抗拒的马克杯💨,2026-06-20 18:00:00,"1047738209197,1047737497582",139186095,6,0,0,0,28,31,0,0,0,0,0,0,0,0,往期视频,,,否
1,2026,7月,多链接,2022年5月,361734382988,"#618来啦#爱咖啡人士，不可错过的星礼卡
☕
618推出了特别款星礼卡
醒目的人鱼女神标识，经典的",2022-05-26 15:16:31,"674262887875,655876070950,643191002232,656090643717,655501925904",139186095,2,0,0,0,28,30,0,0,1,1,0.0333333333333333,0.0357142857142857,0,0,往期视频,,,否
1,2026,7月,多链接,2024年12月,500822221865,今年星巴克是闪闪的棕金色❤️❤️❤️,2024-12-28 12:09:00,"858198410140,856162521809,866468539084,857925623593,845920762451,839766432783",139186095,0,0,0,0,28,28,0,0,0,0,0,0,0,0,往期视频,,,否
1,2026,7月,暮樱翩翩,2026年3月,555937885371,暮樱翩翩系列|小花花随行杯，通勤时刻也精致~,2026-03-10 10:45:00,1022161108857,139186095,89,0,0.0654205607476635,1,26,31,0,0,0,0,0,0,0,0,种草短视频,桌面,是,否
1,2026,7月,暮樱翩翩,2026年3月,555939953851,暮樱翩翩系列|紫樱入杯，春日浪漫直接拉满,2026-03-10 18:18:00,1022161108857,139186095,3,0,0,0,26,26,0,0,2,2,0.0769230769230769,0.0769230769230769,0,0,AI短视频,,是,否
1,2026,7月,夏日甜品派对,2026年6月,2039486480248151,🩷是心动啊~这只小兔杯真的甜到心坎！,2026-06-11 20:00:00,1046028731385,139186095,23,0,0.0416666666666667,0,25,29,0,0,1,1,0.0344827586206897,0.04,0,0,往期视频,,,否
1,2026,7月,冰霸杯,2026年6月,908219895363761,🐶带着我的爪爪冰霸杯~粗去丸,2026-06-20 20:00:00,"919010228354,792880543164",139186095,3,0,0.684210526315789,0,24,27,0,0,0,0,0,0,0,0,站内达人视频,,,否
1,2026,7月,夏日甜品派对,2026年6月,3969653848119424,好温油的粉🍬双饮口甜品小兔杯,2026-06-17 18:00:00,1046028731385,139186095,2,0,0,0,24,27,1,1,2,2,0.0740740740740741,0.0833333333333333,1,1,往期视频,,,否
1,2026,7月,马克杯合集,2025年11月,542007627676,甜品脑袋出列！🍮杯激情下单,2025-11-12 17:42:50,979072431459,139186095,1,0,0,0,24,24,0,0,1,1,0.0416666666666667,0.0416666666666667,1,1,站内达人视频,,,否
1,2026,7月,多链接,2025年1月,503914746503,星巴克奶油风小熊挂件拍了拍你,2025-01-14 09:02:00,"869275512238,839635946060,838306843610,611334517984,655140308004,679555392055",139186095,0,0,0,0,24,26,0,0,0,0,0,0,0,0,往期视频,,,否
1,2026,7月,夏日甜品派对,2026年6月,2702521104265054,☀️你的夏日出游搭子，选好了吗~,2026-06-21 12:00:00,1046028731385,139186095,28,0,0.482758620689655,0,23,26,0,0,1,1,0.0384615384615385,0.0434782608695652,0,0,往期视频,,,否
1,2026,7月,冰霸杯,2026年6月,8653562550106,喝水都冒粉红泡泡🫧星动告白冰霸杯,2026-06-19 20:00:00,"919010228354,792880543164",139186095,18,0,0.1,0,23,26,0,0,1,1,0.0384615384615385,0.0434782608695652,0,0,站内达人视频,,,否
1,2026,7月,爪爪天地,2026年6月,1417590986078694,揣着腊肠去喝水🐾这只杯子太萌噜,2026-06-19 18:00:00,"1047738209197,1047737497582",139186095,2,0,0,0,23,27,0,0,1,1,0.037037037037037,0.0434782608695652,0,0,往期视频,,,否
1,2026,7月,多链接,2025年1月,504714373812,什么？不仅有杯盖，还有红色爱心把手！🍬,2025-01-20 11:51:39,"877351301580,844791620623,745013247948,793157392053,797213972204,628335395083",139186095,2,0,0,0,23,24,0,0,1,1,0.0416666666666667,0.0434782608695652,0,0,往期视频,,,否
1,2026,7月,多链接,2023年11月,438671529131,入冬备货第一波——保温杯,2023-11-25 09:00:00,"750619859342,750619815394,731594844411,719627080512,730902598556,717941810930",139186095,1,0,0,0,23,23,0,0,0,0,0,0,0,0,往期视频,,,否
1,2026,7月,冰霸杯,2026年7月,3716181402175923,晶粉小冰霸🧊你的夏日本命水杯,2026-07-31 20:00:00,919010228354,139186095,8,0,0,1,22,28,0,0,4,2,0.142857142857143,0.0909090909090909,0,0,往期视频,,,否
1,2026,7月,爪爪天地,2026年6月,2688652231551752,回头率百分百的修勾马克杯来噜,2026-06-21 18:00:00,"1047737497582,1047738209197",139186095,1,0,0,0,22,25,0,0,0,0,0,0,0,0,往期视频,,,否
1,2026,7月,多链接,2024年5月,463248616776,618来啦 | 人生啊，总会爱上一朵花,2024-05-22 12:00:00,"713370573460,792978475194",139186095,1,0,0,0,22,23,0,0,0,0,0,0,0,0,往期视频,,,否
1,2026,7月,墨绿,2023年3月,401248717231,"星巴克杯子,墨绿色女神款玻璃
Starbucks星巴克官方旗舰店",2023-03-14 12:00:50,627415956439,139186095,1,0,0,0,21,23,0,0,0,0,0,0,3,1,往期视频,,,否
1,2026,7月,多链接,2025年2月,506239305161,🐾萌宠马克杯🐾，喝水都有好心情🥰,2025-02-09 16:03:00,"845920762451,819081853597,839177327998,839251551593,877351301580,730747622472",139186095,0,0,0,0,21,21,0,0,0,0,0,0,0,0,往期视频,,,否
1,2026,7月,紫夜星河,2026年5月,566563774324,自带清冷滤镜✨360ml保温杯配爆闪杯套,2026-05-27 18:00:00,1046766030024,139186095,0,0,0,0,21,21,0,0,0,0,0,0,0,0,种草短视频,桌面,是,否
1,2026,7月,夏日甜品派对,2026年5月,566830953617,这才是甜妹该带出门的水杯呀！！！🎀,2026-05-28 12:00:00,1046028731385,139186095,3,0,0,0,20,22,1,1,0,0,0,0,0,0,种草短视频,户外,是,否
1,2026,7月,夏日甜品派对,2026年6月,3049424309644444,奶油格纹蝴蝶结🎀夏天爱用拎拎杯,2026-06-16 20:00:49,1046028731385,139186095,1,0,0,0,20,24,0,0,0,0,0,0,0,0,往期视频,,,否
1,2026,7月,多链接,2025年10月,539128694742,💙小熊@你，查收这只治愈杯杯,2025-10-24 20:00:00,"979072431459,979601890501",139186095,1,0,0,0,20,21,0,0,0,0,0,0,0,0,种草短视频,桌面,,否
1,2026,7月,爪爪天地,2026年6月,2146402272253264,🐶 爪爪冰霸杯！大容量的快乐我懂了,2026-06-16 18:00:40,"1047737497582,1047738209197",139186095,19,0,0,0,19,22,0,0,0,0,0,0,0,0,往期视频,,,否
1,2026,7月,冰霸杯,2026年6月,2311386599762190,樱雾奶白🍥这是仙女用的杯子吧！！！,2026-06-15 20:00:23,"919010228354,792880543164",139186095,3,0,0,0,19,22,0,0,1,1,0.0454545454545455,0.0526315789473684,2,1,站内达人视频,,,否
1,2026,7月,爪爪天地,2026年6月,3684976059642999,爪爪荡秋千，打工人的治愈小确幸🐶,2026-06-17 20:00:00,"1047738209197,1047737497582",139186095,2,0,0.75,0,19,21,0,0,0,0,0,0,0,0,往期视频,,,否
1,2026,7月,夏日甜品派对,2026年6月,2834077136677420,夏天补水💓用这只1189ml粉粉冰霸杯叭,2026-06-15 18:00:17,1046028731385,139186095,2,0,0.666666666666667,0,19,22,0,0,0,0,0,0,0,0,站内达人视频,,,否
1,2026,7月,多链接,2025年1月,502394734052,太好啦，是大容量星杯，过年长途有救啦！,2025-01-05 19:02:00,"846189691200,845920762451,789565745991,792880543164,750619815394,783054778948",139186095,1,0,0,0,19,20,0,0,0,0,0,0,0,0,往期视频,,,否
1,2026,7月,冰霸杯,2025年9月,535364650183,💘甜酷暴击！渐变吸管杯一整个爱住,2025-09-26 21:00:00,792880543164,139186095,0,0,0,0,19,19,0,0,0,0,0,0,0,0,往期视频,,,否
1,2026,7月,春序纹样,2026年4月,561492274317,春序马克杯🍃把春天装在杯子里,2026-04-20 18:00:22,1021387954591,139186095,590,0,0.00166666666666667,0,18,24,1,1,0,0,0,0,2,2,站内达人视频,,,否
1,2026,7月,夏日甜品派对,2026年6月,423314398824563,🐇夏天用这个透明小兔吸管杯会不会太甜了！！,2026-06-10 18:00:00,1046028731385,139186095,22,0,0.347826086956522,0,18,24,0,0,1,1,0.0416666666666667,0.0555555555555556,0,0,站内达人视频,,,否
1,2026,7月,多链接,2025年1月,505109918494,有这么红火的新年發财杯进入新年,2025-01-28 11:00:00,"877078306528,844790540125,837704243964,797213972204,793157392053,730747622472",139186095,1,0,0,0,18,20,0,0,0,0,0,0,0,0,往期视频,,,否
1,2026,7月,多链接,2025年1月,502088653191,拥有了世界上最可爱的杯子,2025-01-04 09:03:00,"838306843610,839635946060,866468735070,866969773356,797213972204,628335395083",139186095,0,0,0,0,18,18,0,0,0,0,0,0,0,0,往期视频,,,否
1,2026,7月,多链接,2025年1月,502223446904,叮咚！🔔这个蝴蝶结把手太戳我啦🎀,2025-01-02 15:55:41,"838306843610,839635946060,866969773356,838638361962,818850576975,866468735070",139186095,0,0,0,0,18,18,0,0,0,0,0,0,0,0,往期视频,,,否
1,2026,7月,多链接,2021年12月,341751079454,"红杯季 | 有多少星粉盼望的红杯季到来了~
今年星巴克推出了红杯挂饰，挂饰上是从2016年到2021",2021-12-14 12:27:16,"655589757416,655501925904,655051720611",139186095,0,0,0,0,17,17,0,0,0,0,0,0,0,0,往期视频,,,否
1,2026,7月,暮樱翩翩,2026年3月,556103000886,星杯贴贴|超实用樱花保温杯，它来啦！,2026-03-11 13:00:00,1022161108857,139186095,127,0,0.167883211678832,0,16,18,0,0,0,0,0,0,8,2,种草短视频,桌面,是,否
1,2026,7月,多链接,2025年1月,505161816572,🌵 ins风打卡必备！解锁你的绿色小确,2025-01-27 14:05:00,"794743133653,811692780081,847937239873,869275512238,792880543164,792978475194",139186095,4,0,0,0,16,16,0,0,3,3,0.1875,0.1875,2,2,往期视频,,,否
1,2026,7月,多链接,2025年1月,503290760110,星巴克墨水系列上新，pick你的新年搭子,2025-01-10 12:15:29,"874047718057,642170058962,627416100233,865663673191,869275512238,839571154549",139186095,3,0,0,0,16,17,2,2,1,1,0.0588235294117647,0.0625,1,1,往期视频,,,否
1,2026,7月,钛杯,2025年12月,548074119643,星杯贴贴|星河流进杯杯里~,2025-12-31 20:20:00,1006202362257,139186095,2,0,0,0,16,16,0,0,0,0,0,0,0,0,站内达人视频,,,否
1,2026,7月,多链接,2025年1月,505324699029,完美颜值咖啡杯☕也是超酷的车搭子,2025-01-31 15:05:00,"797115438925,864705538189,858198410140,642508607188,874047718057",139186095,1,0,0,0,16,16,0,0,0,0,0,0,0,0,往期视频,,,否
1,2026,7月,#N/A,2026年4月,559905681134,星巴克臻选巴西圣若昂庄园日晒咖啡豆250g 可至门店磨粉,2026-04-18 08:36:59,1039826209649,139186095,0,0,0,0,16,17,0,0,0,0,0,0,0,0,往期视频,,,否
1,2026,7月,夏日甜品派对,2026年6月,1373147331045650,送人首选🎁冰淇淋毛绒杯套太软萌啦,2026-06-09 18:00:32,1046028731385,139186095,15,0,0,0,15,18,0,0,0,0,0,0,0,0,站内达人视频,,,否
1,2026,7月,夏日甜品派对,2026年6月,2400128569895885,挖到宝了！出游带上这只超甜冰霸杯叭~🍥,2026-06-13 20:00:00,1046028731385,139186095,4,0,0,0,15,17,0,0,0,0,0,0,0,0,往期视频,,,否
1,2026,7月,夏日甜品派对,2026年6月,424127899965440,拎这只蝴蝶结杯杯🎀回头率好高,2026-06-14 20:00:00,1046028731385,139186095,2,0,0.5,0,15,17,0,0,0,0,0,0,0,0,站内达人视频,,,否
1,2026,7月,多链接,2025年2月,506003388729,💌情人节限定✨水獭双饮杯，甜度MAX,2025-02-06 15:18:40,"877351301580,844791620623,877078306528,839571154549,793157392053,718570840547",139186095,0,0,0,0,15,15,0,0,0,0,0,0,0,0,往期视频,,,否
1,2026,7月,不锈钢吸管杯,2026年2月,553548418035,冬日OOTD单品+1✨️,2026-02-22 20:00:00,818748783317,139186095,0,0,0,0,15,17,0,0,0,0,0,0,0,0,站内达人视频,,,否
1,2026,7月,#N/A,2026年7月,573941227333,星巴克派对萌宠系列动物造型马克杯355ml,2026-07-28 18:16:55,1065350618992,139186095,0,0,0,0,15,15,0,0,0,0,0,0,0,0,往期视频,,,否
1,2026,7月,紫夜星河,2026年6月,711463651430533,冰霸杯|坠入紫夜，星河滚烫 🌠,2026-06-08 18:00:26,1046766030024,139186095,3,0,0.25,0,14,15,0,0,0,0,0,0,0,0,种草短视频,室内其他,是,否
1,2026,7月,夏日甜品派对,2026年6月,1676493059014655,冰淇淋保温杯🎁收到一个超少女心的礼盒~！,2026-06-13 18:00:00,1046028731385,139186095,2,0,0,0,14,16,0,0,0,0,0,0,0,0,往期视频,,,否
1,2026,7月,爪爪天地,2026年6月,3818415623654920,狗狗教请举手🙋‍你的修勾们在等你~！,2026-06-14 15:00:00,1047737497582,139186095,1,0,0,0,14,16,0,0,0,0,0,0,0,0,直播剪辑,,,否
1,2026,7月,多链接,2021年11月,335508041394,#双11巅峰倒计时#还有两天，双11全面开启！先加购，再领券，年度星品，尽在此刻！下面开始划重点👇,2021-11-09 10:21:33,"655589873025,655875982545,660099106175,655964034708,654288872320,653914665109",139186095,1,0,0,0,14,14,0,0,0,0,0,0,0,0,往期视频,,,否
1,2026,7月,多链接,2025年2月,505063576602,dbq，这款胶囊水獭杯实在是萌薯俺啦！,2025-02-02 12:05:00,"877351301580,844791620623,877078306528,874047718057,839177327998,819194884736",139186095,0,0,0,0,14,15,0,0,0,0,0,0,0,0,往期视频,,,否
1,2026,7月,夏日甜品派对,2026年6月,360769318824366,少女心爆棚💓800ml蝴蝶结拎拎杯,2026-06-11 18:00:00,1046028731385,139186095,0,0,0,0,14,15,0,0,0,0,0,0,0,0,站内达人视频,,,否
1,2026,7月,爪爪天地,2026年6月,4330051248697175,星杯新品|来爪爪乐园，把修勾带回家~,2026-06-12 18:00:31,1047737497582,139186095,0,0,0,0,14,16,0,0,0,0,0,0,0,0,往期视频,,,否
1,2026,7月,不锈钢吸管杯,2026年1月,551949609610,天呐噜😮我发现了年度好用吸管杯！,2026-01-29 08:00:00,818748783317,139186095,0,0,0,0,14,16,0,0,0,0,0,0,0,0,种草短视频,桌面,是,否
1,2026,7月,紫夜星河,2026年6月,3816976997308608,夏天必备冰霸杯🧊再忙也别忘了喝水！,2026-06-10 20:00:37,1046766030024,139186095,17,0,0,0,13,15,0,0,1,1,0.0666666666666667,0.0769230769230769,0,0,往期视频,,,否
1,2026,7月,冰霸杯,2026年6月,1858629424292436,夏天需要多巴胺水杯💛🩵,2026-06-06 12:00:00,"919010228354,792880543164",139186095,2,0,0,0,13,14,0,0,1,1,0.0714285714285714,0.0769230769230769,3,1,往期视频,,,否
1,2026,7月,0,2023年11月,438766385896,被薄荷绿温柔住啦,2023-11-26 09:00:00,750619859342,139186095,2,0,0,0,13,13,0,0,2,2,0.153846153846154,0.153846153846154,1,1,往期视频,,,否
1,2026,7月,爪爪天地,2026年6月,141467627646521,快把萌物爪爪带回家，陪你解压一夏🐾,2026-06-08 20:00:46,1047737497582,139186095,1,0,0,0,13,14,0,0,0,0,0,0,0,0,直播剪辑,,,否
1,2026,7月,多链接,2025年10月,537077641451,小熊甜品屋🧀秋日温暖营业中,2025-10-15 21:00:00,"979072431459,979601890501,975069063377",139186095,0,0,0,0,13,13,0,0,0,0,0,0,0,0,往期视频,,,否
1,2026,7月,春序纹样,2026年4月,557705135798,星巴克杯子春序纹样系列合集马克杯双饮口不锈钢桌面杯,2026-04-17 20:41:16,1021387954591,139186095,0,0,0,0,13,13,0,0,0,0,0,0,0,0,往期视频,,,否
1,2026,7月,夏日甜品派对,2026年6月,82107736046741,糖果冰霸杯🍬哪个甜妹还没拥有！,2026-06-12 20:00:48,1046028731385,139186095,0,0,0,0,13,15,0,0,0,0,0,0,0,0,站内达人视频,,,否
1,2026,7月,春日晴空,2026年5月,563902728385,办公通勤好搭子~ins风格纹保温杯☁,2026-05-08 18:00:00,768886743103,139186095,12,0,0,0,12,14,0,0,0,0,0,0,0,0,站内达人视频,,,否
1,2026,7月,春日晴空,2026年4月,561955972134,超美！把薄荷曼波格纹穿在杯子上🌿,2026-04-22 20:00:00,768886743103,139186095,11,0,0,0,12,12,0,0,0,0,0,0,0,0,站内达人视频,,,否
1,2026,7月,多链接,2025年1月,503483423469,是谁拥有了星巴克公主下午茶系列的小熊🎀,2025-01-12 10:02:00,"838306843610,839635946060,869275512238,611334517984,679555392055,787242506000",139186095,1,0,0,0,12,13,0,0,0,0,0,0,0,0,往期视频,,,否
1,2026,7月,多肉花园,2024年9月,480209368911,欢迎光临我的治愈系多肉桌面,2024-09-06 14:00:00,794743133653,139186095,1,0,0,0,12,12,0,0,0,0,0,0,0,0,往期视频,,,否
1,2026,7月,多链接,2025年1月,503297864081,新品上新！473ml提手款不锈钢保温杯,2025-01-11 12:00:00,"874047718057,869275512238,850491830757,839571154549,822086691206,750619859342",139186095,0,0,0,0,12,13,0,0,0,0,0,0,0,0,往期视频,,,否
1,2026,7月,春序纹样,2026年5月,564651752318,户外出行搭子|超实用小绿杯来啦！！,2026-05-14 12:12:00,1021387954591,139186095,339,0,0.00542005420054201,2,11,14,0,0,0,0,0,0,0,0,种草短视频,户外,是,否
1,2026,7月,冰霸杯,2025年9月,533652496722,是可以随身携带的一杯秋日~,2025-09-10 21:00:39,919010228354,139186095,32,0,0,0,11,11,1,1,0,0,0,0,0,0,往期视频,,,否
1,2026,7月,复古白绿,2026年3月,556349225661,星杯来袭|复古白绿系列，焕新经典美学🤩,2026-03-14 20:00:00,1023062168243,139186095,19,0,0,0,11,11,0,0,0,0,0,0,0,0,图文,,,否
1,2026,7月,春序纹样,2026年5月,564602356679,⭐星杯分享|超靓小绿杯，解锁夏日咖啡时刻,2026-05-11 11:44:01,1021387954591,139186095,1,173,0,0,11,11,0,0,3,1,0.272727272727273,0.0909090909090909,1,1,种草短视频,桌面,是,否
1,2026,7月,多链接,2025年2月,506454693646,蓝色控必buy单品，我的梦幻baby蓝！,2025-02-10 16:33:07,"792880543164,787157134735,768487709253,818748783317,847937239873,792978475194",139186095,1,0,0,0,11,12,0,0,0,0,0,0,0,0,往期视频,,,否
1,2026,7月,夏日甜品派对,2026年6月,3418148157282182,挖到一个超甜挂链小兔杯🐇,2026-06-09 20:00:10,1046028731385,139186095,1,0,0,0,11,13,0,0,0,0,0,0,0,0,往期视频,,,否
1,2026,7月,多链接,2022年1月,344083790016,"【大牌日新年星礼卡9折起】虎年限定星礼卡上线啦🧨
🐯有甜甜蜜蜜的戏耍大喵
🐯一起“虎”闹的星意",2022-01-04 19:00:33,"665926514449,665576065309,665575709082,665449579589,665449171903,665083514785",139186095,1,0,0,0,11,11,0,0,0,0,0,0,0,0,往期视频,,,否
1,2026,7月,多链接,2022年1月,346521238926,"新年倒计时啦~走亲访友少不了一份年味伴手礼，实用安利虎年新品星礼卡！
各色花纹图样的虎年星礼卡，可爱",2022-01-24 14:00:11,"665449579589,665449171903,665083514785,664730273963,664730241884,664730085872",139186095,1,0,0,0,11,11,0,0,0,0,0,0,0,0,往期视频,,,否
1,2026,7月,万花玫境,2026年3月,557979262851,星杯贴贴|680ml装下玫瑰花园🌹,2026-03-29 18:00:00,1020511554543,139186095,0,0,0,0,11,11,0,0,0,0,0,0,0,0,种草短视频,桌面,是,否
1,2026,7月,复古白绿,2026年4月,558119846652,把星空装进杯子里🌠喝水的快乐又回来了,2026-04-01 18:00:00,1023062168243,139186095,0,0,0,0,11,12,0,0,0,0,0,0,0,0,种草短视频,桌面,是,否
1,2026,7月,夏日甜品派对,2026年6月,3419247235742227,爱心杯底💗甜系小兔🐇,2026-06-07 18:00:00,1046028731385,139186095,21,0,0.24,0,10,11,0,0,0,0,0,0,0,0,往期视频,,,否
1,2026,7月,紫夜星河,2026年5月,566383535033,星品开箱|永远会为紫夜星河系列驻足！！💜,2026-05-26 18:00:00,1046766030024,139186095,8,0,0,0,10,10,0,0,0,0,0,0,0,0,种草短视频,桌面,,否
1,2026,7月,多肉花园,2025年1月,502798206620,水杯内卷也太严重！多肉杯好会！,2025-01-06 10:48:20,794743133653,139186095,1,0,0,0,10,10,0,0,0,0,0,0,0,0,往期视频,,,否
1,2026,7月,薄荷绿系列,2023年7月,419365871345,超全星巴克薄荷绿合集！！,2023-07-12 21:47:03,"655589585782,718570840547,656356899156,655964118576,656356379814,655140448230",139186095,1,0,0,0,10,13,1,1,1,1,0.0769230769230769,0.1,0,0,往期视频,,,否
1,2026,7月,0,2026年7月,106182980082780,星巴克杯子340ml墨绿色条纹女神铭牌马克杯礼物带手柄陶瓷桌面杯,2026-07-28 03:57:18,1068269677605,139186095,0,0,0,0,10,11,0,0,0,0,0,0,0,0,往期视频,,,否
1,2026,7月,春日晴空,2026年4月,562355343260,这就是春天最应该用的随行杯吧！！！💛🩵,2026-04-29 20:00:00,768886743103,139186095,0,0,0,0,10,16,0,0,0,0,0,0,0,0,站内达人视频,,,否
1,2026,7月,夏日甜品派对,2026年5月,567189932706,把435ml马卡龙杯杯拎在手上带走啦🍰,2026-05-30 18:00:00,1046028731385,139186095,0,0,0,0,10,11,0,0,0,0,0,0,0,0,种草短视频,桌面,是,否
1,2026,7月,冰霸杯,2025年9月,535068182370,选一个星杯，天凉好chill,2025-09-23 18:00:00,919010228354,139186095,16,0,0,0,9,9,0,0,0,0,0,0,0,0,往期视频,,,否
1,2026,7月,复古白绿,2026年6月,524948021418051,经典永不过时！美式复古保温杯,2026-06-06 18:00:00,1023062168243,139186095,3,0,0,3,9,10,0,0,2,2,0.2,0.222222222222222,2,2,种草短视频,桌面,是,否
1,2026,7月,多链接,2024年12月,500824857519,棕金鎏光系列，喝水都自带高级感☕️,2024-12-31 09:46:00,"858198410140,864705538189,857925623593,839177327998,838638361962,838383662304",139186095,2,0,0,0,9,9,0,0,3,1,0.333333333333333,0.111111111111111,3,1,往期视频,,,否
1,2026,7月,墨绿,2023年6月,413939470841,这个杯子pyq出片率嘎嘎高！,2023-06-06 20:57:06,627415956439,139186095,1,0,0,0,9,9,0,0,1,1,0.111111111111111,0.111111111111111,1,1,往期视频,,,否
1,2026,7月,多链接,2025年1月,503305729547,客官留步！爆款墨水系列三角杯来啦！🌟,2025-01-10 14:11:42,"874047718057,696749690445,792978475194,797008463750,818748783317,682088671211",139186095,1,0,0,0,9,10,0,0,0,0,0,0,2,1,往期视频,,,否
1,2026,7月,多链接,2024年7月,473050064775,高温无法抵挡户外心！,2024-07-22 13:00:00,"794633402528,793972817226,793039481137,792880543164,790237182432,787254986277",139186095,1,0,0,0,9,10,0,0,0,0,0,0,0,0,往期视频,,,否
1,2026,7月,快乐怡夏,2025年8月,530368897291,这杯把清凉泳池都装起来啦‼️,2025-08-17 21:00:00,964935109662,139186095,0,0,0,0,9,9,0,0,1,1,0.111111111111111,0.111111111111111,1,1,往期视频,,,否
1,2026,7月,多链接,2025年2月,507146190110,💖心动马克杯，让爱意每日相伴,2025-02-15 09:04:00,"844791620623,877351301580,839177327998,793157392053",139186095,0,0,0,0,9,9,0,0,0,0,0,0,0,0,往期视频,,,否
1,2026,7月,多链接,2025年1月,502372334969,新年膳魔师派对保温杯! 太好看啦~🧧,2025-01-05 11:02:00,"866969773356,866468735070,845920762451,846189691200,839251551593,819081853597",139186095,0,0,0,0,9,10,0,0,0,0,0,0,0,0,往期视频,,,否
1,2026,7月,多链接,2025年1月,504225415842,包好看的！是谁的桌面还没有这个杯杯！,2025-01-16 16:04:00,"858198410140,864705538189,856162521809,874047718057,869275512238,868856481373",139186095,0,0,0,0,9,9,0,0,0,0,0,0,0,0,往期视频,,,否
1,2026,7月,墨绿,2022年10月,382090946209,星巴克墨绿女神杯，经典热门款，一眼入坑系列,2022-10-18 09:00:00,627415956439,139186095,0,0,0,0,9,9,0,0,0,0,0,0,0,0,往期视频,,,否
1,2026,7月,#N/A,2022年12月,391035124987,starbucks/星巴克Starbucks星巴克官方旗舰店虫虫玻璃杯，双层玻璃，有创意高颜值~,2022-12-20 14:12:53,675697364556,139186095,0,0,0,0,9,10,0,0,0,0,0,0,0,0,往期视频,,,否
1,2026,7月,冰霸杯,2025年9月,532599055283,开箱VLOG|这个杯杯有点萌,2025-09-03 18:00:47,919010228354,139186095,0,0,0,0,9,9,0,0,1,1,0.111111111111111,0.111111111111111,0,0,往期视频,,,否
1,2026,7月,春序纹样,2026年5月,564603372230,⭐星杯分享|带小勺的马克杯，有点可爱嗷,2026-05-12 12:00:00,1021387954591,139186095,7,0,0,0,8,8,0,0,0,0,0,0,0,0,种草短视频,桌面,是,否
1,2026,7月,多链接,2023年1月,396272871575,"【为爱加“氛”，全场星杯7折起】
星小编为大家带来了一些对杯
正好在节日送给重要的TA
/
暖暖保温",2023-01-31 10:26:09,"696940939452,696682918471,593731938196,627415956439,655494735390,627741801328",139186095,2,0,0,0,8,8,0,0,0,0,0,0,1,1,往期视频,,,否
1,2026,7月,多链接,2025年1月,504053144407,2025快乐！你的节日搭子在这等你召唤！,2025-01-17 10:04:00,"858198410140,864705538189,856162521809,874047718057,869275512238,868856481373",139186095,1,0,0,0,8,8,0,0,0,0,0,0,0,0,往期视频,,,否
1,2026,7月,冰霸杯,2026年6月,2637360371028869,☁粉蓝拎拎杯|通勤路上的小确幸,2026-06-07 12:00:00,919010228354,139186095,0,0,0,0,8,9,0,0,0,0,0,0,0,0,往期视频,,,否
1,2026,7月,墨绿,2024年3月,455525763454,"星巴克杯子,墨绿色女神款玻璃
Starbucks星巴克官方旗舰店 
星巴克 星巴克杯子 星巴克水杯 ",2024-03-27 15:21:29,627415956439,139186095,0,0,0,0,8,8,0,0,0,0,0,0,0,0,往期视频,,,否
1,2026,7月,多链接,2023年7月,417616433508,星巴克墨绿薄荷碰碰乐，你pick谁？,2023-07-04 15:26:56,"718570840547,655139904943,655589585782,655964034708,627415956439,628335395083",139186095,0,0,0,0,8,8,0,0,0,0,0,0,0,0,往期视频,,,否
1,2026,7月,#N/A,2026年4月,556346586971,星巴克杯子复古质感敦煌美术研究所联名系列星杯保温杯马克杯,2026-04-18 08:48:47,1021387878090,139186095,0,0,0,0,8,10,0,0,0,0,0,0,0,0,往期视频,,,否
1,2026,7月,暮樱翩翩,2026年5月,562869045491,落樱吸管杯|春夏就要用透明杯杯！！,2026-05-04 20:00:00,1022161108857,139186095,0,0,0,0,8,8,0,0,0,0,0,0,0,0,站内达人视频,,,否
1,2026,7月,紫夜星河,2026年6月,4270927284095330,挖到宝了！带着这个900ml银河杯粗去丸~,2026-06-03 20:00:00,1046766030024,139186095,5,0,0,0,7,9,0,0,0,0,0,0,0,0,站内达人视频,,,否
1,2026,7月,多链接,2025年1月,505022287154,棕金鎏光系列星杯来啦，男生水杯推荐,2025-01-27 09:00:00,"864705538189,858198410140,877351301580,877078306528,874047718057,865663673191",139186095,3,0,0,0,7,7,0,0,0,0,0,0,1,1,往期视频,,,否
1,2026,7月,冰霸杯,2026年6月,2948971548138559,✨颜值超高的900ml粉蓝车载冰霸杯！,2026-06-05 20:00:00,"919010228354,792880543164",139186095,2,0,0,0,7,8,0,0,0,0,0,0,0,0,往期视频,,,否
1,2026,7月,春日晴空,2026年5月,3134601184052991,把薄荷味的春天捧在手心👐,2026-05-16 18:00:00,768886743103,139186095,2,0,0,0,7,7,0,0,0,0,0,0,0,0,往期视频,,,否
1,2026,7月,多链接,2025年2月,506122038172,💖情人节双饮杯，水獭萌宠陪你甜💖,2025-02-06 15:12:48,"877351301580,844791620623,877078306528,839571154549,797213972204,793157392053",139186095,0,0,0,0,7,7,0,0,0,0,0,0,0,0,往期视频,,,否
1,2026,7月,多链接,2025年1月,504049599964,潮流预警！美拉德系桌面杯杯来袭~,2025-01-15 16:03:00,"858198410140,864705538189,856162521809,874047718057,857925623593,851008764306",139186095,0,0,0,0,7,7,0,0,0,0,0,0,0,0,往期视频,,,否
1,2026,7月,薄荷绿系列,2024年5月,464204015082,618来啦 | 此刻🌌为你闪耀,2024-05-25 15:00:00,792978475194,139186095,0,0,0,0,7,7,0,0,0,0,0,0,0,0,往期视频,,,否
1,2026,7月,#N/A,2025年5月,518341177464,🍐星巴克果缘奇遇杯驾到！把果园装进936ml治愈系水杯,2025-05-09 14:19:55,909018675852,139186095,0,0,0,0,7,8,0,0,0,0,0,0,0,0,往期视频,,,否
1,2026,7月,快乐怡夏,2025年9月,534742102870,谁能拒绝一个可可爱爱桌面杯呀😍,2025-09-21 18:00:00,964935109662,139186095,0,0,0,0,7,7,0,0,0,0,0,0,0,0,往期视频,,,否
1,2026,7月,冰霸杯,2026年1月,550303540758,星杯开箱|这只冰霸杯，我可以用到天荒地老🥰,2026-01-19 19:00:00,919010228354,139186095,1,0,0,0,6,6,0,0,1,1,0.166666666666667,0.166666666666667,1,1,站内达人视频,,,否
1,2026,7月,薄荷绿系列,2025年1月,503772437139,蝴蝶结女神杯🎀好看到犯规！,2025-01-13 16:17:30,792978475194,139186095,1,0,0,0,6,7,0,0,0,0,0,0,0,0,往期视频,,,否
1,2026,7月,春序纹样,2026年4月,562476422866,赴一个春日之约💚喝水也变浪漫,2026-04-28 18:00:00,1021387954591,139186095,1,0,0,0,6,6,0,0,0,0,0,0,0,0,站内达人视频,,,否
1,2026,7月,多链接,2025年11月,542090591277,🍞吐司？马克杯？甜妹分不清楚,2025-11-14 18:00:00,"979072431459,979601890501,975069063377",139186095,1,0,0,0,6,6,0,0,0,0,0,0,0,0,站内达人视频,,,否
1,2026,7月,多链接,2025年1月,502253189835,哦吼！贵气感集结！星巴克棕金杯也太高级了,2025-01-05 18:06:00,"856162521809,858198410140,846189691200,819194884736,818748783317,814954480765",139186095,0,0,0,0,6,6,0,0,0,0,0,0,0,0,往期视频,,,否
1,2026,7月,多链接,2025年1月,503469862489,Plog| 分享最近的宝藏咖啡杯☕️,2025-01-11 14:05:00,"750932511412,797115438925,874047718057,856162521809,858198410140,855842566556",139186095,0,0,0,0,6,7,0,0,0,0,0,0,0,0,往期视频,,,否
1,2026,7月,多链接,2025年1月,504039358735,9m，新年就是要介个红白CP杯🔴才对味,2025-01-15 12:04:00,"869275512238,844790540125,874047718057,865663673191,864705538189,845920762451",139186095,0,0,0,0,6,7,0,0,0,0,0,0,0,0,往期视频,,,否
1,2026,7月,多链接,2024年5月,464006694530,618来啦 | 海边的浪漫☀️照到桌面,2024-05-24 10:00:00,"796999927172,787225917736,792880543164,797213972204",139186095,0,0,0,0,6,6,0,0,0,0,0,0,0,0,往期视频,,,否
1,2026,7月,0,2022年5月,361816129086,"#618来啦#用星之选，记录美好
📸
这套星礼卡的每一张卡面
都记录了不同星巴克门店的剪影风采
巧",2022-05-30 11:24:48,656090643717,139186095,0,0,0,0,6,6,0,0,0,0,0,0,0,0,往期视频,,,否
1,2026,7月,墨绿,2024年4月,459423316800,"星巴克经典墨绿色马克杯，典雅质感
Starbucks星巴克官方旗舰店 
星巴克 星巴克杯子 星巴克水",2024-04-26 09:40:08,642508647066,139186095,0,0,0,0,6,6,0,0,0,0,0,0,0,0,往期视频,,,否
1,2026,7月,雾野系列,2024年5月,465124023250,"星巴克雾野系列,超有质感的杯子
Starbucks星巴克官方旗舰店
星巴克 星巴克杯子 星巴克水杯 ",2024-05-29 09:40:02,794572511612,139186095,0,0,0,0,6,6,0,0,0,0,0,0,0,0,往期视频,,,否
1,2026,7月,多链接,2023年7月,417830697318,星巴克 | 家居清凉日活动开启,2023-07-06 09:39:19,"724920604029,723913637342,724228499042,723680500659,723680200476,713370573460",139186095,0,0,0,0,6,6,0,0,0,0,0,0,0,0,往期视频,,,否
1,2026,7月,冰霸杯,2025年9月,534111811109,随行补水秘籍👍就这个冰霸杯 爽💪,2025-09-15 18:00:00,792880543164,139186095,0,0,0,0,6,6,0,0,0,0,0,0,0,0,往期视频,,,否
1,2026,7月,#N/A,2026年4月,548981674970,星巴克杯子简约清新玻璃吸管杯合集可爱冷饮桌面水杯,2026-04-18 08:52:15,1007298827153,139186095,0,0,0,0,6,8,0,0,0,0,0,0,0,0,往期视频,,,否
1,2026,7月,春日晴空,2026年4月,561393856160,春日仪式感|少女心爆棚的小粉杯💓,2026-04-19 18:00:00,768886743103,139186095,0,0,0,0,6,6,0,0,0,0,0,0,0,0,站内达人视频,,,否
1,2026,7月,暮樱翩翩,2026年5月,562866101775,七彩贝壳🐚仙女都在用的杯子,2026-05-01 20:00:00,1022161108857,139186095,0,0,0,0,6,8,0,0,0,0,0,0,0,0,站内达人视频,,,否
1,2026,7月,万花玫境,2026年3月,555525197529,万花玫境|碎花杯杯，点亮桌面时刻,2026-03-09 20:12:00,1020511554543,139186095,14044,0,0.00715725105969008,2,5,5,1,1,0,0,0,0,2,2,种草短视频,桌面,是,否
1,2026,7月,爪爪天地,2026年6月,3339938594389628,星品上新|🐾爪爪天地化身职场嘴替来噜！,2026-06-03 12:00:00,1047737497582,139186095,38,0,0,0,5,6,0,0,0,0,0,0,0,0,往期视频,,,否
1,2026,7月,夏日甜品派对,2026年5月,566887002855,甜甜吸管杯|杯盖里藏了个甜品party🍧,2026-05-29 18:00:00,1046028731385,139186095,5,0,0,1,5,5,0,0,0,0,0,0,0,0,种草短视频,桌面,是,否
1,2026,7月,多链接,2021年11月,335886873628,"#双11狂欢全场5折起#星粉请注意，双11正式开启！
惊喜一：0点开始首小时，部分星杯折上再9折，秒",2021-11-11 00:14:38,"660099106175,656356899156,656356715166,656356447294,653914665109,648767923567",139186095,2,0,0,0,5,5,1,1,2,2,0.4,0.4,3,2,往期视频,,,否
1,2026,7月,多链接,2025年2月,506447093806,少女粉色杯身！太Q萌啦~,2025-02-10 15:32:07,"877351301580,844791620623,839251551593,844790540125,819194884736,792880543164",139186095,1,0,0,0,5,5,0,0,0,0,0,0,0,0,往期视频,,,否
1,2026,7月,墨绿,2023年6月,413578617259,星巴克墨绿色水杯超有质感~,2023-06-06 20:55:41,627415956439,139186095,1,0,0,0,5,5,0,0,1,1,0.2,0.2,5,1,往期视频,,,否
1,2026,7月,多链接,2025年1月,505003410332,海浪造型杯身，爱心与咖啡豆奔涌而来~,2025-01-24 14:00:00,"877351301580,844791620623,874047718057,877078306528,847250101854",139186095,1,0,0,0,5,5,0,0,0,0,0,0,0,0,往期视频,,,否
1,2026,7月,多链接,2025年11月,541853453191,建议星子开甜品店！这设计太会了🍞,2025-11-12 18:00:00,"975069063377,979072431459,979601890501",139186095,0,0,0,0,5,6,0,0,0,0,0,0,0,0,种草短视频,桌面,,否
1,2026,7月,多链接,2024年8月,475649950549,吨吨喝，让心情大放异彩,2024-08-06 10:54:34,"792880543164,789565745991",139186095,0,0,0,0,5,5,0,0,0,0,0,0,0,0,往期视频,,,否
1,2026,7月,多链接,2024年6月,467186849759,618 | 终于找到实用的健身杯啦,2024-06-13 10:05:22,"793039481137,790237182432,792880543164,783054778948,750421994083,797269336603",139186095,0,0,0,0,5,5,0,0,0,0,0,0,0,0,往期视频,,,否
1,2026,7月,冰霸杯,2026年6月,4019331963718204,新色上线|樱雾奶白冰霸杯美到心巴🌸,2026-06-05 18:00:00,919010228354,139186095,0,0,0,0,5,6,0,0,0,0,0,0,0,0,往期视频,,,否
1,2026,7月,薄荷绿系列,2025年6月,523798275002,透粉紫杯身🎀小熊开启音乐演奏会啦,2025-06-21 10:00:00,792978475194,139186095,0,0,0,0,5,5,0,0,0,0,0,0,0,0,往期视频,,,否
1,2026,7月,冰霸杯,2025年9月,533801138351,秋日喝水没它我真的不行🍂,2025-09-12 21:00:20,919010228354,139186095,0,0,0,0,5,5,0,0,0,0,0,0,0,0,往期视频,,,否
1,2026,7月,#N/A,2026年4月,546620593396,星巴克杯子雪耀奇境系列冰霸杯马克杯不锈钢吸管杯,2026-04-18 07:34:44,996246192610,139186095,0,0,0,0,5,7,0,0,0,0,0,0,0,0,往期视频,,,否
1,2026,7月,多链接,2021年8月,322943552452,"秋日将至，气温也要开始走下坡咯，是否缺一只趁手的保温杯，星小编安利高颜值清新保温杯，长效保温，贴心每一天~
",2021-08-23 20:00:00,"648767407916,648410474769,642508607188,642170058962,628335295172,627416164193",139186095,0,0,0,0,5,5,0,0,0,0,0,0,0,0,往期视频,,,否
1,2026,7月,多链接,2021年12月,342794607423,"【双旦礼遇季，全场5折起】🎅🏼今年的节日，让星巴克帮你装扮吧🎄
代表了不同年份的节日挂饰🔔?",2021-12-23 20:00:00,"655589757416,655501925904,655051720611",139186095,0,0,0,0,5,5,0,0,0,0,0,0,0,0,往期视频,,,否
1,2026,7月,万花玫境,2026年3月,558179545406,万花玫境|这个保温杯里有春天！！,2026-03-26 13:46:54,1020511554543,139186095,439,0,0.131274131274131,0,4,5,0,0,0,0,0,0,1,1,种草短视频,桌面,是,否
1,2026,7月,夏日甜品派对,2026年6月,4259079042952987,对不起我真的很需要这个透明小熊杯！🐻,2026-06-05 14:00:00,1046028731385,139186095,46,0,0.0851063829787234,0,4,5,0,0,0,0,0,0,0,0,往期视频,,,否
1,2026,7月,复古白绿,2026年3月,557066301273,复古白绿杯！拎着它秒变美式校园女主🍃,2026-03-23 20:00:00,1023062168243,139186095,7,0,0,0,4,4,0,0,0,0,0,0,0,0,往期视频,,,否
1,2026,7月,多链接,2025年2月,506744130635,🐍萌趣无限！喝水也要个性十足😎,2025-02-15 09:05:00,"844790540125,869275512238,874047718057,839251551593,844791620623,877351301580",139186095,1,0,0,0,4,4,0,0,0,0,0,0,0,0,往期视频,,,否
1,2026,7月,#N/A,2026年6月,568751011495,星巴克臻选哥伦比亚波托西庄园黑蜜处理咖啡豆 250g可至门店磨粉,2026-06-11 18:50:23,1022281901288,139186095,1,0,0,0,4,4,0,0,1,1,0.25,0.25,1,1,往期视频,,,否
1,2026,7月,多链接,2025年1月,503875744065,我宣布，这是我的年度坠佳亮眼桌搭✔️,2025-01-17 09:04:00,"858198410140,864705538189,856162521809,874047718057,819194884736,797008795184",139186095,1,0,0,0,4,4,0,0,0,0,0,0,0,0,往期视频,,,否
1,2026,7月,薄荷绿系列,2024年5月,464963858887,"星巴克吸管杯,幻彩光泽极光杯
Starbucks星巴克官方旗舰店 
星巴克 星巴克杯子 星巴克水杯 ",2024-05-29 09:47:58,792978475194,139186095,1,0,0,0,4,6,0,0,1,1,0.166666666666667,0.25,0,0,往期视频,,,否
1,2026,7月,0,2026年4月,472641324114,星巴克 美人鱼星礼卡 储值卡 过节送礼礼品卡 现金卡,2026-04-28 07:37:40,729876531417,139186095,1,0,0,0,4,4,0,0,1,1,0.25,0.25,0,0,往期视频,,,否
1,2026,7月,暮樱翩翩,2026年4月,560989774667,为樱花季而生的一只杯子...太美了,2026-04-18 18:00:00,1022161108857,139186095,1,0,0,0,4,4,0,0,0,0,0,0,0,0,站内达人视频,,,否
1,2026,7月,多链接,2025年2月,506090572855,听说冬天就要用薯条杯哦~👀,2025-02-07 11:02:36,"818748783317,731594844411,847937239873,858198410140,814063386832,819194884736",139186095,0,0,0,0,4,4,0,0,0,0,0,0,0,0,往期视频,,,否
1,2026,7月,多链接,2025年2月,506213394902,薯条杯届的颜值天花板！🍟✨,2025-02-09 19:09:00,"731594844411,858198410140,847937239873,818748783317,819194884736,814063386832",139186095,0,0,0,0,4,4,0,0,0,0,0,0,0,0,往期视频,,,否
1,2026,7月,多链接,2025年2月,506582818081,九款大容量星杯！总有一款戳中你~,2025-02-11 12:04:00,"847937239873,792880543164,818748783317,819194884736,787157134735,790237182432",139186095,0,0,0,0,4,4,0,0,0,0,0,0,0,0,往期视频,,,否
1,2026,7月,多链接,2025年1月,503341005700,买到了喜欢的星巴克乙巳蛇年新杯子✔,2025-01-11 15:03:00,"869275512238,844790540125,874047718057,865663673191,856162521809,818748783317",139186095,0,0,0,0,4,4,0,0,0,0,0,0,0,0,往期视频,,,否
1,2026,7月,多链接,2025年1月,504709252694,我宣布，这才是我情人节的心动Crush,2025-01-20 12:01:52,"877351301580,844791620623,869275512238,792880543164,790237182432",139186095,0,0,0,0,4,4,0,0,0,0,0,0,0,0,往期视频,,,否
1,2026,7月,多链接,2024年6月,467261675490,618 | 拜托，它有蝴蝶结诶,2024-06-11 11:08:17,"792978475194,696749690445",139186095,0,0,0,0,4,4,0,0,0,0,0,0,0,0,往期视频,,,否
1,2026,7月,多链接,2024年5月,463631991789,618来啦 | get你的星动好物,2024-05-21 09:00:00,"797269336603,723691840162,713370573460,797269176300,793157164657,792978475194",139186095,0,0,0,0,4,4,0,0,1,1,0.25,0.25,0,0,往期视频,,,否
1,2026,7月,夏日甜品派对,2026年6月,1684273499201259,甜妹必备💗960ml草莓小兔水壶太萌啦,2026-06-04 12:00:00,1046028731385,139186095,0,0,0,0,4,6,0,0,0,0,0,0,0,0,往期视频,,,否
1,2026,7月,紫夜星河,2026年5月,4106057638326599,当紫夜星河遇到了900ml冰霸杯🎆,2026-05-31 18:00:00,1046766030024,139186095,0,0,0,0,4,8,0,0,0,0,0,0,0,0,往期视频,,,否
1,2026,7月,0,2023年12月,441125454737,年终好价节 | 尊滴好清新,2023-12-10 09:00:00,750619859342,139186095,0,0,0,0,4,4,0,0,0,0,0,0,0,0,往期视频,,,否
1,2026,7月,多肉花园,2024年6月,469471782376,"星巴克杯子,多肉花园系列合集
Starbucks星巴克官方旗舰店 
星巴克 星巴克水杯 星巴克杯子 ",2024-06-25 10:20:22,794743133653,139186095,0,0,0,0,4,4,0,0,0,0,0,0,0,0,往期视频,,,否
1,2026,7月,薄荷绿系列,2024年7月,470806659257,"星巴克清透女神杯
Starbucks星巴克官方旗舰店",2024-07-03 10:55:49,792978475194,139186095,0,0,0,0,4,4,0,0,0,0,0,0,0,0,往期视频,,,否
1,2026,7月,薄荷绿系列,2024年11月,493410647547,星巴克高颜值极光女神杯,2024-11-15 09:00:00,792978475194,139186095,0,0,0,0,4,4,0,0,0,0,0,0,0,0,往期视频,,,否
1,2026,7月,冰霸杯,2025年9月,533791055207,提升幸福感的粉嫩杯杯！是TA！,2025-09-14 21:00:00,792880543164,139186095,0,0,0,0,4,4,0,0,0,0,0,0,0,0,往期视频,,,否
1,2026,7月,夏日甜品派对,2026年6月,616986392434153,编绳随行杯|捕捉一只夏日小可爱🍦,2026-06-04 20:00:00,1046028731385,139186095,0,0,0,0,4,6,0,0,0,0,0,0,0,0,站内达人视频,,,否
1,2026,7月,多链接,2021年5月,311042519825,"关于爱的想象，我们往往可以用颜色来表达
_x000D_是甜蜜的淡粉，还是热烈的艳红
_x000D_是清新的鹅黄，还是神秘的浓",2021-05-19 09:36:32,"641446468144,642170046560,642170058962,642508607188,642508647066,641446388668",139186095,0,0,0,0,4,6,0,0,0,0,0,0,0,0,往期视频,,,否
1,2026,7月,夏日甜品派对,2026年5月,566736230223,新品膳魔师🧊粉蓝色保温杯太甜噜！,2026-05-27 15:00:00,1046028731385,139186095,32,0,0.189189189189189,0,3,3,0,0,0,0,0,0,0,0,种草短视频,桌面,是,否
1,2026,7月,夏日甜品派对,2026年6月,679760889343905,超甜小兔杯拯救你的少女心！💓,2026-06-01 18:00:28,1046028731385,139186095,10,0,0.272727272727273,0,3,3,0,0,0,0,0,0,0,0,站内达人视频,,,否
1,2026,7月,雾野系列,2024年6月,469542500803,雾蓝色的氛围水杯,2024-06-28 09:39:06,794572511612,139186095,2,0,0,0,3,3,0,0,0,0,0,0,0,0,往期视频,,,否
1,2026,7月,夏日甜品派对,2026年5月,566561922396,兔子揣着小蓝杯，蹦蹦跳跳来甜品派对啦🐇,2026-05-26 15:00:00,1046028731385,139186095,2,0,0,0,3,4,0,0,0,0,0,0,0,0,AI短视频,,是,否
1,2026,7月,冰霸杯,2026年1月,551157809881,🆕|星子向你投送新款冰霸杯,2026-01-24 20:10:00,792880543164,139186095,1,219,0,0,3,4,0,0,0,0,0,0,1,1,种草短视频,桌面,是,否
1,2026,7月,雾野系列,2024年6月,467608154537,"星巴克雾野系列,高颜值水杯
Starbucks星巴克官方旗舰店星巴克 星巴克杯子 ",2024-06-14 10:44:01,794572511612,139186095,1,0,0,0,3,3,0,0,0,0,0,0,0,0,往期视频,,,否
1,2026,7月,冰霸杯,2026年4月,558761734111,【百亿补贴】星巴克大容量巨无霸合集冰霸杯便携保温保冷七夕礼物,2026-04-17 18:12:54,792880543164,139186095,1,0,0,0,3,4,0,0,0,0,0,0,0,0,往期视频,,,否
1,2026,7月,多链接,2024年4月,456342535045,换季时不要忘记多喝热水噢🧐,2024-04-04 13:00:00,"768920723912,758730142200,758998496165,750619859342,755280512897,734309987226",139186095,1,0,0,0,3,3,0,0,0,0,0,0,0,0,往期视频,,,否
1,2026,7月,多链接,2025年2月,505155427327,用这杯就是氛围美女即视感💖,2025-02-02 16:03:00,"818748783317,731594844411,847937239873,819194884736,813639153681",139186095,0,0,0,0,3,3,0,0,0,0,0,0,0,0,往期视频,,,否
1,2026,7月,多链接,2025年2月,505324911620,咖啡好搭子！举手已就位！,2025-02-01 17:05:00,"750932511412,797115438925,858198410140,864705538189,874047718057,642508607188",139186095,0,0,0,0,3,3,0,0,0,0,0,0,0,0,往期视频,,,否
1,2026,7月,多链接,2025年1月,503285174557,蛇年星杯吨吨壶驾到！吨吨补水‼️,2025-01-09 12:18:40,"869275512238,844790540125,792880543164,798222879266,684475113258,839766432783",139186095,0,0,0,0,3,3,0,0,0,0,0,0,0,0,往期视频,,,否
1,2026,7月,多链接,2025年1月,503718312835,473ml墨水系列三角杯🎁,2025-01-13 12:53:58,"874047718057,858198410140,845920762451,819194884736,814063386832,818748783317",139186095,0,0,0,0,3,3,0,0,0,0,0,0,0,0,往期视频,,,否
1,2026,7月,多链接,2025年1月,504065184231,STOP！打工暂停，来看下我的新杯子~,2025-01-16 17:05:00,"858198410140,864705538189,856162521809,750932511412,874047718057,869275512238",139186095,0,0,0,0,3,3,0,0,0,0,0,0,0,0,往期视频,,,否
1,2026,7月,多链接,2025年1月,504179662638,本命年的你，🔥红红火火马克杯接不接⁉️,2025-01-16 12:04:00,"869275512238,844790540125,874047718057,865663673191,864705538189,845920762451",139186095,0,0,0,0,3,3,0,0,0,0,0,0,0,0,往期视频,,,否
1,2026,7月,多链接,2025年1月,504205326644,这款菱格纹吸管杯的含金量还在上升！,2025-01-16 18:04:00,"858198410140,864705538189,856162521809,818748783317,819194884736,771671518084",139186095,0,0,0,0,3,3,0,0,0,0,0,0,0,0,往期视频,,,否
1,2026,7月,多链接,2024年6月,468459799511,618倒计时 | 把粉嫩猫爪，一口喝掉！,2024-06-18 11:32:58,"696749690445,792978475194",139186095,0,0,0,0,3,4,0,0,0,0,0,0,0,0,往期视频,,,否
1,2026,7月,爪爪天地,2026年6月,1276186809595144,超“肠”待机杯🐾搅拌棒是骨头？！,2026-06-04 18:00:00,1047737497582,139186095,0,0,0,0,3,4,0,0,0,0,0,0,0,0,往期视频,,,否
1,2026,7月,爪爪天地,2026年6月,1474133654547600,柯基or腊肠？🐕马克杯碟组助你“不加班”！,2026-06-01 15:00:02,1047737497582,139186095,0,0,0,0,3,3,0,0,0,0,0,0,0,0,AI短视频,,是,否
1,2026,7月,爪爪天地,2026年6月,2793055513780194,🧊清透蓝玻璃杯|小狗说：万事ok！,2026-06-03 18:00:00,1047737497582,139186095,0,0,0,0,3,4,0,0,0,0,0,0,0,0,往期视频,,,否
1,2026,7月,爪爪天地,2026年6月,3998781284942892,卷不动了！捏捏杯子上的小柴吧~🐶,2026-06-02 18:00:32,1047737497582,139186095,0,0,0,0,3,4,0,0,0,0,0,0,0,0,往期视频,,,否
1,2026,7月,墨绿,2023年4月,403263948031,"星巴克杯子,喝水也要仪式感
Starbucks星巴克官方旗舰店",2023-04-01 10:00:00,627415956439,139186095,0,0,0,0,3,3,0,0,0,0,0,0,0,0,往期视频,,,否
1,2026,7月,0,2024年1月,445908770378,"星巴克保温杯,送礼必备
Starbucks星巴克官方旗舰店",2024-01-10 13:37:45,750619859342,139186095,0,0,0,0,3,4,0,0,0,0,0,0,0,0,往期视频,,,否
1,2026,7月,墨绿,2024年3月,452202106378,"星巴克杯子,颜值高又好看
Starbucks星巴克官方旗舰店 
星巴克  星巴克杯子 星巴克水杯 商",2024-03-06 10:52:32,627415956439,139186095,0,0,0,0,3,3,0,0,0,0,0,0,0,0,往期视频,,,否
1,2026,7月,薄荷绿系列,2024年8月,477748777640,一口为生活注入甜分,2024-08-21 14:08:44,792978475194,139186095,0,0,0,0,3,4,0,0,0,0,0,0,0,0,往期视频,,,否
1,2026,7月,多肉花园,2024年9月,483543456216,星巴克多肉花园系列随行杯,2024-09-26 09:00:00,794743133653,139186095,0,0,0,0,3,3,0,0,0,0,0,0,0,0,往期视频,,,否
1,2026,7月,多肉花园,2024年11月,490986792352,双11来啦|星巴克多肉花园可爱水杯,2024-11-04 11:37:19,794743133653,139186095,0,0,0,0,3,3,0,0,0,0,0,0,0,0,往期视频,,,否
1,2026,7月,多链接,2023年6月,416290873104,夏天想买一款吸管杯的真的别错过,2023-06-24 06:00:00,"627415956439,696749690445",139186095,0,0,0,0,3,3,0,0,0,0,0,0,0,0,往期视频,,,否
1,2026,7月,薄荷绿系列,2025年6月,524319005520,挪不开眼👀漂亮女神杯✨,2025-06-24 10:00:00,792978475194,139186095,0,0,0,0,3,3,0,0,0,0,0,0,0,0,往期视频,,,否
1,2026,7月,薄荷绿系列,2025年10月,539310720840,🌬️清透的薄荷海,2025-10-24 18:31:51,792978475194,139186095,0,0,0,0,3,3,0,0,0,0,0,0,0,0,往期视频,,,否
1,2026,7月,#N/A,2026年4月,550017221873,星巴克杯子甜星噗噗鸭系列马克杯不锈钢保温杯吸管杯,2026-04-17 21:18:35,1011780510692,139186095,0,0,0,0,3,3,0,0,0,0,0,0,0,0,往期视频,,,否
1,2026,7月,复古白绿,2026年3月,558366108305,复古白绿系列 |实用拎拎杯，适配N种日常,2026-03-26 14:16:37,1023062168243,139186095,0,0,0,0,3,3,0,0,0,0,0,0,0,0,种草短视频,户外,,否
1,2026,7月,夏日甜品派对,2026年5月,566039606080,800ml蝴蝶结拎拎杯~夏日甜度超标啦🍦,2026-05-23 20:00:00,1046028731385,139186095,0,0,0,0,3,3,0,0,0,0,0,0,0,0,站内达人视频,,,否
1,2026,7月,夏日甜品派对,2026年5月,566835737181,兔兔这么可爱🐇一定要用ta喝水！！,2026-05-27 10:00:00,1046028731385,139186095,0,0,0,0,3,3,0,0,0,0,0,0,0,0,种草短视频,桌面,是,否
1,2026,7月,多链接,2023年12月,440557472150,年终好价节 | 全场星杯5折起,2023-12-08 13:28:11,"750421994083,750619815394,750932511412,748900038809,748197625962,753199560401",139186095,0,0,0,0,3,3,0,0,0,0,0,0,0,0,往期视频,,,否
1,2026,7月,夏日甜品派对,2026年5月,3436675805093085,挖到宝了🍰这小兔杯也太会卖萌了吧！,2026-05-15 21:00:20,1046028731385,139186095,9599,0,0.00777414075286416,5,2,2,0,0,0,0,0,0,2,2,往期视频,,,否
1,2026,7月,爪爪天地,2026年6月,567462109411,星巴克杯子爪爪天地系列双饮口不锈钢保温杯玻璃吸管杯马克杯合集,2026-06-01 11:15:30,1047737497582,139186095,44,0,0,0,2,2,0,0,0,0,0,0,0,0,往期视频,,,否
1,2026,7月,暮樱翩翩,2026年4月,554284454050,星巴克杯子暮樱翩翩系列双饮口不锈钢保温杯玻璃吸管杯陶瓷马克杯,2026-04-18 07:46:32,1022161108857,139186095,41,0,0,0,2,2,0,0,0,0,0,0,0,0,往期视频,,,否
1,2026,7月,紫夜星河,2026年5月,827027178243424,紫夜星河给你宇宙💫这几只杯子绝美,2026-05-19 18:00:00,1046766030024,139186095,35,0,0.0526315789473684,0,2,2,0,0,0,0,0,0,0,0,直播剪辑,,,否
1,2026,7月,紫夜星河,2026年5月,566563655442,将这片银河浪漫留在掌心💜,2026-05-29 20:00:00,1046766030024,139186095,31,0,0,0,2,2,0,0,0,0,0,0,0,0,直播剪辑,,,否
1,2026,7月,夏日甜品派对,2026年5月,566835321238,冰淇淋快化啦！甜筒马克杯🍦,2026-05-26 20:00:54,1046028731385,139186095,11,0,0.0909090909090909,0,2,2,0,0,0,0,0,0,0,0,种草短视频,桌面,是,否
1,2026,7月,多链接,2025年1月,504862973836,棕金鎏光系列星杯来啦，男生水杯推荐,2025-01-26 09:00:00,"864705538189,858198410140,877351301580,877078306528,874047718057,865663673191",139186095,1,0,0,0,2,2,0,0,0,0,0,0,0,0,往期视频,,,否
1,2026,7月,冰霸杯,2025年8月,531934365522,星杯分享|这款实用杯杯，深得我心❤,2025-08-29 21:00:00,919010228354,139186095,1,0,0,0,2,2,0,0,0,0,0,0,0,0,往期视频,,,否
1,2026,7月,马克杯合集,2025年12月,545704094856,熊店长推荐的超萌马克杯~,2025-12-13 21:00:00,979072431459,139186095,1,0,0,0,2,2,0,0,0,0,0,0,0,0,图文,,,否
1,2026,7月,薄荷绿系列,2026年5月,70090409176544,炎炎夏日，少不了这个玻璃杯~🌸,2026-05-16 20:00:00,792978475194,139186095,1,0,0,0,2,2,0,0,0,0,0,0,0,0,直播剪辑,,,否
1,2026,7月,多链接,2024年5月,463677023531,"夏日氛围感星杯来袭，不仅满足大容量喝水，高颜值更是get有范儿OOTD！
Starbucks星巴克官",2024-05-20 20:27:36,"790237182432,787242506000,787225917736,792880543164,792880627282,793035921658",139186095,1,0,0,0,2,2,0,0,1,1,0.5,0.5,1,1,往期视频,,,否
1,2026,7月,多链接,2025年2月,505196470436,黑白CP磕上了！和对象人手一杯回头率满分,2025-02-03 16:00:00,"819194884736,818748783317,814063386832,847937239873,858198410140",139186095,0,0,0,0,2,2,0,0,0,0,0,0,0,0,往期视频,,,否
1,2026,7月,多链接,2025年2月,506382799904,🐍萌蛇出动，运动补水新宠儿💧,2025-02-10 09:07:00,"877078306528,869275512238,844791620623,794572511612,792978475194,792880543164",139186095,0,0,0,0,2,2,0,0,0,0,0,0,0,0,往期视频,,,否
1,2026,7月,多链接,2025年2月,506641239089,🌸春日限定！粉嫩杯子陪你浪漫出行🌸,2025-02-12 09:04:00,"877351301580,844791620623,847937239873,844790540125,792880543164,818748783317",139186095,0,0,0,0,2,2,0,0,0,0,0,0,0,0,往期视频,,,否
1,2026,7月,多链接,2025年2月,506774947022,💖情人节专属！粉色保温杯，爱意满满！,2025-02-14 10:05:00,"844790540125,794743133653,869275512238,792978475194,792880543164,794572511612",139186095,0,0,0,0,2,2,0,0,0,0,0,0,0,0,往期视频,,,否
1,2026,7月,多链接,2025年2月,506851860144,☕️=完美冬日！给白薯控一点春日阳光,2025-02-15 14:05:00,"731594844411,818748783317,814063386832,797008795184,847937239873",139186095,0,0,0,0,2,2,0,0,0,0,0,0,0,0,往期视频,,,否
1,2026,7月,多链接,2025年2月,507440605884,爱心把手也太犯规啦！,2025-02-19 10:03:00,"887984893409,877351301580,877078306528,797213972204,793157392053,730747622472",139186095,0,0,0,0,2,2,0,0,0,0,0,0,0,0,往期视频,,,否
1,2026,7月,多链接,2025年1月,502836111781,我看看谁还没入星巴克蛇年限定红杯❤️,2025-01-06 10:58:10,"844790540125,869275512238,797213972204,793157392053,718570840547,655140008824",139186095,0,0,0,0,2,2,0,0,0,0,0,0,0,0,往期视频,,,否
1,2026,7月,多链接,2025年1月,503303809769,星巴克墨水系列｜适合搭情侣款的马克杯‼️,2025-01-10 13:35:58,"874047718057,818850576975,819194884736,771671518084,866969773356,718570840547",139186095,0,0,0,0,2,2,0,0,0,0,0,0,0,0,往期视频,,,否
1,2026,7月,多链接,2025年1月,503501711380,用一杯咖啡开启美好de一天吧,2025-01-10 17:25:40,"750932511412,797115438925,874047718057,869275512238,797269092544,792880543164",139186095,0,0,0,0,2,2,0,0,0,0,0,0,0,0,往期视频,,,否
1,2026,7月,多链接,2025年1月,504998578473,🥤这一杯，甜蜜满🈵,2025-01-23 15:00:00,"877351301580,844791620623,865663673191,874047718057,847250101854,847937239873",139186095,0,0,0,0,2,2,0,0,0,0,0,0,0,0,往期视频,,,否
1,2026,7月,多链接,2025年1月,505002014029,宽大把手，握感舒适的桌面杯,2025-01-24 12:04:00,"877351301580,844791620623,865663673191,847937239873,838306843610,792880543164",139186095,0,0,0,0,2,2,0,0,0,0,0,0,0,0,往期视频,,,否
1,2026,7月,多链接,2025年1月,505233067841,和对象直接安排上一人一个🤩,2025-01-31 12:00:00,"819194884736,818748783317,856162521809,847937239873,787157134735",139186095,0,0,0,0,2,2,0,0,0,0,0,0,0,0,往期视频,,,否
1,2026,7月,多链接,2024年6月,465562865624,618 | 甜心杯营业啦,2024-06-03 10:26:37,"696749690445,792978475194",139186095,0,0,0,0,2,2,0,0,0,0,0,0,0,0,往期视频,,,否
1,2026,7月,多链接,2024年6月,467763579978,618 | 夏天的快乐，溯溪占一半,2024-06-16 11:00:00,"789565745991,718570840547,794572511612",139186095,0,0,0,0,2,2,0,0,0,0,0,0,0,0,往期视频,,,否
1,2026,7月,多链接,2024年5月,463509814949,"夏日氛围感星杯来袭，不仅满足大容量喝水，高颜值更是get有范儿OOTD！
Starbucks星巴克官",2024-05-20 20:27:35,"790237182432,787242506000,787225917736,792880543164,792880627282,793035921658",139186095,0,0,0,0,2,2,0,0,0,0,0,0,0,0,往期视频,,,否
1,2026,7月,多链接,2024年5月,463805658748,618来啦 | 熊熊登陆，夏日海滩,2024-05-23 10:00:00,"787225917736,792880543164,792880627282",139186095,0,0,0,0,2,2,0,0,0,0,0,0,0,0,往期视频,,,否
1,2026,7月,紫夜星河,2026年5月,1276160051095649,自带星星杯套⭐吸管杯喝水好方便！,2026-05-28 17:00:08,1046766030024,139186095,0,0,0,0,2,2,0,0,0,0,0,0,0,0,往期视频,,,否
1,2026,7月,多链接,2024年3月,453846409078,"时间差不多咯，再不健身天就热咯
Starbucks星巴克官方旗舰店 ",2024-03-19 13:40:59,"677712264074,766129705991,761789212641,627416180278,758730142200,724228499042",139186095,0,0,0,0,2,2,0,0,0,0,0,0,0,0,往期视频,,,否
1,2026,7月,墨绿,2022年7月,369358404348,"星巴克墨绿色保温杯,颜值高又实用",2022-07-25 16:58:49,642170058962,139186095,0,0,0,0,2,2,0,0,0,0,0,0,0,0,往期视频,,,否
1,2026,7月,墨绿,2022年7月,371393443174,"星巴克杯子,喝水也要仪式感",2022-07-29 13:24:13,627415956439,139186095,0,0,0,0,2,2,0,0,0,0,0,0,0,0,往期视频,,,否
1,2026,7月,经典绿,2023年6月,417521966282,星巴克杯子薄荷绿系列马克杯,2023-06-30 16:25:43,718570840547,139186095,0,0,0,0,2,2,0,0,0,0,0,0,0,0,往期视频,,,否
1,2026,7月,墨绿,2023年9月,426269556365,星巴克经典马克杯,2023-09-08 16:16:06,642508647066,139186095,0,0,0,0,2,2,0,0,0,0,0,0,0,0,往期视频,,,否
1,2026,7月,墨绿,2024年3月,452280457172,"星巴克杯子,一杯两用超好看
Starbucks星巴克官方旗舰店
我就是个杯子控星巴克 星巴克杯子  ",2024-03-09 13:00:00,627415956439,139186095,0,0,0,0,2,2,0,0,0,0,0,0,0,0,往期视频,,,否
1,2026,7月,#N/A,2026年4月,459463244442,Starbucks星巴克 精选系列星礼卡 实体储值卡 送礼礼品卡,2026-04-28 10:34:31,553531548399,139186095,0,0,0,0,2,3,0,0,0,0,0,0,0,0,往期视频,,,否
1,2026,7月,咖啡宝藏,2024年5月,463566957010,"星巴克杯子,宝藏系列咖啡流金款
Starbucks星巴克官方旗舰店 
星巴克 星巴克杯子 星巴克水杯",2024-05-23 13:00:00,750932511412,139186095,0,0,0,0,2,2,0,0,0,0,0,0,0,0,往期视频,,,否
1,2026,7月,多肉花园,2024年5月,464787514444,"星巴克杯子,多肉花园系列合集
Starbucks星巴克官方旗舰店",2024-05-28 09:36:09,794743133653,139186095,0,0,0,0,2,2,0,0,0,0,0,0,0,0,往期视频,,,否
1,2026,7月,雾野系列,2024年6月,465576308531,618 | 很难不爱这个清新雾野杯,2024-06-04 09:54:55,794572511612,139186095,0,0,0,0,2,2,0,0,0,0,0,0,0,0,往期视频,,,否
1,2026,7月,雾野系列,2024年6月,467370577195,"雾野系列，用这一杯享受中式美学
Starbucks星巴克官方旗舰店 
星巴克 星巴克杯子 这是什么神",2024-06-14 11:38:32,794572511612,139186095,0,0,0,0,2,2,0,0,0,0,0,0,0,0,往期视频,,,否
1,2026,7月,多链接,2024年12月,498844027894,💫质感棕金，精致之选,2024-12-13 13:43:38,"858198410140,856162521809,819194884736,818748783317,811692780081",139186095,0,0,0,0,2,2,0,0,0,0,0,0,0,0,往期视频,,,否
1,2026,7月,快乐怡夏,2025年8月,531939857583,星杯分享|今夏收到最棒的礼物,2025-08-30 21:00:00,964935109662,139186095,0,0,0,0,2,2,0,0,0,0,0,0,0,0,往期视频,,,否
1,2026,7月,冰霸杯,2025年9月,535205194524,🍂桌面C位！这只秋日杯也太懂我了叭~,2025-09-24 18:00:00,919010228354,139186095,0,0,0,0,2,2,0,0,0,0,0,0,0,0,往期视频,,,否
1,2026,7月,马克杯合集,2026年4月,537936706748,【百亿补贴】星巴克杯子简约马克杯合集个性陶瓷办公室水杯,2026-04-17 17:51:31,979072431459,139186095,0,0,0,0,2,2,0,0,0,0,0,0,0,0,往期视频,,,否
1,2026,7月,马克杯合集,2025年12月,544596096900,萌到心颤💛布丁杯也太会了吧！,2025-12-03 21:00:00,979072431459,139186095,0,0,0,0,2,2,0,0,0,0,0,0,0,0,站内达人视频,,,否
1,2026,7月,0,2026年4月,549015377524,星巴克杯子氛围感不锈钢吸管杯高颜值随行水杯,2026-04-18 09:32:22,1007916742942,139186095,0,0,0,0,2,2,0,0,0,0,0,0,0,0,往期视频,,,否
1,2026,7月,万花玫境,2026年3月,555342352081,万花玫境|来一杯超浪漫下午茶~,2026-03-05 20:00:00,1020511554543,139186095,0,0,0,0,2,3,0,0,0,0,0,0,0,0,种草短视频,桌面,是,否
1,2026,7月,复古白绿,2026年3月,556359006295,复古白绿系列|貌美又实用的吸管杯来喽！,2026-03-14 12:00:00,1023062168243,139186095,0,0,0,0,2,2,1,1,0,0,0,0,0,0,直播剪辑,,,否
1,2026,7月,紫夜星河,2026年5月,565862083249,紫夜为幕，星河作伴🌌,2026-05-25 15:00:00,1046766030024,139186095,0,0,0,0,2,2,0,0,0,0,0,0,0,0,种草短视频,室内其他,是,否
1,2026,7月,夏日甜品派对,2026年5月,566130505021,夏日甜品冰霸杯邀请你喝水啦🍧🐇₊⋆,2026-05-24 15:00:00,1046028731385,139186095,0,0,0,0,2,2,0,0,0,0,0,0,0,0,站内达人视频,,,否
1,2026,7月,夏日甜品派对,2026年5月,566382991422,大大大蝴蝶结🎀贩卖粉红色的夏天✩‧₊˚*,2026-05-27 12:00:00,1046028731385,139186095,0,0,0,0,2,2,0,0,0,0,0,0,0,0,AI短视频,,,否
1,2026,7月,夏日甜品派对,2026年5月,566836469058,星品礼盒🎁送这个保温杯会不会太甜了？,2026-05-28 18:00:00,1046028731385,139186095,0,0,0,0,2,2,0,0,0,0,0,0,0,0,种草短视频,室内其他,是,否
1,2026,7月,多链接,2022年12月,388912193100,"绿色星杯💚💚💚Starbucks星巴克官方旗舰店
才是星巴克的本命呀",2022-12-03 10:00:00,"642508647066,642508607188,641446468144,628335295172,628335395083,627416100233",139186095,0,0,0,0,2,2,0,0,0,0,0,0,0,0,往期视频,,,否
1,2026,7月,多链接,2022年10月,378463464472,"喝水保持口红不花
秘诀就是入手吸管杯啦！
starbucks/星巴克吸管杯大合集
等你pick~
经",2022-10-02 13:00:00,"684386771174,682475979331,682087951799,678380154978,593731938196,627415956439",139186095,0,0,0,0,2,2,0,0,0,0,0,0,0,0,往期视频,,,否
1,2026,7月,多链接,2021年12月,341777754931,"请回答，有星人。星巴克一共陪伴你走过了多少岁月呢
红杯挂饰集齐了从2016年开始的红杯图案
送TA这",2021-12-18 11:00:00,"655589757416,655051720611,655501925904,655139888809",139186095,0,0,0,0,2,2,0,0,0,0,0,0,0,0,往期视频,,,否
1,2026,7月,暮樱翩翩,2026年3月,555732303293,温柔浅紫樱花杯🌸少女心被精准狙击了！！,2026-03-10 12:00:00,1022161108857,139186095,10132,0,0.00892770499757399,6,1,1,0,0,0,0,0,0,4,4,种草短视频,桌面,,否
1,2026,7月,暮樱翩翩,2026年3月,555929721516,星巴克是懂我的！把狗子放在马克杯上带走🥹,2026-03-10 20:00:00,1022161108857,139186095,2226,0,0.00438788942518649,0,1,1,0,0,0,0,0,0,1,1,种草短视频,桌面,是,否
1,2026,7月,复古白绿,2026年3月,556138598196,复古白绿系列|小小随行杯 开启咖啡新日常！,2026-03-11 17:00:50,1023062168243,139186095,90,0,0.03125,0,1,1,0,0,0,0,0,0,1,1,AI短视频,,是,否
1,2026,7月,薄荷绿系列,2026年5月,563063604203,夏天就捧这杯！薄荷绿透明吸管杯🍃,2026-05-06 18:00:00,792978475194,139186095,57,0,0,0,1,1,1,1,0,0,0,0,2,2,直播剪辑,,,否
1,2026,7月,春序纹样,2026年5月,566040234387,春序纹样，是杯也是庭院诗🌿,2026-05-25 20:00:00,1021387954591,139186095,44,0,0.0192307692307692,0,1,1,0,0,0,0,0,0,0,0,直播剪辑,,,否
1,2026,7月,春日晴空,2026年4月,560974931210,春天换新杯|这只双饮口杯绝美~~,2026-04-18 20:00:00,768886743103,139186095,41,0,0.160714285714286,1,1,1,0,0,0,0,0,0,0,0,站内达人视频,,,否
1,2026,7月,复古白绿,2026年3月,557975914262,⭐星杯分享|小绿吸管杯，解锁春日好心情,2026-03-27 20:00:00,1023062168243,139186095,24,0,0,0,1,1,0,0,0,0,0,0,0,0,种草短视频,桌面,,否
1,2026,7月,夏日甜品派对,2026年5月,2369443894230436,夏日甜品新品|垂耳兔的精致下午茶🐰,2026-05-17 12:00:00,1046028731385,139186095,22,0,0.0416666666666667,1,1,1,0,0,0,0,0,0,0,0,往期视频,,,否
1,2026,7月,冰霸杯,2025年9月,533392462177,秋意系列|‼️一杯就能温柔暖阳揣身上啦☀,2025-09-09 21:00:06,919010228354,139186095,7,0,0,0,1,2,0,0,0,0,0,0,0,0,往期视频,,,否
1,2026,7月,多链接,2023年6月,416432228880,星巴克系列——后宫星嬛传（一）,2023-06-27 18:14:14,"712162832940,718570840547,677712264074,709746953219,712608458716",139186095,5,0,0,0,1,1,0,0,0,0,0,0,0,0,往期视频,,,否
1,2026,7月,紫夜星河,2026年5月,566333508520,坠入紫夜星河，饮一口星光✨,2026-05-22 20:00:41,1046766030024,139186095,4,0,0,0,1,1,0,0,0,0,0,0,0,0,站内达人视频,,,否
1,2026,7月,复古白绿,2026年3月,558117742001,春游搭子已就位 ！带上它，说走就走✔️,2026-03-31 12:00:00,1023062168243,139186095,3,0,0,0,1,1,0,0,0,0,0,0,0,0,种草短视频,车载,是,否
1,2026,7月,复古白绿,2026年4月,559588995974,星杯开箱|春日超实用随行杯，被我GET啦~,2026-04-08 18:00:00,1023062168243,139186095,3,0,0,0,1,1,0,0,0,0,0,0,0,0,站内达人视频,,,否
1,2026,7月,万花玫境,2026年3月,555327567523,玫瑰浮雕杯|解锁精致下午茶☕,2026-03-09 18:00:00,1020511554543,139186095,2,0,0,0,1,1,0,0,0,0,0,0,0,0,直播剪辑,,,否
1,2026,7月,活泼率,2024年5月,463387801013,"星巴克活泼绿系列保温杯
Starbucks星巴克官方旗舰店 
星巴克 星巴克杯子 星巴克水杯618 ",2024-05-21 13:43:16,783054778948,139186095,1,0,0,0,1,1,0,0,2,1,2,1,1,1,往期视频,,,否
1,2026,7月,雾野系列,2024年6月,467370489597,"雾野系列，用这一杯享受中式美学
Starbucks星巴克官方旗舰店 
星巴克 星巴克杯子 这是什么神",2024-06-14 11:38:39,794572511612,139186095,1,0,0,0,1,1,0,0,0,0,0,0,0,0,往期视频,,,否
1,2026,7月,不锈钢吸管杯,2026年4月,560628547079,经典永不过时！这款薯条杯太美啦,2026-04-16 18:00:00,818748783317,139186095,1,0,0,0,1,1,0,0,1,1,1,1,0,0,直播剪辑,,,否
1,2026,7月,暮樱翩翩,2026年4月,562376900583,谁懂啊！这个355ml杯子把极光穿在身上了！,2026-04-27 20:00:00,1022161108857,139186095,1,0,0.1,0,1,49,0,0,29,1,0.591836734693878,1,0,0,站内达人视频,,,否
1,2026,7月,冰霸杯,2026年5月,562784254033,经典晶粉|大容量水杯用起来才过瘾！💗,2026-05-02 18:00:00,919010228354,139186095,1,0,0,0,1,1,0,0,0,0,0,0,0,0,直播剪辑,,,否
1,2026,7月,夏日甜品派对,2026年5月,564451761992,星款来袭|可爱感满满的甜品杯来喽！！,2026-05-11 17:42:59,1046028731385,139186095,1,0,0,0,1,1,0,0,0,0,0,0,0,0,AI短视频,,是,否
1,2026,7月,多链接,2024年12月,500143731688,芭蕾吸管杯没有女生会不心动💙,2024-12-22 16:22:00,"814063386832,838306843610,819194884736,818748783317,794572699207,771671518084",139186095,1,0,0,0,1,1,0,0,0,0,0,0,0,0,往期视频,,,否
1,2026,7月,多链接,2025年2月,505226403638,被这款可爱马克杯水灵灵的硬控了！,2025-02-03 12:03:00,"877351301580,844791620623,730747622472,718570840547,793157392053,655140008824",139186095,0,0,0,0,1,1,0,0,0,0,0,0,0,0,往期视频,,,否
1,2026,7月,多链接,2025年2月,506234921160,🐍萌蛇杯来袭～蛇年就要蛇蛇萌✨,2025-02-09 12:10:00,"869275512238,877078306528,877351301580,848277340906,811692780081,792880543164",139186095,0,0,0,0,1,1,0,0,0,0,0,0,0,0,往期视频,,,否
1,2026,7月,多链接,2025年2月,506248235517,打工人的续命神器！💼👫,2025-02-10 12:10:00,"818748783317,819194884736,858198410140,847937239873,814063386832",139186095,0,0,0,0,1,1,0,0,0,0,0,0,0,0,往期视频,,,否
1,2026,7月,多链接,2025年2月,506751441691,💖粉萌水獭杯，保温又俏皮💖,2025-02-13 09:05:00,"844791620623,877351301580,877078306528,811692780081,790237182432,792880543164",139186095,0,0,0,0,1,1,0,0,0,0,0,0,0,0,往期视频,,,否
1,2026,7月,多链接,2025年2月,507710643268,又遇到心动crush了,2025-02-18 14:08:34,"750421994083,731594844411,819194884736,818748783317",139186095,0,0,0,0,1,1,0,0,0,0,0,0,0,0,往期视频,,,否
1,2026,7月,多链接,2025年2月,507712937917,春日新品，粉嫩花朵造型马克杯🌸,2025-02-20 16:03:00,"887348604427,877350121781,887984893409,881297085894,718570840547",139186095,0,0,0,0,1,1,0,0,0,0,0,0,0,0,往期视频,,,否
1,2026,7月,多链接,2025年2月,507751416654,樱花春绽系列上新！1025ml不锈钢杯,2025-02-21 10:14:00,"887348604427,877350121781,887984893409,877078306528,848277340906,844791620623",139186095,0,0,0,0,1,1,0,0,0,0,0,0,0,0,往期视频,,,否
1,2026,7月,多链接,2025年2月,508677692517,会“魔法”的玻璃杯✨遇冷就变色哟,2025-02-25 15:22:00,"887348604427,887984893409,890132555712,792978475194,696749690445,794572699207",139186095,0,0,0,0,1,1,0,0,0,0,0,0,0,0,往期视频,,,否
1,2026,7月,多链接,2025年1月,503312181476,蛇年杯子，吨吨大容量+粉色提绳！🌸,2025-01-10 16:41:30,"869275512238,844790540125,855842566556,874047718057,798222879266,684475113258",139186095,0,0,0,0,1,1,0,0,0,0,0,0,0,0,往期视频,,,否
1,2026,7月,多链接,2025年1月,503924980109,今日开箱！宝藏杯用来装咖啡真的咔咔好使~,2025-01-15 14:03:00,"750932511412,797115438925,867939431192,874047718057,868856481373,864705538189",139186095,0,0,0,0,1,1,0,0,0,0,0,0,0,0,往期视频,,,否
1,2026,7月,多链接,2025年1月,504869419238,435ml不锈钢保温杯，小巧保温杯之选！,2025-01-20 11:06:03,"844791620623,877351301580,750619859342,758813967495,811692780081,877078306528",139186095,0,0,0,0,1,1,0,0,0,0,0,0,0,0,往期视频,,,否
1,2026,7月,多链接,2025年1月,504874788419,星相伴系列双饮口不锈钢杯800ml,2025-01-24 12:26:00,"877351301580,844791620623,792880543164,787157134735,768487709253,847937239873",139186095,0,0,0,0,1,1,0,0,0,0,0,0,0,0,往期视频,,,否
1,2026,7月,多链接,2025年1月,505211018208,杯身的菱格纹设计 质感+++💯,2025-01-30 14:03:00,"818748783317,731594844411,847937239873,858198410140,793157164657,696749690445",139186095,0,0,0,0,1,2,0,0,0,0,0,0,0,0,往期视频,,,否
1,2026,7月,多链接,2025年1月,505245807655,颜值吹爆！到底是谁这么会送礼物！,2025-01-27 13:06:00,"819194884736,818748783317,847937239873,787157134735,797008795184,789565745991",139186095,0,0,0,0,1,1,0,0,0,0,0,0,0,0,往期视频,,,否
1,2026,7月,多链接,2024年9月,480206868575,干杯 节日快乐！,2024-09-06 11:00:06,"750619859342,813639153681,794572511612,731594844411",139186095,0,0,0,0,1,1,0,0,0,0,0,0,0,0,往期视频,,,否
1,2026,7月,多链接,2024年7月,472369386454,人生是旷野呀,2024-07-15 12:06:36,"789565745991,792880543164",139186095,0,0,0,0,1,1,0,0,0,0,0,0,0,0,往期视频,,,否
1,2026,7月,多链接,2024年5月,461424594728,度假季来到💫get一大杯蓝色夏日,2024-05-07 10:26:41,"787225917736,792880543164,792880627282,793035921658,793039481137,787118363557",139186095,0,0,0,0,1,1,0,0,0,0,0,0,0,0,往期视频,,,否
1,2026,7月,多链接,2024年5月,461738402543,带杯咖啡💦海边漫步,2024-05-09 10:28:20,"787225917736,792880543164,792880627282,793039481137,793035921658,787118103631",139186095,0,0,0,0,1,1,0,0,0,0,0,0,0,0,往期视频,,,否
1,2026,7月,多链接,2024年5月,463420341750,618来啦 | 夏日挂件——清透星杯,2024-05-22 14:00:00,"792978475194,797044679430,797073674425,793157608448,750421994083",139186095,0,0,0,0,1,1,0,0,0,0,0,0,0,0,往期视频,,,否
1,2026,7月,夏日甜品派对,2026年5月,2026899687575683,清甜一夏🍧夏日甜品派对新品来啦,2026-05-17 20:00:00,1046028731385,139186095,0,0,0,0,1,1,0,0,0,0,0,0,0,0,往期视频,,,否
1,2026,7月,墨绿,2022年3月,351984222420,"把春天的生机，藏在绿色之中吧~
starbucks/星巴克经典人鱼陶瓷马克杯
磨砂质感的墨绿色杯身，",2022-03-16 16:30:50,628335395083,139186095,0,0,0,0,1,1,0,0,0,0,0,0,0,0,往期视频,,,否
1,2026,7月,墨绿,2022年4月,355470869637,"550ml墨绿色女神款玻璃杯
-
很能装的容量
超能打的颜值
吸管杯设计，再也不怕口红沾杯啦
经典的",2022-04-15 16:00:27,627415956439,139186095,0,0,0,0,1,1,0,0,0,0,0,0,0,0,往期视频,,,否
1,2026,7月,#N/A,2022年6月,367033207037,"和虫虫一起chill一夏
-
超有创意的一只玻璃杯
双层杯身内壁是一只可爱虫虫形象
正在对你绽放微笑",2022-06-27 10:04:23,675697364556,139186095,0,0,0,0,1,1,0,0,0,0,0,0,0,0,往期视频,,,否
1,2026,7月,墨绿,2022年10月,378864448862,星巴克墨绿女神吸管杯，男女皆宜，很有星巴克风格的一款水杯，无论室内或外出都方便使用,2022-10-04 09:00:00,627415956439,139186095,0,0,0,0,1,1,0,0,0,0,0,0,0,0,往期视频,,,否
1,2026,7月,墨绿,2022年10月,380126728344,星巴克墨绿水金水杯，立体棱纹搭配哑光铜章，精致又大气,2022-10-12 09:00:00,642508647066,139186095,0,0,0,0,1,1,0,0,0,0,0,0,0,0,往期视频,,,否
1,2026,7月,墨绿,2022年10月,380740415607,星巴克墨绿系列保温杯，立体棱面杯身，细节感满满~,2022-10-07 09:00:00,642170058962,139186095,0,0,0,0,1,1,0,0,0,0,0,0,0,0,往期视频,,,否
1,2026,7月,墨绿,2022年11月,387004219179,"和咖啡适配满分的咖啡杯
竖条棱纹彰显设计感
金色哑光铜章
呼应杯底色块
典雅大气
starbucks",2022-11-13 14:00:00,642508647066,139186095,0,0,0,0,1,1,0,0,0,0,0,0,0,0,往期视频,,,否
1,2026,7月,墨绿,2023年3月,400137891023,"复古墨绿女神杯
店内热门爆款
简约的色彩
搭配浮雕人鱼设计
彰显品牌质感
/
活动期间享官方9折活动",2023-03-01 18:00:52,627415956439,139186095,0,0,0,0,1,1,0,0,0,0,0,0,0,0,往期视频,,,否
1,2026,7月,墨绿,2023年3月,401651560007,"星巴克杯子,大容量高颜值咕噜吸管
Starbucks星巴克官方旗舰店",2023-03-20 11:21:18,627415956439,139186095,0,0,0,0,1,1,0,0,0,0,0,0,0,0,往期视频,,,否
1,2026,7月,墨绿,2023年6月,413488952768,真的爱了！这个杯子的颜值也太高了,2023-06-08 20:00:49,627415956439,139186095,0,0,0,0,1,1,0,0,0,0,0,0,0,0,往期视频,,,否
1,2026,7月,墨绿,2023年6月,413635648327,这个墨绿色女神款玻璃杯放在办公室绝了！,2023-06-09 21:36:00,627415956439,139186095,0,0,0,0,1,1,0,0,0,0,0,0,0,0,往期视频,,,否
1,2026,7月,墨绿,2023年6月,414578679389,墨绿色女神款！,2023-06-08 20:00:52,627415956439,139186095,0,0,0,0,1,1,0,0,0,0,0,0,0,0,往期视频,,,否
1,2026,7月,墨绿,2023年10月,433705530400,"Starbucks星巴克官方旗舰店星巴克墨绿色保温杯,精致又高级
",2023-10-24 15:48:25,642170058962,139186095,0,0,0,0,1,1,0,0,0,0,0,0,0,0,往期视频,,,否
1,2026,7月,墨绿,2023年11月,435642096250,"星巴克经典墨绿女神杯
Starbucks星巴克官方旗舰店 星巴克 好物分享",2023-11-07 10:01:45,627415956439,139186095,0,0,0,0,1,1,0,0,0,0,0,0,0,0,往期视频,,,否
1,2026,7月,咖啡宝藏,2023年12月,441424197685,"星巴克宝藏杯,咖啡流金款小巧保温杯
Starbucks星巴克官方旗舰店
星巴克 星巴克杯子 星巴克水",2023-12-12 15:00:00,750932511412,139186095,0,0,0,0,1,1,0,0,1,1,1,1,0,0,往期视频,,,否
1,2026,7月,墨绿,2024年1月,445776794590,"星巴克杯子,墨绿色女神款玻璃
Starbucks星巴克官方旗舰店
星巴克 星巴克杯子  星巴克水杯 ",2024-01-09 14:36:50,627415956439,139186095,0,0,0,0,1,1,0,0,0,0,0,0,0,0,往期视频,,,否
1,2026,7月,#N/A,2024年2月,449986381631,"星巴克保温杯,颜值高又实用
Starbucks星巴克官方旗舰店
这是什么神仙水杯 杯子控 星巴克",2024-02-20 11:16:26,731594844411,139186095,0,0,0,0,1,1,0,0,0,0,0,0,0,0,往期视频,,,否
1,2026,7月,咖啡宝藏,2024年4月,456806209998,"星巴克杯子，大容量更适合换季使用
Starbucks星巴克官方旗舰店 
星巴克 星巴克杯子 星巴克水",2024-04-08 00:00:00,750932511412,139186095,0,0,0,0,1,1,0,0,0,0,0,0,0,0,往期视频,,,否
1,2026,7月,活泼率,2024年4月,460060747020,轻松拿捏时髦秘诀,2024-04-28 09:00:00,783054778948,139186095,0,0,0,0,1,1,0,0,0,0,0,0,0,0,往期视频,,,否
1,2026,7月,多肉花园,2024年6月,465739748616,"星巴克杯子,多肉花园系列合集
Starbucks星巴克官方旗舰店 
星巴克 星巴克杯子 星巴克水杯 ",2024-06-05 09:56:42,794743133653,139186095,0,0,0,0,1,1,0,0,0,0,0,0,0,0,往期视频,,,否
1,2026,7月,#N/A,2024年6月,465816042114,"星巴克吸管杯,颜值高又实用
Starbucks星巴克官方旗舰店
星巴克 星巴克杯子 星巴克水杯 水杯",2024-06-03 10:25:50,789565745991,139186095,0,0,0,0,1,1,0,0,0,0,0,0,0,0,往期视频,,,否
1,2026,7月,多肉花园,2024年6月,466142982161,618 | 甜甜星杯，拯救生活,2024-06-05 09:42:19,794743133653,139186095,0,0,0,0,1,1,0,0,0,0,0,0,0,0,往期视频,,,否
1,2026,7月,多肉花园,2024年6月,466625923169,618 | 随行“肉肉”杯，一路带着走,2024-06-07 09:28:20,794743133653,139186095,0,0,0,0,1,1,0,0,0,0,0,0,0,0,往期视频,,,否
1,2026,7月,多链接,2024年12月,498257789446,这一杯薯你心动！使用率敲高的吸管杯✨,2024-12-11 17:42:12,"818748783317,794572699207,731594844411",139186095,0,0,0,0,1,1,0,0,0,0,0,0,0,0,往期视频,,,否
1,2026,7月,多链接,2024年12月,498391125984,杯子控必入系列，今天也要闪闪发光✨,2024-12-12 10:52:33,"858198410140,856162521809,818748783317,787254986277,771671518084,731594844411",139186095,0,0,0,0,1,1,0,0,0,0,0,0,0,0,往期视频,,,否
1,2026,7月,多肉花园,2024年6月,467708276634,"星巴克杯子,多肉花园系列合集
Starbucks星巴克官方旗舰店
星巴克 星巴克杯子 星巴克新品",2024-06-17 09:16:01,794743133653,139186095,0,0,0,0,1,1,0,0,0,0,0,0,0,0,往期视频,,,否
1,2026,7月,多链接,2024年12月,498828591451,打工暂停！来看我的办公马克杯,2024-12-13 12:00:21,"858198410140,856162521809,793157392053,745013247948,718570840547,628335395083",139186095,0,0,0,0,1,1,0,0,0,0,0,0,0,0,往期视频,,,否
1,2026,7月,薄荷绿系列,2024年6月,468332255580,"星巴克吸管杯,闪耀C位
Starbucks星巴克官方旗舰店 
星巴克 星巴克杯子 星巴克水杯 好物分",2024-06-17 17:33:43,792978475194,139186095,0,0,0,0,1,1,0,0,0,0,0,0,0,0,往期视频,,,否
1,2026,7月,经典绿,2024年6月,469048907097,"星巴克薄荷绿杯,清新小巧星巴克 ",2024-06-21 15:12:53,718570840547,139186095,0,0,0,0,1,1,0,0,0,0,0,0,0,0,往期视频,,,否
1,2026,7月,多肉花园,2024年7月,470144832911,"星巴克杯子,多肉花园系列合集
Starbucks星巴克官方旗舰店
星巴克 星巴克杯子 星巴克水杯 ",2024-07-02 10:13:31,794743133653,139186095,0,0,0,0,1,1,0,0,0,0,0,0,0,0,往期视频,,,否
1,2026,7月,经典绿,2024年7月,472155760959,"星巴克奶白粉色薯条杯，浪漫心动氛围，一杯满足
星巴克 星巴克杯子  商品展示",2024-07-16 09:32:06,718570840547,139186095,0,0,0,0,1,1,0,0,0,0,0,0,0,0,往期视频,,,否
1,2026,7月,多链接,2024年12月,498844051460,💎菱格吸管杯设计，奢华满分,2024-12-13 13:43:38,"858198410140,856162521809,819194884736,818748783317,811692780081",139186095,0,0,0,0,1,1,0,0,0,0,0,0,0,0,往期视频,,,否
1,2026,7月,0,2026年4月,472641564075,星巴克 喵星人工坊之旅星礼卡系列 实体储值卡 送礼礼品卡,2026-04-28 08:03:47,628040482572,139186095,0,0,0,0,1,1,0,0,0,0,0,0,0,0,往期视频,,,否
1,2026,7月,#N/A,2026年4月,473006710190,星巴克 喵星人和熊店长系列星礼卡  实体储值卡 送礼礼品卡,2026-04-28 07:30:13,627415380727,139186095,0,0,0,0,1,1,0,0,0,0,0,0,0,0,往期视频,,,否
1,2026,7月,多链接,2024年12月,499931276611,多肉杯真的好萌好喜欢🥰🥰,2024-12-21 15:58:00,"794743133653,811692780081",139186095,0,0,0,0,1,1,0,0,0,0,0,0,0,0,往期视频,,,否
1,2026,7月,不锈钢吸管杯,2024年8月,477799404820,取向狙击！一眼降温的ins感水杯！,2024-08-22 17:00:44,818748783317,139186095,0,0,0,0,1,1,0,0,0,0,0,0,0,0,往期视频,,,否
1,2026,7月,多链接,2024年12月,500796906836,菱格纹的设计在阳光下简直会闪光✨,2024-12-27 13:09:00,"858198410140,861904226848,838306843610,819194884736,818748783317,814063386832",139186095,0,0,0,0,1,1,0,0,0,0,0,0,0,0,往期视频,,,否
1,2026,7月,多链接,2024年12月,500806176898,冬天来了‼️大口补水才是正经事~,2024-12-29 09:28:00,"858198410140,838306843610,814954480765,818748783317,819194884736,813639153681",139186095,0,0,0,0,1,1,0,0,0,0,0,0,0,0,往期视频,,,否
1,2026,7月,多链接,2023年8月,423214819347,保温杯里冰拿铁,2023-08-11 13:30:14,"729242772278,713528556385,717941810930,718570840547,712608458716,709746953219",139186095,0,0,0,0,1,1,0,0,0,0,0,0,0,0,往期视频,,,否
1,2026,7月,多链接,2023年7月,417753885797,我的星巴克绿杯子,2023-07-05 17:41:24,"718570840547,655964034708,627415956439,642508647066,628335295172,641446468144",139186095,0,0,0,0,1,1,0,0,0,0,0,0,0,0,往期视频,,,否
1,2026,7月,雾野系列,2025年1月,503767044027,奶呼呼的baby蓝🩵让喝水变有趣,2025-01-13 16:35:14,794572511612,139186095,0,0,0,0,1,1,0,0,0,0,0,0,0,0,往期视频,,,否
1,2026,7月,多链接,2023年6月,414211837954,星巴克女神款吸管杯，好看的杯子真的不嫌多,2023-06-10 22:32:13,"627415956439,684474821708",139186095,0,0,0,0,1,1,0,0,0,0,0,0,0,0,往期视频,,,否
1,2026,7月,多链接,2023年6月,416078230569,给自己的父亲挑一份礼物吧,2023-06-19 15:45:57,"584133556485,642508647066,628335395083,628335295172,654288872320,642508607188",139186095,0,0,0,0,1,1,0,0,0,0,0,0,0,0,往期视频,,,否
1,2026,7月,多链接,2023年6月,417210115142,你喝水时最好不要像在韦斯·安德森电影里,2023-06-25 13:34:03,"627415956439,641446468144,628335395083,712608458716",139186095,0,0,0,0,1,1,0,0,0,0,0,0,0,0,往期视频,,,否
1,2026,7月,多链接,2023年2月,396647941691,"【为爱加“氛”，全场7折起】
💗
高颜值宠物碗
毛孩子恰饭也要有仪式感哦~
粉嫩嫩的宠物碗
猫脸造",2023-02-10 11:48:46,"692172748351,696369687431",139186095,0,0,0,0,1,1,0,0,0,0,0,0,0,0,往期视频,,,否
1,2026,7月,多链接,2023年1月,394963414345,"经典大气的墨绿星杯
复古经典杯型
搭配哑光金色铜章
同色系礼盒
送人自藏皆宜款式
办公室或居家百搭使",2023-01-18 13:00:00,"642508647066,655107470979,654729177845",139186095,0,0,0,0,1,1,0,0,0,0,0,0,0,0,往期视频,,,否
1,2026,7月,不锈钢吸管杯,2025年5月,517215589734,星巴克经典薯条杯限时返场！双盖心机斩获本颜控😉,2025-05-05 09:15:00,818748783317,139186095,0,0,0,0,1,1,0,0,0,0,0,0,0,0,往期视频,,,否
1,2026,7月,多肉花园,2025年5月,519171215356,水杯就应该是这么可爱的！💚绿色粉色好适合夏天呀~,2025-05-17 09:05:00,794743133653,139186095,0,0,0,0,1,1,0,0,0,0,0,0,0,0,往期视频,,,否
1,2026,7月,#N/A,2025年6月,521686539599,星巴克假日海风杯申请和你一起出游🎒！,2025-06-04 07:24:00,917941084736,139186095,0,0,0,0,1,1,0,0,0,0,0,0,0,0,往期视频,,,否
1,2026,7月,#N/A,2025年6月,522402281601,又被星巴克的杯子甜到了！💘,2025-06-10 07:02:00,909018675852,139186095,0,0,0,0,1,1,0,0,0,0,0,0,0,0,往期视频,,,否
1,2026,7月,薄荷绿系列,2025年6月,523691850500,夏日仙女杯🧚‍♀️甜妹清透感,2025-06-18 18:00:52,792978475194,139186095,0,0,0,0,1,2,0,0,0,0,0,0,0,0,往期视频,,,否
1,2026,7月,#N/A,2025年6月,523772461437,户外党挖到宝啦🏄‍♀️闪耀粉钛杯,2025-06-21 18:00:00,929497006605,139186095,0,0,0,0,1,1,0,0,0,0,0,0,0,0,往期视频,,,否
1,2026,7月,#N/A,2025年7月,526942893570,开箱VLOG|颜值党最爱的粉系马克杯♥,2025-07-17 21:00:00,922997661620,139186095,0,0,0,0,1,1,0,0,0,0,0,0,0,0,往期视频,,,否
1,2026,7月,冰霸杯,2025年9月,532913629154,GET了今年最粉嫩的冰霸杯~,2025-09-07 21:00:00,792880543164,139186095,0,0,0,0,1,1,0,0,0,0,0,0,0,0,往期视频,,,否
1,2026,7月,冰霸杯,2025年9月,533782819453,有了超靓杯杯，秋日快乐会翻倍！,2025-09-13 21:00:00,792880543164,139186095,0,0,0,0,1,1,0,0,0,0,0,0,0,0,往期视频,,,否
1,2026,7月,快乐怡夏,2025年9月,534137291631,快乐怡夏，准时到站🚀,2025-09-15 21:00:01,964935109662,139186095,0,0,0,0,1,1,0,0,0,0,0,0,0,0,往期视频,,,否
1,2026,7月,冰霸杯,2025年9月,535428740005,😌杯比，用Ta承包一天喝水量,2025-09-25 18:00:00,919010228354,139186095,0,0,0,0,1,1,0,0,0,0,0,0,0,0,往期视频,,,否
1,2026,7月,冰霸杯,2025年10月,535499659629,是奶咖的颜色捏☕️,2025-10-02 21:00:00,919010228354,139186095,0,0,0,0,1,1,0,0,0,0,0,0,0,0,往期视频,,,否
1,2026,7月,冰霸杯,2025年9月,535518532313,细节控的友友们❗️康康猫眼杯🧐,2025-09-27 21:00:00,919010228354,139186095,0,0,0,0,1,1,0,0,0,0,0,0,0,0,往期视频,,,否
1,2026,7月,#N/A,2025年10月,536028607758,粗发！🥳星子邀你来秋游🍂,2025-10-03 21:00:00,976284449104,139186095,0,0,0,0,1,1,0,0,0,0,0,0,0,0,往期视频,,,否
1,2026,7月,冰霸杯,2025年10月,536114282853,share🍄‍🟫通勤杯杯也可以是出片神器,2025-10-04 21:00:00,919010228354,139186095,0,0,0,0,1,2,0,0,0,0,0,0,0,0,往期视频,,,否
1,2026,7月,冰霸杯,2025年10月,536202768720,温油到犯规❕秋天🍃喜提梦中情杯,2025-10-08 21:00:00,919010228354,139186095,0,0,0,0,1,2,0,0,0,0,0,0,0,0,往期视频,,,否
1,2026,7月,#N/A,2025年10月,537457081178,🎃就爱用Ta装点“魔法药水,2025-10-15 18:00:00,976296301628,139186095,0,0,0,0,1,1,0,0,0,0,0,0,0,0,种草短视频,桌面,,否
1,2026,7月,冰霸杯,2025年10月,540036248670,大小姐甜粉杯空降啦,2025-10-29 15:56:24,919010228354,139186095,0,0,0,0,1,1,0,0,0,0,0,0,0,0,往期视频,,,否
1,2026,7月,#N/A,2026年6月,540632012824,【直播闪降】星巴克杯子350ml蓝色塑料吸管杯,2026-06-15 10:22:14,990583481973,139186095,0,0,0,0,1,1,0,0,0,0,0,0,0,0,往期视频,,,否
1,2026,7月,#N/A,2025年11月,542868601380,🏠捧在手心里的小屋杯，被治愈到了！,2025-11-18 21:00:45,983587971224,139186095,0,0,0,0,1,2,0,0,0,0,0,0,0,0,站内达人视频,,,否
1,2026,7月,#N/A,2026年4月,548169325623,星巴克马年杯子马上快乐系列马克杯玻璃吸管杯不锈钢杯,2026-04-18 08:56:30,1006203042206,139186095,0,0,0,0,1,1,0,0,0,0,0,0,0,0,往期视频,,,否
1,2026,7月,#N/A,2026年1月,550009490644,星杯来袭|甜星噗噗鸭，为所有CP加点“糖”~,2026-01-14 18:00:00,1011780510692,139186095,0,0,0,0,1,1,0,0,0,0,0,0,0,0,AI短视频,,是,否
1,2026,7月,#N/A,2026年2月,552497576833,星杯开箱|敲可爱的小马福袋杯来喽~,2026-02-02 20:00:00,1006203042206,139186095,0,0,0,0,1,2,0,0,0,0,0,0,0,0,站内达人视频,,,否
1,2026,7月,#N/A,2026年2月,553210472671,新春温暖时刻，我选🍊小橙杯,2026-02-08 20:00:00,1005577399912,139186095,0,0,0,0,1,1,0,0,0,0,0,0,0,0,站内达人视频,,,否
1,2026,7月,暮樱翩翩,2026年2月,554157463929,星杯来袭|这一杯，勾起春日心动~,2026-02-24 15:12:48,1022161108857,139186095,0,0,0,0,1,1,0,0,0,0,0,0,0,0,AI短视频,,是,否
1,2026,7月,暮樱翩翩,2026年2月,554293850294,掌心的樱花杯，解锁春日浪漫~,2026-02-25 20:00:00,1022161108857,139186095,0,0,0,0,1,1,0,0,0,0,0,0,0,0,种草短视频,桌面,是,否
1,2026,7月,咖啡宝藏,2026年3月,556435457248,把高级感放在桌上✨TA是我的咖啡搭子,2026-03-16 12:00:00,750932511412,139186095,0,0,0,0,1,1,0,0,0,0,0,0,0,0,直播剪辑,,,否
1,2026,7月,#N/A,2026年3月,557241524491,春日好运加载中！被多彩玻璃杯戳中心巴啦～🍅,2026-03-22 20:00:00,696749690445,139186095,0,0,0,0,1,1,0,0,0,0,0,0,0,0,直播剪辑,,,否
1,2026,7月,万花玫境,2026年3月,557754913851,怦然心动💓 拎着TA出门，春日氛围感UP,2026-03-26 18:00:00,1020511554543,139186095,0,0,0,0,1,1,0,0,0,0,0,0,0,0,站内达人视频,,,否
1,2026,7月,万花玫境,2026年3月,557834827816,怦然心动💓 拎着TA出门，春日氛围感UP,2026-03-29 18:00:00,1020511554543,139186095,0,0,0,0,1,1,0,0,0,0,0,0,0,0,种草短视频,车载,是,否
1,2026,7月,复古白绿,2026年4月,559498960261,复古白绿杯‼️守护我的春日活力值,2026-04-06 20:00:00,1023062168243,139186095,0,0,0,0,1,1,0,0,0,0,0,0,0,0,种草短视频,室内其他,是,否
1,2026,7月,复古白绿,2026年4月,559591519983,复古随行杯⭐为春天增加一点可爱,2026-04-08 20:00:00,1023062168243,139186095,0,0,0,0,1,1,0,0,0,0,0,0,0,0,站内达人视频,,,否
1,2026,7月,#N/A,2026年4月,560154024222,自带樱花收纳包！小粉杯很难不爱,2026-04-11 18:00:00,,139186095,0,0,0,0,1,1,0,0,0,0,0,0,0,0,站内达人视频,,,否
1,2026,7月,复古白绿,2026年4月,560647493457,无数次心动🍃满满美式感的复古白绿保温杯,2026-04-15 20:00:00,1023062168243,139186095,0,0,0,0,1,1,0,0,0,0,0,0,0,0,站内达人视频,,,否
1,2026,7月,暮樱翩翩,2026年4月,560817164270,没有人能拒绝这只超大容量的樱花杯…🌸,2026-04-14 20:00:00,1022161108857,139186095,0,0,0,0,1,1,0,0,0,0,0,0,0,0,站内达人视频,,,否
1,2026,7月,暮樱翩翩,2026年4月,562330595987,💜薯条杯|送你一杯“芋泥蛋糕”,2026-04-29 18:00:00,1022161108857,139186095,0,0,0,0,1,1,0,0,0,0,0,0,0,0,站内达人视频,,,否
1,2026,7月,春序纹样,2026年5月,562614147110,爱上春序纹样🍃小绿杯美到心巴,2026-05-01 18:00:00,1021387954591,139186095,0,0,0,0,1,1,0,0,0,0,0,0,0,0,站内达人视频,,,否
1,2026,7月,#N/A,2026年5月,563480755491,星巴克臻选卢旺达杜昆德卡瓦穆莎莎咖啡豆 250g 可至门店磨粉,2026-05-07 10:37:31,1047527285344,139186095,0,0,0,0,1,1,0,0,0,0,0,0,0,0,往期视频,,,否
1,2026,7月,夏日甜品派对,2026年5月,566381243412,星杯有招｜300ml保温杯藏了把梳子🐑,2026-05-26 10:00:00,1046028731385,139186095,0,0,0,0,1,1,0,0,0,0,0,0,0,0,AI短视频,,是,否
1,2026,7月,夏日甜品派对,2026年5月,566653333720,小兔子跳进双饮口杯，435ml吨吨喝到爽💦,2026-05-25 17:00:01,1046028731385,139186095,0,0,0,0,1,2,0,0,0,0,0,0,0,0,AI短视频,,是,否
1,2026,7月,夏日甜品派对,2026年5月,566907208187,🍧夏日甜品屋邀请你来⋆☆₊⋆ 🐰,2026-05-25 20:14:41,1046028731385,139186095,0,0,0,0,1,1,0,0,0,0,0,0,0,0,AI短视频,,是,否
1,2026,7月,多链接,2022年8月,373121163281,"Office lady可冲的经典墨绿星杯
深邃墨绿为桌面增加典雅大气
在办公室冲上一杯咖啡正好适宜
",2022-08-11 15:27:44,"642508647066,642508607188,642170058962,641446468144,642170046560,641446388668",139186095,0,0,0,0,1,1,0,0,0,0,0,0,0,0,往期视频,,,否
1,2026,7月,多链接,2021年11月,334435928719,"#双11巅峰倒计时#王炸星品、梦中情杯，全场5折怎么选？30s看指南，立省那么多~！

【星杯至高立",2021-11-06 09:00:00,"656356123958,656356447294,656356371790,656356379814,656268119430,656267095967",139186095,0,0,0,0,1,1,0,0,0,0,0,0,0,0,往期视频,,,否
1,2026,7月,钛杯,2026年5月,547635023057,【百亿补贴】星巴克杯子双饮口钛杯内外纯钛随行杯高颜值七夕礼物,2026-05-05 09:21:13,1006202362257,139186095,56,0,0,0,0,0,0,0,0,0,0,0,0,0,往期视频,,,否
1,2026,7月,万花玫境,2026年4月,555295568339,星巴克杯子万花玫境系列吸管杯双饮口不锈钢保温杯马克杯桌面杯,2026-04-18 09:02:37,1020511554543,139186095,50,0,0,0,0,0,0,0,0,0,0,0,0,0,往期视频,,,否
1,2026,7月,暮樱翩翩,2026年4月,561369907001,仙女就该用这个人鱼姬炫彩杯杯~~！！,2026-04-21 20:00:00,1022161108857,139186095,42,0,0.183673469387755,0,0,0,0,0,0,0,0,0,0,0,站内达人视频,,,否
1,2026,7月,冰霸杯,2026年4月,559819815739,永远为经典系列冰霸杯反复心动💓,2026-04-11 20:00:00,792880543164,139186095,39,0,0.238095238095238,0,0,0,0,0,0,0,0,0,0,0,站内达人视频,,,否
1,2026,7月,薄荷绿系列,2026年4月,461744287076,【百亿补贴】星巴克玻璃杯清透吸管杯合集高颜值随手杯七夕礼物,2026-04-18 04:26:09,792978475194,139186095,37,0,0,0,0,0,0,0,0,0,0,0,0,0,往期视频,,,否
1,2026,7月,春日晴空,2026年4月,504399769271,【百亿补贴】星巴克杯子不锈钢双饮口随行杯可乐杯咖啡杯七夕礼物,2026-04-18 01:27:01,768886743103,139186095,31,0,0,0,0,0,0,0,0,0,0,0,0,0,往期视频,,,否
1,2026,7月,多肉花园,2026年4月,464524017219,【百亿补贴】星巴克杯子多肉花园系列合集随行杯可爱水壶背带吸管,2026-04-18 09:48:05,794743133653,139186095,25,0,0,0,0,0,0,0,0,0,0,0,0,0,往期视频,,,否
1,2026,7月,小冰霸,2026年7月,574057811243,星巴克杯子小冰霸杯便携不锈钢保温保冷迷你时尚小巨无霸七夕礼物,2026-07-21 11:51:42,1066491598181,139186095,25,0,0,0,0,0,0,0,0,0,0,0,0,0,往期视频,,,否
1,2026,7月,雾野系列,2026年4月,561581965761,这只雾野系列杯杯颜值又高又实用！！,2026-04-21 18:00:00,794572511612,139186095,23,0,0.25,0,0,0,0,0,0,0,0,0,0,0,直播剪辑,,,否
1,2026,7月,春序纹样,2026年4月,561956356438,中式美学🖼️把春天花园装进这只杯子里~~,2026-04-23 20:00:00,1021387954591,139186095,23,0,0.0416666666666667,0,0,0,0,0,0,0,0,0,0,0,站内达人视频,,,否
1,2026,7月,万花玫境,2026年3月,558049481395,小粉杯被我带走啦！400ml揣进包刚刚好🌷,2026-03-30 16:00:00,1020511554543,139186095,17,0,0.517241379310345,0,0,0,0,0,0,0,0,0,0,0,种草短视频,桌面,是,否
1,2026,7月,暮樱翩翩,2026年2月,554730888654,春樱萌宠|这杯❗掌管春日氛围感的神😇,2026-02-27 20:00:00,1022161108857,139186095,12,0,0,0,0,0,0,0,0,0,0,0,0,0,种草短视频,桌面,是,否
1,2026,7月,雾野系列,2026年4月,464133946416,【百亿补贴】星巴克杯子雾野系列合集高颜值水杯办公随行杯马克杯,2026-04-18 01:22:51,794572511612,139186095,9,0,0,0,0,0,0,0,0,0,0,0,0,0,往期视频,,,否
1,2026,7月,不锈钢吸管杯,2026年4月,475944428921,【百亿补贴】星巴克杯子不锈钢吸管杯大容量猫眼杯薯条杯七夕礼物,2026-04-18 09:37:42,818748783317,139186095,9,0,0,0,0,0,0,0,0,0,0,0,0,0,往期视频,,,否
1,2026,7月,多链接,2023年7月,418903782663,星巴克吸管杯碰碰乐你最pick谁,2023-07-11 21:57:00,"696749690445,712416865031,656356899156,627415956439,712162832940,593731938196",139186095,7,0,0.181818181818182,0,0,0,0,0,0,0,0,0,0,0,往期视频,,,否
1,2026,7月,暮樱翩翩,2026年4月,560770584746,这个超浪漫的炫彩陶瓷杯也太哇塞了！🌠,2026-04-13 18:00:31,1022161108857,139186095,6,0,0,0,0,0,0,0,0,0,0,0,0,0,站内达人视频,,,否
1,2026,7月,冰霸杯,2026年4月,518962613042,【百亿补贴】星巴克大容量冰霸杯拎拎杯户外便携保温保冷七夕礼物,2026-04-18 01:10:50,919010228354,139186095,6,0,0,0,0,0,0,0,0,0,0,0,0,0,往期视频,,,否
1,2026,7月,冰霸杯,2026年2月,553548990305,天使蓝+公主粉，冬日时尚单品有你！,2026-02-23 18:00:00,792880543164,139186095,6,0,0.125,0,0,0,0,0,0,0,0,0,0,0,站内达人视频,,,否
1,2026,7月,复古白绿,2026年4月,556319220810,星巴克杯子质感实用复古白绿系列保温杯随手杯吸管杯马克杯合集,2026-04-18 07:27:27,1023062168243,139186095,5,0,0,0,0,0,0,0,0,0,0,0,0,0,往期视频,,,否
1,2026,7月,复古白绿,2026年5月,566336816716,春夏限定清凉感🧊复古白绿杯,2026-05-22 14:00:09,1023062168243,139186095,5,0,0,0,0,0,0,0,0,0,0,0,0,0,直播剪辑,,,否
1,2026,7月,咖啡宝藏,2026年4月,456690414060,星巴克宝藏系列不锈钢咖啡杯保温杯咖啡流金款合集七夕礼物,2026-04-17 23:58:22,750932511412,139186095,4,0,0,0,0,0,0,0,0,0,0,0,0,0,往期视频,,,否
1,2026,7月,夏日甜品派对,2026年5月,565537391983,这个星星奶油杯甜度超标了叭՞•･•՞,2026-05-20 15:00:43,1046028731385,139186095,4,0,0.5,0,0,0,0,0,0,0,0,0,0,0,种草短视频,桌面,是,否
1,2026,7月,复古白绿,2026年3月,558180001933,星杯贴贴| 高颜值随行杯+1👍,2026-03-31 18:00:00,1023062168243,139186095,3,0,0,0,0,0,0,0,0,0,0,0,0,0,种草短视频,户外,是,否
1,2026,7月,春序纹样,2026年4月,559058625978,春序纹样系列|把春天捧在手里✨,2026-04-03 18:00:00,1021387954591,139186095,3,0,0,0,0,0,0,0,0,0,0,0,0,0,AI短视频,,是,否
1,2026,7月,多链接,2023年6月,416525017745,星巴克玻璃吸管杯合集,2023-06-25 14:26:23,"696749690445,684474821708,682088671211,656356899156,627415956439,593731938196",139186095,3,0,0,0,0,0,0,0,0,0,0,0,0,0,往期视频,,,否
1,2026,7月,暮樱翩翩,2026年2月,554641374414,抓到一只靓杯！！春日心动+1,2026-02-28 18:00:00,1022161108857,139186095,2,0,0,0,0,0,0,0,0,0,0,0,0,0,种草短视频,桌面,,否
1,2026,7月,暮樱翩翩,2026年3月,555867922783,大概是我见过最春天的吸管杯❤少女心炸裂,2026-03-10 18:00:00,1022161108857,139186095,2,0,0,0,0,0,0,0,0,0,0,0,0,0,种草短视频,桌面,是,否
1,2026,7月,#N/A,2025年6月,521973182074,🕶甜妹/美式辣妹的切换，有星巴克杯就够了？！,2025-06-06 07:14:00,911286655754,139186095,2,0,0,0,0,0,0,0,0,0,0,0,0,0,往期视频,,,否
1,2026,7月,#N/A,2025年6月,523359035087,是被🍉小熊治愈的一天呀,2025-06-16 18:00:32,909018675852,139186095,2,0,0,0,0,0,0,0,0,0,0,0,0,0,往期视频,,,否
1,2026,7月,暮樱翩翩,2026年4月,561132534993,这个杯子上有银河耶！！一眼心动,2026-04-19 20:00:00,1022161108857,139186095,2,0,0,0,0,0,0,0,0,0,0,0,0,0,站内达人视频,,,否
1,2026,7月,多链接,2023年6月,413864111563,星巴克吸管杯碰碰乐 你pick谁？,2023-06-03 23:50:50,"696749690445,712162832940,712416865031",139186095,2,0,0,0,0,0,0,0,0,0,0,0,0,0,往期视频,,,否
1,2026,7月,复古白绿,2026年4月,560415907750,不要放过这个复古白绿巨无霸杯……🍃,2026-04-15 20:00:00,1023062168243,139186095,1,0,0,0,0,0,0,0,0,0,0,0,1,1,站内达人视频,,,否
1,2026,7月,#N/A,2022年2月,348105366917,"大吉大利吸管杯 | 双层玻璃补水更安心
渐变黄色让杯身上的老虎更加生动可爱
用这杯黄色开启快乐的咕噜",2022-02-15 15:00:14,665151980929,139186095,1,0,0,0,0,0,0,0,0,0,0,0,0,0,往期视频,,,否
1,2026,7月,#N/A,2022年10月,378449036312,星巴克臻选系列星杯，高颜值又有品质，双层陶瓷搭配杯盖，日常使用可防尘,2022-10-01 09:00:00,561145974737,139186095,1,0,0,0,0,0,0,0,0,0,0,0,0,0,往期视频,,,否
1,2026,7月,#N/A,2022年11月,388105400208,"星巴克臻选系列星杯
一杯带你寻源咖啡的香味
热闹繁华、魅力四射的街市景象
浓缩在这一杯深铜色的马克杯",2022-11-29 14:30:32,677712088650,139186095,1,0,0,0,0,0,0,0,0,0,0,0,0,0,往期视频,,,否
1,2026,7月,墨绿,2022年12月,390108218532,星巴克经典墨绿保温杯，旋转开口即时畅饮，经典大气外观，适合送给男友或爸爸~,2022-12-07 11:06:59,642170058962,139186095,1,0,0,0,0,0,0,0,0,0,0,0,0,0,往期视频,,,否
1,2026,7月,#N/A,2023年1月,394180340427,"「值得拥有的典雅」
 ⛰
把云南的山水，握在手心
来自星巴克臻选系列的保温杯
与膳魔师联名出品
简约",2023-01-21 13:30:00,684764930780,139186095,1,0,0,0,0,0,0,0,0,0,0,0,0,0,往期视频,,,否
1,2026,7月,#N/A,2023年6月,414005227322,星巴克杯子镜面系列保温杯随行杯简约复古,2023-06-04 23:22:28,717941810930,139186095,1,0,0,0,0,0,0,0,0,0,0,0,0,0,往期视频,,,否
1,2026,7月,#N/A,2023年6月,415626794890,星巴克黄油啤酒风味冰震,2023-06-17 10:18:37,719604775608,235431195,1,0,0,0,0,0,0,0,0,0,0,0,0,0,往期视频,,,否
1,2026,7月,#N/A,2023年6月,417167410646,星巴克杯子铃兰系列高颜值时尚马克杯保温杯,2023-06-27 18:53:54,712162832940,139186095,1,0,0,0,0,0,0,0,0,0,0,0,0,0,往期视频,,,否
1,2026,7月,雾野系列,2024年6月,467029224864,618 | 好适合水牛姐妹的蓝色吨吨桶,2024-06-13 09:46:53,794572511612,139186095,1,0,0,0,0,0,0,0,0,0,0,0,0,0,往期视频,,,否
1,2026,7月,#N/A,2025年5月,518325953265,🌟星巴克果缘奇遇冷变魔法杯上线！柠檬控的夏日仪式感,2025-05-10 09:08:00,909018675852,139186095,1,0,0,0,0,0,0,0,0,0,0,0,0,0,往期视频,,,否
1,2026,7月,#N/A,2025年6月,522457680028,一眼沦陷的绝美桌面杯🤩,2025-06-09 10:28:15,911286655754,139186095,1,0,0,0,0,0,0,0,0,0,0,0,0,0,往期视频,,,否
1,2026,7月,#N/A,2025年6月,522856679142,美我一大跳🥰挖到甜妹的宝「杯」啦,2025-06-13 10:00:00,923450300919,139186095,1,0,0,0,0,0,0,0,0,0,0,0,0,0,往期视频,,,否
1,2026,7月,#N/A,2025年7月,525181026743,💜紫色控进❗梦幻感这块给TA拿捏了🤌,2025-07-01 10:00:00,911286655754,139186095,1,0,0,0,0,0,0,0,0,0,0,0,0,0,往期视频,,,否
1,2026,7月,#N/A,2025年7月,525368319683,双饮口杯杯🧸为桌面加多一点萌,2025-07-03 18:00:00,911286655754,139186095,1,0,0,0,0,0,0,0,0,0,0,0,0,0,往期视频,,,否
1,2026,7月,#N/A,2025年7月,526446282037,经典款的实力✨永远在线,2025-07-13 18:00:00,890132555712,139186095,1,0,0,0,0,0,0,0,0,0,0,0,0,0,往期视频,,,否
1,2026,7月,#N/A,2025年7月,526894920834,假日风随身杯天花板💕,2025-07-16 20:00:00,917941084736,139186095,1,0,0,0,0,0,0,0,0,0,0,0,0,0,往期视频,,,否
1,2026,7月,#N/A,2025年8月,529453072630,天好热❤️‍🔥看眼清爽的透明杯 降降温,2025-08-07 20:00:00,951835932437,139186095,1,0,0,0,0,0,0,0,0,0,0,0,0,0,往期视频,,,否
1,2026,7月,#N/A,2025年8月,531620222885,开箱VLOG|这个随行杯有点东西~,2025-08-25 18:00:00,964541009231,139186095,1,0,0,0,0,0,0,0,0,0,0,0,0,0,往期视频,,,否
1,2026,7月,#N/A,2025年9月,532469424722,回归校园系列，陪你开启新学期📚️,2025-09-01 18:00:58,964541009231,139186095,1,0,0,0,0,0,0,0,0,0,0,0,0,0,AI短视频,,,否
1,2026,7月,冰霸杯,2025年9月,534443342034,秋日大容量保温杯，助力一天8杯水💦,2025-09-17 18:00:44,919010228354,139186095,1,0,0,0,0,0,0,0,0,0,0,0,0,0,种草短视频,桌面,,否
1,2026,7月,冰霸杯,2025年9月,535283712497,(◍•ᴗ•◍)ﾉ♡秋天，被这个水杯治愈住嘞,2025-09-24 21:00:00,919010228354,139186095,1,0,0,0,0,0,0,0,0,0,0,0,0,0,往期视频,,,否
1,2026,7月,冰霸杯,2025年10月,536045275640,wow~桌面比我率先5G入秋🤎,2025-10-06 21:00:00,919010228354,139186095,1,0,0,0,0,0,0,0,0,0,0,0,0,0,往期视频,,,否
1,2026,7月,#N/A,2025年10月,537396087727,先🐎后冲！分享你的日常通勤星杯叭,2025-10-14 18:00:00,976284449104,139186095,1,0,0,0,0,0,0,0,0,0,0,0,0,0,种草短视频,车载,,否
1,2026,7月,#N/A,2025年10月,537563628789,秋日野野系列 身在办公桌，让我康康户外👀,2025-10-13 19:00:00,976284449104,139186095,1,0,0,0,0,0,0,0,0,0,0,0,0,0,种草短视频,桌面,,否
1,2026,7月,#N/A,2025年11月,540692839421,阔爱随行杯，每天出门上班心情都因Ta变好咯,2025-11-06 18:00:00,975069063377,139186095,1,0,0.5,0,0,0,0,0,0,0,0,0,0,0,往期视频,,,否
1,2026,7月,暮樱翩翩,2026年3月,555875890131,车载杯推荐|这一抹暮樱紫，美观又实用嘞！！,2026-03-09 18:22:32,1022161108857,139186095,1,0,0,0,0,0,0,0,0,0,0,0,0,0,种草短视频,车载,,否
1,2026,7月,复古白绿,2026年3月,557973898105,⭐星杯分享|随身一杯，春日氛围感UP！,2026-03-27 18:00:00,1023062168243,139186095,1,0,1,0,0,0,0,0,0,0,0,0,0,0,种草短视频,桌面,是,否
1,2026,7月,万花玫境,2026年4月,559496068448,万花保温杯|你的随行好搭子已上线！,2026-04-05 20:00:00,1020511554543,139186095,1,0,0,0,0,0,0,0,0,0,0,0,0,0,站内达人视频,,,否
1,2026,7月,春日晴空,2026年4月,561250552319,粉色珠串摇啊摇，把春天系在杯子上～🌸,2026-04-16 20:00:45,768886743103,139186095,1,0,0,0,0,0,0,0,0,0,0,0,0,0,站内达人视频,,,否
1,2026,7月,春序纹样,2026年4月,561767061243,春日出行必备这个910ml巨无霸杯杯！🍃,2026-04-22 18:00:00,1021387954591,139186095,1,0,0,0,0,0,0,0,0,0,0,0,0,0,站内达人视频,,,否
1,2026,7月,春日晴空,2026年4月,562212480125,工位新宠！这只ins风格纹杯好美🧊,2026-04-25 00:00:00,768886743103,139186095,1,0,0,0,0,0,0,0,0,0,0,0,0,0,站内达人视频,,,否
1,2026,7月,冰霸杯,2026年5月,563466411723,我真的很需要这个大容量水杯！！！,2026-05-08 18:00:00,919010228354,139186095,1,0,0,0,0,0,0,0,0,0,0,0,0,0,直播剪辑,,,否
1,2026,7月,夏日甜品派对,2026年5月,564586642705,星品来袭|超萌保温杯遇到冰淇淋杯套🍦,2026-05-14 18:00:00,1046028731385,139186095,1,0,0,0,0,0,0,0,0,0,0,0,0,0,AI短视频,,是,否
1,2026,7月,夏日甜品派对,2026年5月,565811441138,星巴克新品|杯子上长小兔子啦🐇,2026-05-20 20:00:33,1046028731385,139186095,1,0,0,0,0,0,0,0,0,0,0,0,0,0,往期视频,,,否
1,2026,7月,多链接,2022年4月,356757538771,"今夏潮包族 | 星冰粽冰逸款托特包
-
一年一度的买粽赠包系列来啦~
今年的星冰粽大容量托特包，简约",2022-04-21 13:19:54,"672679946635,672679842760,671968072465",139186095,1,0,0,0,0,0,0,0,0,0,0,0,0,0,往期视频,,,否
1,2026,7月,多链接,2022年10月,380272669788,"#新品来啦#
星巴克臻选云南系列星杯来啦
极具艺术感的杯身图案
搭配米白色的杯身
黑色杯盖
臻选LO",2022-10-09 16:00:16,"685070455224,684764930780",139186095,1,0,0,0,0,0,0,0,0,0,0,0,0,0,往期视频,,,否
1,2026,7月,多链接,2021年11月,335504599866,"#双11来啦#本届双11，星巴克和STANLEY/史丹利又出联名啦~
小巧容量随行杯，杯盖自带拎环
",2021-11-04 19:00:36,"655875674974,655051672121,655051520332,655051480415",139186095,1,0,0,0,0,0,0,0,0,0,0,0,0,0,往期视频,,,否
1,2026,7月,冰霸杯,2026年7月,2247370199930625,珠串冰霸杯,2026-07-08 10:24:31,"792880543164,1046595371057",139186095,0,0,0,1,0,0,0,0,0,0,0,0,0,0,往期视频,,,否
1,2026,7月,春日晴空,2026年7月,3992771738881493,经典系列,2026-07-21 14:08:53,768886743103,139186095,0,0,0,3,0,0,0,0,0,0,0,0,1,1,往期视频,,,否
1,2026,7月,夏日甜品派对,2026年5月,565385514024,星杯贴贴,2026-05-18 11:38:20,1046028731385,139186095,0,0,0,0,0,0,0,0,0,0,0,0,1,1,往期视频,,,否
1,2026,7月,爪爪天地,2026年6月,568763143103,爪爪天地,2026-06-10 18:02:38,1047737497582,139186095,0,0,0,0,0,0,0,0,0,0,0,0,1,1,往期视频,,,否
1,2026,7月,朋克芭蕾,2026年6月,571777014344,星品上线,2026-06-30 15:19:14,1062950936874,139186095,0,0,0,4,0,0,0,0,0,0,0,0,1,1,往期视频,,,否
1,2026,7月,春日晴空,2026年7月,1715545241588881,星杯来袭,2026-07-28 13:40:04,768886743103,139186095,0,0,0,2,0,0,0,0,0,0,0,0,0,0,往期视频,,,否
1,2026,7月,朋克芭蕾,2026年7月,2280257918878289,朋克芭蕾,2026-07-21 09:59:30,1062950936874,139186095,0,0,0,2,0,0,0,0,0,0,0,0,0,0,往期视频,,,否
1,2026,7月,#N/A,2021年9月,326455176930,冬日宅家之选，典雅之作的桌面杯，开盖直饮，不锈钢杯身自带保温功能，金色边缘成为点睛之笔，备上星杯，陪,2021-09-16 17:58:38,654729177845,139186095,0,0,0,0,0,0,0,0,0,0,0,0,0,0,往期视频,,,否
1,2026,7月,墨绿金,2022年4月,357223659889,"400ml墨绿色女神铭牌玻璃杯
-
磨砂玻璃与光面玻璃搭配
下半部分是棱面的杯身
以墨绿色为基底，哑",2022-04-21 15:00:46,641446468144,139186095,0,0,0,0,0,0,0,0,0,0,0,0,0,0,往期视频,,,否
1,2026,7月,墨绿金,2022年7月,369884221541,"星巴克杯子,送给爱的TA",2022-07-25 17:00:22,641446468144,139186095,0,0,0,0,0,0,0,0,0,0,0,0,0,0,往期视频,,,否
1,2026,7月,墨绿金,2022年12月,389382200853,星巴克墨绿金系列马克杯，大容量日常使用，实用又经典,2022-12-08 16:19:05,642170046560,139186095,0,0,0,0,0,0,0,0,0,0,0,0,0,0,往期视频,,,否
1,2026,7月,墨绿,2022年12月,390107434699,"星巴克墨绿金系列桌面杯，门店同款自带杯造型，适合当作随行杯
Starbucks星巴克官方旗舰店",2022-12-07 11:00:56,642508607188,139186095,0,0,0,0,0,0,0,0,0,0,0,0,0,0,往期视频,,,否
1,2026,7月,墨绿,2023年12月,443631017840,"日用品效果展示好物推荐星巴克墨绿色保温杯,车载居家皆宜
Starbucks星巴克官方旗舰店",2023-12-26 17:39:33,642508607188,139186095,0,0,0,0,0,0,0,0,0,0,0,0,0,0,往期视频,,,否
1,2026,7月,墨绿,2024年3月,453292439914,"星巴克墨绿色保温杯,颜值高又实用
Starbucks星巴克官方旗舰店星巴克星巴克杯子",2024-03-13 08:00:00,642508607188,139186095,0,0,0,0,0,0,0,0,0,0,0,0,0,0,往期视频,,,否
1,2026,7月,多链接,2023年6月,415911584156,你最好不要像在韦斯安德森的电影里一样喝水,2023-06-23 14:22:34,"682088679230,627415956439,681473901778",139186095,0,0,0,0,0,0,0,0,0,0,0,0,0,0,往期视频,,,否
1,2026,7月,多链接,2023年5月,412511046663,618预售 | 经典的墨绿金系列,2023-05-29 16:55:32,"655107470979,642508647066,654729177845,641446468144,642170046560,641446388668",139186095,0,0,0,0,0,0,0,0,0,0,0,0,0,0,往期视频,,,否
1,2026,7月,#N/A,2025年8月,529587436030,开箱|谁不爱这个blingbling的吸管杯啊 💓,2025-08-08 20:00:36,951835932437,139186095,0,0,0,0,0,0,0,0,0,0,0,0,0,0,往期视频,,,否
1,2026,7月,#N/A,2025年10月,537310348341,🆕|收集到来自大海的温柔🌊,2025-10-12 21:00:00,971414259492,139186095,0,0,0,0,0,0,0,0,0,0,0,0,0,0,往期视频,,,否
1,2026,7月,#N/A,2025年11月,542187546213,🎀不会吧！这杯子自带表白功能？,2025-11-15 21:00:00,983587971224,139186095,0,0,0,0,0,0,0,0,0,0,0,0,0,0,往期视频,,,否
1,2026,7月,复古白绿,2026年4月,560771392674,🌿上课通勤都认准这个美式复古拎拎杯！,2026-04-13 20:00:22,1023062168243,139186095,0,0,0,0,0,0,0,0,0,0,0,0,0,0,往期视频,,,否
1,2026,7月,春日晴空,2026年5月,562621843073,格纹保温杯|喝水也可以很小清新~,2026-05-05 18:00:00,768886743103,139186095,0,0,0,0,0,0,0,0,0,0,0,0,0,0,站内达人视频,,,否
1,2026,7月,紫夜星河,2026年5月,563767267908,星杯贴贴,2026-05-08 17:49:30,1046766030024,139186095,0,0,0,0,0,0,0,0,0,0,0,0,0,0,往期视频,,,否
1,2026,7月,夏日甜品派对,2026年5月,564308615138,星杯贴贴,2026-05-12 16:03:14,1046028731385,139186095,0,0,0,1,0,0,0,0,0,0,0,0,0,0,往期视频,,,否
1,2026,7月,夏日甜品派对,2026年5月,564313046603,星杯上线,2026-05-11 14:47:57,1046028731385,139186095,0,0,0,3,0,0,0,0,0,0,0,0,0,0,往期视频,,,否
1,2026,7月,夏日甜品派对,2026年5月,565660937870,甜甜星杯,2026-05-19 15:29:27,1046028731385,139186095,0,0,0,0,0,0,0,0,0,0,0,0,0,0,往期视频,,,否
1,2026,7月,紫夜星河,2026年5月,566689574049,星杯分享,2026-05-26 12:15:15,1046766030024,139186095,0,0,0,1,0,0,0,0,0,0,0,0,0,0,往期视频,,,否
1,2026,7月,爪爪天地,2026年6月,567737325848,星杯来袭,2026-06-01 17:14:27,1047737497582,139186095,0,0,0,2,0,0,0,0,0,0,0,0,0,0,往期视频,,,否
1,2026,7月,冰霸杯,2026年6月,570801770388,星杯贴贴,2026-06-22 16:11:29,792880543164,139186095,0,0,0,0,0,0,0,0,0,0,0,0,0,0,往期视频,,,否
1,2026,7月,朋克芭蕾,2026年7月,572969372189,朋克芭蕾,2026-07-07 17:38:14,1062950936874,139186095,0,0,0,1,0,0,0,0,0,0,0,0,0,0,往期视频,,,否
1,2026,7月,疾风竞野,2026年7月,655787677296071,疾风劲野,2026-07-14 13:16:49,1064356200654,139186095,0,0,0,1,0,0,0,0,0,0,0,0,0,0,往期视频,,,否
1,2026,7月,墨绿,2022年7月,368130906770,墨绿系列马克杯，杯型相似可以作为情侣对杯~,2022-07-08 16:26:55,"642170046560,641446468144",139186095,0,0,0,0,0,0,0,0,0,0,0,0,0,0,往期视频,,,否
1,2026,7月,多链接,2021年12月,339827925558,591ml粉灰款玻璃吸管杯,2021-12-07 16:59:47,"662116375139,660945372882,661367401274,660721060253",139186095,0,0,0,1,0,0,0,0,0,0,0,0,0,0,往期视频,,,否
1,2026,6月,马克杯合集,2025年11月,543924197872,熊店长甜品屋🈺！布丁杯上工🙋‍♀️,2025-11-29 21:00:00,979072431459,139186095,5194,1902,0,1,44703,56427,60,65,3672,3273,0.0650752299431123,0.0732165626468022,2976,2001,图文,,,是
1,2026,6月,薄荷绿系列,2023年6月,415731941695,星巴克好看的杯子真的不嫌多啊,2023-06-19 17:14:26,"718570840547,684474773775",139186095,798,2923.06,0.156981786643539,2,14800,16950,55,60,703,590,0.0414749262536873,0.0398648648648649,543,286,往期视频,,,是
1,2026,6月,马克杯合集,2025年10月,539048183883,🍞给杯子出片！我是认真的,2025-10-27 18:00:00,979072431459,139186095,770,672,0.117003367003367,0,12349,16179,16,18,916,810,0.0566166017677236,0.0655923556563284,926,607,种草短视频,桌面,,是
1,2026,6月,咖啡宝藏,2024年5月,460235214175,"星巴克宝藏杯,咖啡流金款合集
Starbucks星巴克官方旗舰店 
星巴克 星巴克杯子 星巴克水杯 ",2024-05-04 10:00:00,750932511412,139186095,629,3020.5,0.00512820512820513,0,12235,13913,46,49,595,520,0.0427657586429958,0.0425010216591745,574,363,往期视频,,,是
1,2026,6月,紫夜星河,2026年5月,563468491668,夏夜浪漫💜新品紫夜星河系列上线,2026-05-06 21:30:05,1046766030024,139186095,759,1622,0.00569476082004556,1,10226,11344,50,53,488,461,0.0430183356840621,0.0450811656561705,528,257,AI短视频,,是,是
1,2026,6月,墨绿,2022年9月,378950037102,星巴克经典墨绿吸管杯，厚实的玻璃材质更有质感~,2022-09-30 09:00:00,627415956439,139186095,389,988,0.0106382978723404,0,7305,7957,29,29,333,306,0.0418499434460224,0.0418891170431211,372,200,往期视频,,,否
1,2026,6月,咖啡宝藏,2024年7月,472447801879,"星巴克宝藏杯,咖啡流金款合集
Starbucks星巴克官方旗舰店 
星巴克 星巴克杯子 星巴克水杯 ",2024-07-17 10:05:10,750932511412,139186095,334,179.35,0.0100200400801603,0,5530,7227,6,6,443,371,0.0612979106129791,0.0670886075949367,378,246,往期视频,,,否
1,2026,6月,经典绿,2023年6月,416807281255,星巴克杯子薄荷绿系列小清新水杯大容量便携,2023-06-27 18:57:24,718570840547,139186095,286,710.18,0.0507042253521127,0,5169,5705,29,29,276,244,0.0483786152497809,0.0472044882956084,270,158,往期视频,,,否
1,2026,6月,雾野系列,2024年6月,466069072908,"星巴克雾野系列,超有质感的杯子
Starbucks星巴克官方旗舰店
星巴克 星巴克水杯  星巴克杯子",2024-06-07 09:46:53,794572511612,139186095,300,686,0.0051413881748072,0,3952,4524,23,25,209,186,0.0461980548187445,0.0470647773279352,242,135,往期视频,,,否
1,2026,6月,墨绿,2022年12月,390287210486,星巴克经典墨绿色马克杯，哑光金色铜章搭配立体竖条纹，杯形设计更有质感Starbucks星巴克官方旗舰,2022-12-08 15:54:12,642508647066,139186095,167,930,0,0,3419,3682,16,16,136,125,0.0369364475828354,0.0365603977771278,131,71,往期视频,,,否
1,2026,6月,墨绿,2022年7月,367145462095,"摩登复古墨绿马克杯
-
磨砂陶瓷材质好舒服的手感
精致小巧的杯型
日常补水or咖啡
喝水适宜
摩登时",2022-07-03 19:00:00,628335395083,139186095,134,264,0.00645161290322581,0,3225,3623,12,12,140,131,0.038642009384488,0.0406201550387597,91,55,往期视频,,,否
1,2026,6月,活泼率,2024年5月,463009062504,"星巴克活泼绿系列
Starbucks星巴克官方旗舰店 
星巴克 星巴克杯子 星巴克水杯  户外",2024-05-18 12:00:00,783054778948,139186095,166,259,0.0982142857142857,0,3194,3486,12,15,138,128,0.0395869191049914,0.0400751408891672,108,66,往期视频,,,否
1,2026,6月,万花玫境,2026年3月,555940669593,万花玫境|我与春天有个约会~,2026-03-12 10:00:00,1020511554543,139186095,162,973.4,0.0104712041884817,0,2965,3222,11,14,118,107,0.0366232153941651,0.0360876897133221,88,56,AI短视频,,是,否
1,2026,6月,墨绿,2022年12月,393182363503,"星巴克经典墨绿马克杯，醒目的人鱼logo浮雕设计于杯面上，风格大气时尚
Starbucks星巴克官方",2022-12-29 11:37:46,628335395083,139186095,110,636,0.0212765957446809,0,2281,2435,9,9,75,68,0.0308008213552361,0.0298114861902674,77,44,往期视频,,,否
1,2026,6月,雾野系列,2024年6月,468131920295,"星巴克雾野系列,超有质感的杯子
Starbucks星巴克官方旗舰店 
星巴克 星巴克杯子星巴克水杯 ",2024-06-19 13:20:55,794572511612,139186095,209,167,0.00386100386100386,0,2183,2406,27,28,121,114,0.0502909393183707,0.0522217132386624,138,80,往期视频,,,否
1,2026,6月,爪爪天地,2026年5月,4441803903505040,星品上新🐕喜乐蒂陪你一起摸鱼ing,2026-05-31 12:00:00,1047737497582,139186095,1397,0,0.209116541353383,4,1652,1767,3,3,30,29,0.0169779286926995,0.0175544794188862,28,17,AI短视频,,是,否
1,2026,6月,不锈钢吸管杯,2025年4月,517319756175,星巴克薯条杯×美食MBTI，一口解锁你的专属饮品🧋！,2025-04-30 09:00:00,818748783317,139186095,135,552,0.0238095238095238,0,1507,1710,6,6,65,59,0.0380116959064327,0.0391506303915063,90,48,往期视频,,,否
1,2026,6月,墨绿,2022年7月,368130906770,墨绿系列马克杯，杯型相似可以作为情侣对杯~,2022-07-08 16:26:55,"642170046560,641446468144",139186095,119,398,0.00704225352112676,0,1427,1592,11,11,76,66,0.0477386934673367,0.0462508759635599,79,42,往期视频,,,否
1,2026,6月,墨绿,2022年7月,368694736229,"星巴克墨绿色保温杯,时尚便携送礼",2022-07-20 16:27:52,642170058962,139186095,80,540,0.0306122448979592,0,1387,1478,2,2,54,51,0.0365358592692828,0.0367700072098053,50,32,往期视频,,,否
1,2026,6月,冰霸杯,2026年6月,1858629424292436,夏天需要多巴胺水杯💛🩵,2026-06-06 12:00:00,"919010228354,792880543164",139186095,180,249,0.223300970873786,2,1385,1502,5,5,41,40,0.0272969374167776,0.0288808664259928,33,19,往期视频,,,否
1,2026,6月,夏日甜品派对,2026年6月,4170631260686682,带这个杯子出门回头率百分百诶！！,2026-06-02 15:00:00,1046028731385,139186095,145,626,0.0625,3,1295,1411,10,13,50,44,0.0354358610914245,0.033976833976834,42,31,往期视频,,,否
1,2026,6月,墨绿,2022年12月,390107434699,"星巴克墨绿金系列桌面杯，门店同款自带杯造型，适合当作随行杯
Starbucks星巴克官方旗舰店",2022-12-07 11:00:56,642508607188,139186095,80,564,0.11214953271028,0,1166,1277,4,4,58,52,0.0454189506656225,0.0445969125214408,50,28,往期视频,,,否
1,2026,6月,墨绿金,2022年12月,389382200853,星巴克墨绿金系列马克杯，大容量日常使用，实用又经典,2022-12-08 16:19:05,642170046560,139186095,39,0,0.0425531914893617,0,1048,1140,1,1,26,26,0.0228070175438597,0.0248091603053435,14,9,往期视频,,,否
1,2026,6月,夏日甜品派对,2026年6月,4259079042952987,对不起我真的很需要这个透明小熊杯！🐻,2026-06-05 14:00:00,1046028731385,139186095,511,181,0.1421143847487,1,987,1060,1,1,10,9,0.00943396226415094,0.00911854103343465,17,9,往期视频,,,否
1,2026,6月,钛杯,2026年1月,549478600331,便携爆闪钛杯，本颜控很满意！,2026-01-11 20:00:00,1006202362257,139186095,77,2851,0,0,958,1031,12,12,46,44,0.0446168768186227,0.0459290187891441,85,36,直播剪辑,,,否
1,2026,6月,活泼率,2024年5月,463772296778,"星巴克活泼绿系列,经典时尚保温杯
Starbucks星巴克官方旗舰店
星巴克 星巴克杯子 星巴克水杯",2024-05-24 16:29:09,783054778948,139186095,57,0,0.0158730158730159,0,874,952,1,1,32,29,0.0336134453781513,0.0331807780320366,20,14,往期视频,,,否
1,2026,6月,爪爪天地,2026年6月,753776068920029,工位吨吨杯！守护打工人的喝水KPI,2026-06-26 20:00:24,1047737497582,139186095,169,0,0.126829268292683,3,873,949,3,6,16,15,0.0168598524762908,0.0171821305841924,21,14,种草短视频,桌面,是,否
1,2026,6月,多肉花园,2024年6月,465763497727,"星巴克杯子,多肉花园系列合集
Starbucks星巴克官方旗舰店
星巴克 星巴克杯子 星巴克水杯  ",2024-06-04 13:39:36,794743133653,139186095,76,214,0.0117647058823529,0,836,898,6,8,69,64,0.076837416481069,0.076555023923445,71,45,往期视频,,,否
1,2026,6月,樱花粉,2023年6月,417107730586,"星巴克樱花粉保温杯,颜值高又实用
星巴克 星巴克杯子 Starbucks星巴克官方旗舰店",2023-06-27 12:32:14,624222128461,139186095,36,0,0.024390243902439,0,794,852,2,2,35,33,0.0410798122065728,0.0415617128463476,23,16,往期视频,,,否
1,2026,6月,夏日甜品派对,2026年6月,1368881205001480,夏日出行新宠🍃薄荷蓝随行杯好米！,2026-06-27 15:00:00,1046028731385,139186095,117,0,0.0534351145038168,3,691,738,0,0,7,6,0.00948509485094851,0.00868306801736614,4,3,种草短视频,户外,是,否
1,2026,6月,多肉花园,2024年8月,477231798365,收集桌面上的元气时刻,2024-08-18 13:00:00,794743133653,139186095,85,0,0,0,664,802,1,1,40,36,0.0498753117206983,0.0542168674698795,23,13,往期视频,,,否
1,2026,6月,薄荷绿系列,2025年5月,519957141605,这么美的清透玻璃杯不能只有我知道🥰！,2025-05-22 07:05:00,792978475194,139186095,78,674.2,0,0,641,727,5,6,57,52,0.078404401650619,0.0811232449297972,73,48,往期视频,,,否
1,2026,6月,薄荷绿系列,2024年6月,465891133893,"星巴克吸管杯,清透玻璃女神杯
Starbucks星巴克官方旗舰店 
星巴克 星巴克杯子 星巴克水杯 ",2024-06-05 09:42:57,792978475194,139186095,75,149,0.0344827586206897,0,620,670,10,12,37,31,0.0552238805970149,0.05,51,31,往期视频,,,否
1,2026,6月,夏日甜品派对,2026年6月,1068290967916339,粉白蝴蝶结杯碟组🎀是初夏的温柔,2026-06-26 18:00:40,1046028731385,139186095,556,0,0.499219968798752,2,618,677,0,0,4,4,0.00590841949778434,0.00647249190938511,12,9,往期视频,,,否
1,2026,6月,复古白绿,2026年6月,524948021418051,经典永不过时！美式复古保温杯,2026-06-06 18:00:00,1023062168243,139186095,16,0,0,1,609,671,0,0,4,4,0.00596125186289121,0.00656814449917898,2,1,种草短视频,桌面,是,否
1,2026,6月,墨绿,2022年10月,379040309402,星巴克经典墨绿马克杯，竖条纹立体棱面设计，杯面上有哑光铜章，更显质感,2022-10-02 09:00:00,642508647066,139186095,60,410,0.0151515151515152,0,605,691,8,8,33,33,0.0477568740955137,0.0545454545454545,33,21,往期视频,,,否
1,2026,6月,墨绿金,2022年7月,369884221541,"星巴克杯子,送给爱的TA",2022-07-25 17:00:22,641446468144,139186095,22,130,0,0,591,622,2,2,9,9,0.0144694533762058,0.0152284263959391,9,7,往期视频,,,否
1,2026,6月,冰霸杯,2026年6月,2948971548138559,✨颜值超高的900ml粉蓝车载冰霸杯！,2026-06-05 20:00:00,"919010228354,792880543164",139186095,76,0,0.0246913580246914,1,586,651,0,0,6,6,0.00921658986175115,0.0102389078498294,0,0,往期视频,,,否
1,2026,6月,紫夜星河,2026年5月,1030513967340728,星品开箱⭐|谁能抗拒这抹女神紫！,2026-05-30 20:00:00,1046766030024,139186095,166,0,0.032258064516129,1,558,598,1,1,10,9,0.0167224080267559,0.0161290322580645,5,5,往期视频,,,否
1,2026,6月,咖啡宝藏,2024年2月,448477480735,"星巴克宝藏杯,咖啡流金款吸管保温
Starbucks星巴克官方旗舰店
星巴克 星巴克杯子 星巴克水杯",2024-02-02 10:09:57,750932511412,139186095,64,179.35,0.0119047619047619,0,528,615,3,4,64,51,0.104065040650407,0.0965909090909091,59,39,往期视频,,,否
1,2026,6月,夏日甜品派对,2026年6月,3419247235742227,爱心杯底💗甜系小兔🐇,2026-06-07 18:00:00,1046028731385,139186095,548,288,0.0740740740740741,6,512,559,3,3,14,11,0.0250447227191413,0.021484375,18,9,往期视频,,,否
1,2026,6月,紫夜星河,2026年6月,4270927284095330,挖到宝了！带着这个900ml银河杯粗去丸~,2026-06-03 20:00:00,1046766030024,139186095,421,194,0.0351239669421488,3,503,536,2,2,13,13,0.0242537313432836,0.025844930417495,11,9,站内达人视频,,,否
1,2026,6月,爪爪天地,2026年6月,1474133654547600,柯基or腊肠？🐕马克杯碟组助你“不加班”！,2026-06-01 15:00:02,1047737497582,139186095,27,144,0.2,0,502,548,2,2,12,11,0.0218978102189781,0.0219123505976096,11,6,AI短视频,,是,否
1,2026,6月,多链接,2021年11月,338875563377,"节日星意，浓厚来袭。小动物们齐聚卡面，为即将到来的派对欢庆~
starbucks/星巴克入手一张节日",2021-11-24 10:19:06,"656267759245,656267683348,656267647914,655501821552,655501569870,655052140244",139186095,24,0,0,0,501,546,1,1,14,14,0.0256410256410256,0.0279441117764471,4,3,往期视频,,,否
1,2026,6月,爪爪天地,2026年6月,1354484815178930,杯子里长出一只喜乐蒂来啦！,2026-06-18 18:00:10,"1047738209197,1047737497582",139186095,106,0,0.840735068912711,2,473,503,2,2,9,9,0.0178926441351889,0.0190274841437632,8,5,站内达人视频,,,否
1,2026,6月,爪爪天地,2026年6月,3339938594389628,星品上新|🐾爪爪天地化身职场嘴替来噜！,2026-06-03 12:00:00,1047737497582,139186095,63,0,0.0246913580246914,3,473,508,0,0,0,0,0,0,3,2,往期视频,,,否
1,2026,6月,复古白绿,2026年3月,556359006295,复古白绿系列|貌美又实用的吸管杯来喽！,2026-03-14 12:00:00,1023062168243,139186095,40,0,0.0204081632653061,0,471,507,4,4,26,21,0.0512820512820513,0.0445859872611465,13,10,直播剪辑,,,否
1,2026,6月,爪爪天地,2026年6月,446647795066196,腊肠作杯盖？355ml马克杯萌出新高度！,2026-06-18 20:00:53,"1047738209197,1047737497582",139186095,362,0,0.296846011131725,2,436,471,0,0,7,7,0.0148619957537155,0.0160550458715596,4,2,站内达人视频,,,否
1,2026,6月,樱花粉,2024年3月,452097918002,"星巴克樱花粉保温杯,高颜值大容量
Starbucks星巴克官方旗舰店 
星巴克  星巴克杯子 星巴克",2024-03-05 17:00:40,624222128461,139186095,24,150,0,0,434,449,1,1,10,9,0.022271714922049,0.0207373271889401,15,7,往期视频,,,否
1,2026,6月,星礼卡,2022年12月,392014196579,"新年好礼，超这里看！
可买星杯和咖啡的星礼卡
实用性满满
新年氛围插画
正好是寄托祝福的卡面
快来送",2022-12-30 11:28:21,"692173348106,687136221235,684390423207,681095081885,677382512880,674685155551",139186095,15,0,0,0,421,467,0,0,7,7,0.0149892933618844,0.0166270783847981,3,3,往期视频,,,否
1,2026,6月,冰霸杯,2026年6月,2637360371028869,☁粉蓝拎拎杯|通勤路上的小确幸,2026-06-07 12:00:00,919010228354,139186095,42,0,0.0392156862745098,1,413,462,0,0,10,10,0.0216450216450216,0.0242130750605327,1,1,往期视频,,,否
1,2026,6月,蓝色系列,2024年5月,463474242611,"星巴克保温杯,大容量便携随行
Starbucks星巴克官方旗舰店 
星巴克 星巴克杯子  星巴克水杯",2024-05-20 16:57:02,750619815394,139186095,19,239,0.153846153846154,0,407,442,3,3,10,10,0.0226244343891403,0.0245700245700246,6,4,往期视频,,,否
1,2026,6月,多链接,2025年6月,523708312733,夏日清新暴击💦星杯热卖推荐,2025-06-18 15:01:08,"934064185857,929497006605,923450300919,917941084736,914102934273",139186095,43,99,0,0,383,400,1,1,12,11,0.03,0.0287206266318538,6,3,往期视频,,,否
1,2026,6月,快乐怡夏,2025年8月,531672504766,星杯开箱|一下子被小熊杯萌到啦~,2025-08-25 20:00:00,964935109662,139186095,24,164.8,0,0,367,404,2,2,21,19,0.051980198019802,0.0517711171662125,18,12,往期视频,,,否
1,2026,6月,冰霸杯,2026年6月,4019331963718204,新色上线|樱雾奶白冰霸杯美到心巴🌸,2026-06-05 18:00:00,919010228354,139186095,73,209,0.2625,1,357,396,1,1,5,5,0.0126262626262626,0.0140056022408964,0,0,往期视频,,,否
1,2026,6月,爪爪天地,2026年6月,3684976059642999,爪爪荡秋千，打工人的治愈小确幸🐶,2026-06-17 20:00:00,"1047738209197,1047737497582",139186095,92,0,0.313333333333333,1,354,380,0,0,4,4,0.0105263157894737,0.0112994350282486,3,2,往期视频,,,否
1,2026,6月,夏日甜品派对,2026年6月,616986392434153,编绳随行杯|捕捉一只夏日小可爱🍦,2026-06-04 20:00:00,1046028731385,139186095,13,144,0,0,342,399,0,0,12,12,0.0300751879699248,0.0350877192982456,5,4,站内达人视频,,,否
1,2026,6月,爪爪天地,2026年6月,2146402272253264,🐶 爪爪冰霸杯！大容量的快乐我懂了,2026-06-16 18:00:40,"1047737497582,1047738209197",139186095,194,0,0.33125,1,341,365,0,0,2,2,0.00547945205479452,0.00586510263929619,3,2,往期视频,,,否
1,2026,6月,夏日甜品派对,2026年6月,2039486480248151,🩷是心动啊~这只小兔杯真的甜到心坎！,2026-06-11 20:00:00,1046028731385,139186095,467,654,0.2765625,2,327,361,1,1,5,5,0.0138504155124654,0.0152905198776758,1,1,往期视频,,,否
1,2026,6月,爪爪天地,2026年6月,1276186809595144,超“肠”待机杯🐾搅拌棒是骨头？！,2026-06-04 18:00:00,1047737497582,139186095,5,0,0.3,0,309,360,1,1,1,1,0.00277777777777778,0.00323624595469256,1,1,往期视频,,,否
1,2026,6月,冰霸杯,2026年6月,2891322027254712,炎炎夏日里最亮眼的一抹粉！💓,2026-06-27 12:00:00,"919010228354,792880543164",139186095,190,0,0.100961538461538,3,307,327,1,2,3,3,0.00917431192660551,0.00977198697068404,1,1,往期视频,,,否
1,2026,6月,夏日甜品派对,2026年6月,424127899965440,拎这只蝴蝶结杯杯🎀回头率好高,2026-06-14 20:00:00,1046028731385,139186095,97,0,0.152,2,295,316,0,0,5,5,0.0158227848101266,0.0169491525423729,2,2,站内达人视频,,,否
1,2026,6月,紫夜星河,2026年6月,3816976997308608,夏天必备冰霸杯🧊再忙也别忘了喝水！,2026-06-10 20:00:37,1046766030024,139186095,128,0,0.141935483870968,1,288,319,1,1,8,8,0.0250783699059561,0.0277777777777778,8,7,往期视频,,,否
1,2026,6月,夏日甜品派对,2026年6月,1676493059014655,冰淇淋保温杯🎁收到一个超少女心的礼盒~！,2026-06-13 18:00:00,1046028731385,139186095,78,0,0.0752688172043011,1,288,311,0,0,11,7,0.0353697749196141,0.0243055555555556,11,5,往期视频,,,否
1,2026,6月,星懂告白,2026年6月,8653562550106,喝水都冒粉红泡泡🫧星动告白冰霸杯,2026-06-19 20:00:00,"919010228354,792880543164",139186095,1108,438,0.169160702667534,1,274,295,1,1,8,7,0.0271186440677966,0.0255474452554745,3,3,站内达人视频,,,否
1,2026,6月,爪爪天地,2026年6月,2035447539237075,家有毛孩子都无法抗拒的马克杯💨,2026-06-20 18:00:00,"1047738209197,1047737497582",139186095,261,0,0.3125,3,272,293,0,0,6,6,0.0204778156996587,0.0220588235294118,2,2,往期视频,,,否
1,2026,6月,夏日甜品派对,2026年6月,3969653848119424,好温油的粉🍬双饮口甜品小兔杯,2026-06-17 18:00:00,1046028731385,139186095,228,0,0.0310077519379845,1,267,292,1,1,7,7,0.023972602739726,0.0262172284644195,15,9,往期视频,,,否
1,2026,6月,夏日甜品派对,2026年6月,360769318824366,少女心爆棚💓800ml蝴蝶结拎拎杯,2026-06-11 18:00:00,1046028731385,139186095,35,244,0.113636363636364,1,263,293,0,0,4,4,0.0136518771331058,0.0152091254752852,2,2,站内达人视频,,,否
1,2026,6月,马克杯合集,2025年11月,542916003452,心动马克杯| 🥨发现一杯会“伪装”的碱水包！,2025-11-24 18:00:00,979072431459,139186095,32,171,0,0,260,273,1,2,17,17,0.0622710622710623,0.0653846153846154,11,8,图文,,,否
1,2026,6月,夏日甜品派对,2026年6月,2400128569895885,挖到宝了！出游带上这只超甜冰霸杯叭~🍥,2026-06-13 20:00:00,1046028731385,139186095,98,0,0.184210526315789,1,258,279,0,0,3,3,0.010752688172043,0.0116279069767442,4,2,往期视频,,,否
1,2026,6月,爪爪天地,2026年6月,3818415623654920,狗狗教请举手🙋‍你的修勾们在等你~！,2026-06-14 15:00:00,1047737497582,139186095,142,0,0.032051282051282,1,257,276,0,0,1,1,0.0036231884057971,0.00389105058365759,1,1,直播剪辑,,,否
1,2026,6月,夏日甜品派对,2026年6月,3049424309644444,奶油格纹蝴蝶结🎀夏天爱用拎拎杯,2026-06-16 20:00:49,1046028731385,139186095,43,244,0.12,2,256,281,0,0,3,3,0.0106761565836299,0.01171875,3,3,往期视频,,,否
1,2026,6月,爪爪天地,2026年6月,3647791833848273,🧊夏日续命神器！一口喝掉所有班味,2026-06-27 20:00:00,1047737497582,139186095,98,0,0.294642857142857,1,254,276,0,0,5,5,0.0181159420289855,0.0196850393700787,2,2,往期视频,,,否
1,2026,6月,爪爪天地,2026年6月,933104971283559,🌭腊肠犬被做成热狗！这只马克杯太创意啦,2026-06-22 18:00:11,"1047737497582,1047738209197",139186095,100,1362,0.848189415041783,3,253,267,1,1,4,4,0.0149812734082397,0.0158102766798419,12,8,站内达人视频,,,否
1,2026,6月,爪爪天地,2026年6月,1417590986078694,揣着腊肠去喝水🐾这只杯子太萌噜,2026-06-19 18:00:00,"1047738209197,1047737497582",139186095,52,0,0.235294117647059,3,249,272,0,0,4,4,0.0147058823529412,0.0160642570281124,3,2,往期视频,,,否
1,2026,6月,夏日甜品派对,2026年6月,1684273499201259,甜妹必备💗960ml草莓小兔水壶太萌啦,2026-06-04 12:00:00,1046028731385,139186095,67,0,0.838427947598253,4,248,285,0,0,3,3,0.0105263157894737,0.0120967741935484,8,4,往期视频,,,否
1,2026,6月,星礼卡,2021年11月,336208756988,缤纷卡面星礼卡，星动来袭~小动物们跃然于卡面，和你一起过节啦！starbucks/星巴克,2021-11-15 17:00:06,"656267759245,656267683348,656267647914,655876170769,655501569870,655052140244",139186095,9,300,0,0,242,263,1,2,6,6,0.0228136882129278,0.0247933884297521,2,1,往期视频,,,否
1,2026,6月,爪爪天地,2026年6月,2793055513780194,🧊清透蓝玻璃杯|小狗说：万事ok！,2026-06-03 18:00:00,1047737497582,139186095,8,330,0.0909090909090909,0,240,261,0,0,4,3,0.0153256704980843,0.0125,0,0,往期视频,,,否
1,2026,6月,爪爪天地,2026年6月,4330051248697175,星杯新品|来爪爪乐园，把修勾带回家~,2026-06-12 18:00:31,1047737497582,139186095,56,0,0.0333333333333333,1,238,259,0,0,4,4,0.0154440154440154,0.0168067226890756,1,1,往期视频,,,否
1,2026,6月,爪爪天地,2026年6月,908219895363761,🐶带着我的爪爪冰霸杯~粗去丸,2026-06-20 20:00:00,"919010228354,792880543164",139186095,154,194,0.123655913978495,3,231,254,1,1,5,4,0.0196850393700787,0.0173160173160173,3,2,站内达人视频,,,否
1,2026,6月,冰霸杯,2025年5月,519830903622,星巴克多彩夏日的双饮口桌面杯也是让我抢到了😍,2025-05-20 10:29:01,919010228354,139186095,39,0,0.142857142857143,0,230,275,1,1,27,21,0.0981818181818182,0.091304347826087,20,13,往期视频,,,否
1,2026,6月,紫夜星河,2026年5月,4106057638326599,当紫夜星河遇到了900ml冰霸杯🎆,2026-05-31 18:00:00,1046766030024,139186095,337,0,0.0132743362831858,1,229,253,0,0,6,6,0.0237154150197628,0.0262008733624454,5,3,往期视频,,,否
1,2026,6月,夏日甜品派对,2026年6月,82107736046741,糖果冰霸杯🍬哪个甜妹还没拥有！,2026-06-12 20:00:48,1046028731385,139186095,61,0,0.028169014084507,1,229,250,0,0,2,2,0.008,0.00873362445414847,0,0,站内达人视频,,,否
1,2026,6月,墨绿,2023年6月,414153349008,星巴克杯子550ml墨绿色女神款玻璃杯,2023-06-10 17:00:57,627415956439,139186095,12,0,0,0,222,238,1,1,11,11,0.046218487394958,0.0495495495495496,5,4,往期视频,,,否
1,2026,6月,多链接,2025年10月,539243660007,🍞因为这只杯杯，爱上吃早餐,2025-10-28 21:00:00,"979072431459,975069063377",139186095,4,0,0,0,217,229,0,0,3,3,0.0131004366812227,0.0138248847926267,2,1,种草短视频,桌面,,否
1,2026,6月,#N/A,2023年2月,398026201767,"Starbucks星巴克官方旗舰店星巴克膳魔师保温杯,送礼必备",2023-02-20 14:47:55,675697364556,139186095,11,0,0,0,211,224,0,0,7,7,0.03125,0.033175355450237,5,3,往期视频,,,否
1,2026,6月,冰霸杯,2026年1月,550303540758,星杯开箱|这只冰霸杯，我可以用到天荒地老🥰,2026-01-19 19:00:00,919010228354,139186095,12,1075,0,0,201,215,2,2,4,3,0.0186046511627907,0.0149253731343284,3,2,站内达人视频,,,否
1,2026,6月,爪爪天地,2026年6月,3998781284942892,卷不动了！捏捏杯子上的小柴吧~🐶,2026-06-02 18:00:32,1047737497582,139186095,5,0,0.25,3,200,221,0,0,6,3,0.0271493212669683,0.015,0,0,往期视频,,,否
1,2026,6月,冰霸杯,2026年6月,2311386599762190,樱雾奶白🍥这是仙女用的杯子吧！！！,2026-06-15 20:00:23,"919010228354,792880543164",139186095,410,478,0.0174672489082969,1,198,215,2,2,2,2,0.00930232558139535,0.0101010101010101,4,4,站内达人视频,,,否
1,2026,6月,夏日甜品派对,2026年6月,679760889343905,超甜小兔杯拯救你的少女心！💓,2026-06-01 18:00:28,1046028731385,139186095,87,0,0.738786279683377,4,198,223,1,1,6,5,0.0269058295964126,0.0252525252525253,4,4,站内达人视频,,,否
1,2026,6月,爪爪天地,2026年6月,2688652231551752,回头率百分百的修勾马克杯来噜,2026-06-21 18:00:00,"1047737497582,1047738209197",139186095,72,0,0.148148148148148,3,194,213,0,0,2,2,0.00938967136150235,0.0103092783505155,3,1,往期视频,,,否
1,2026,6月,爪爪天地,2026年6月,22750415957762,萌化了！荡秋千の喜乐蒂马克杯💨,2026-06-23 20:00:07,1047737497582,139186095,288,0,0.0356083086053412,3,193,208,2,2,1,1,0.00480769230769231,0.00518134715025907,22,15,站内达人视频,,,否
1,2026,6月,樱花粉,2022年7月,369883721638,"星巴克樱花粉保温杯,超可爱的哦",2022-07-25 16:57:05,624222128461,139186095,14,0,0.0476190476190476,0,193,207,2,2,10,9,0.0483091787439614,0.0466321243523316,9,5,往期视频,,,否
1,2026,6月,星礼卡,2021年11月,337247452739,星意在线中，送人or自留，不同价位星礼卡套装，为你推荐~,2021-11-22 12:29:10,"656090643717,655501973807,655501925904,654877380903,653914665109",139186095,10,0,0,0,193,202,3,3,9,8,0.0445544554455446,0.0414507772020725,6,5,往期视频,,,否
1,2026,6月,夏日甜品派对,2026年6月,2834077136677420,夏天补水💓用这只1189ml粉粉冰霸杯叭,2026-06-15 18:00:17,1046028731385,139186095,84,149,0.0515463917525773,1,189,205,0,0,2,2,0.00975609756097561,0.0105820105820106,1,1,站内达人视频,,,否
1,2026,6月,多链接,2021年11月,335344350585,"#双11巅峰倒计时#双11不停，星意不止。满减攻略已上线，小编这就为你奉上~
领499-30或999",2021-11-07 12:00:00,"655697918145,655501373995,655324141812",139186095,11,0,0,0,186,201,0,0,5,5,0.0248756218905473,0.0268817204301075,3,2,往期视频,,,否
1,2026,6月,爪爪天地,2026年6月,1363885794737043,🧊夏天喝水好适合用这个冰霸杯🌀,2026-06-23 18:00:02,1047737497582,139186095,94,0,0.0654205607476635,3,178,187,0,0,1,1,0.0053475935828877,0.00561797752808989,3,3,往期视频,,,否
1,2026,6月,夏日甜品派对,2026年6月,2804661746784372,🍬挖到一只超甜蝴蝶结拎手杯！🎀,2026-06-22 20:00:35,1046028731385,139186095,91,0,0.0973451327433628,1,177,189,0,0,8,7,0.0423280423280423,0.0395480225988701,5,2,往期视频,,,否
1,2026,6月,墨绿,2024年3月,453292439914,"星巴克墨绿色保温杯,颜值高又实用
Starbucks星巴克官方旗舰店星巴克星巴克杯子",2024-03-13 08:00:00,642508607188,139186095,12,0,0,0,176,189,0,0,3,3,0.0158730158730159,0.0170454545454545,3,2,往期视频,,,否
1,2026,6月,经典绿,2023年6月,416980899224,今夏超火！,2023-06-23 14:40:48,718570840547,139186095,27,147.18,0.0303030303030303,0,174,207,3,4,37,31,0.178743961352657,0.17816091954023,36,23,往期视频,,,否
1,2026,6月,夏日甜品派对,2026年6月,423314398824563,🐇夏天用这个透明小兔吸管杯会不会太甜了！！,2026-06-10 18:00:00,1046028731385,139186095,680,0,0.227513227513228,1,171,188,1,1,2,2,0.0106382978723404,0.0116959064327485,1,1,站内达人视频,,,否
1,2026,6月,墨绿,2022年10月,379356309450,星巴克墨绿款保温杯，立体菱格杯面，卡扣杯盖，出行车载方便饮用,2022-10-03 09:00:00,642170058962,139186095,2,0,0,0,170,173,0,0,2,2,0.0115606936416185,0.0117647058823529,0,0,往期视频,,,否
1,2026,6月,冰霸杯,2025年6月,523773689814,妈宝妹宝不如成为水宝宝💦大容量吨吨满足感,2025-06-22 10:00:00,919010228354,139186095,17,209,0,0,169,184,0,0,16,15,0.0869565217391304,0.0887573964497041,20,9,往期视频,,,否
1,2026,6月,夏日甜品派对,2026年6月,3756203435118632,挖到一个宝藏少女心保温杯礼盒~！🎁,2026-06-28 18:00:00,1046028731385,139186095,60,0,0.106060606060606,2,166,193,0,0,1,1,0.00518134715025907,0.00602409638554217,0,0,往期视频,,,否
1,2026,6月,活泼率,2024年5月,462523099422,"星巴克活泼绿系列,时尚保温杯便携更轻松
Starbucks星巴克官方旗舰店
星巴克 星巴克杯子 星巴",2024-05-13 12:08:25,783054778948,139186095,4,0,0,0,166,175,0,0,2,2,0.0114285714285714,0.0120481927710843,2,2,往期视频,,,否
1,2026,6月,夏日甜品派对,2026年5月,566835321238,冰淇淋快化啦！甜筒马克杯🍦,2026-05-26 20:00:54,1046028731385,139186095,38,0,0.157894736842105,0,163,180,0,0,2,2,0.0111111111111111,0.0122699386503067,2,2,种草短视频,桌面,是,否
1,2026,6月,夏日甜品派对,2026年6月,1373147331045650,送人首选🎁冰淇淋毛绒杯套太软萌啦,2026-06-09 18:00:32,1046028731385,139186095,760,0,0.218785796105384,1,161,174,3,3,2,2,0.0114942528735632,0.0124223602484472,14,7,站内达人视频,,,否
1,2026,6月,夏日甜品派对,2026年6月,3418148157282182,挖到一个超甜挂链小兔杯🐇,2026-06-09 20:00:10,1046028731385,139186095,52,0,0.0441176470588235,1,160,174,0,0,2,2,0.0114942528735632,0.0125,0,0,往期视频,,,否
1,2026,6月,多链接,2025年1月,503480050002,生肖蛇年杯子来了❤️‍🔥,2025-01-12 13:00:00,"869275512238,844790540125,874047718057,865663673191,845920762451,850796509109",139186095,8,0,0,0,153,165,0,0,6,6,0.0363636363636364,0.0392156862745098,5,4,往期视频,,,否
1,2026,6月,星礼卡,2021年11月,336837197460,"星意不掉线，星礼卡套装持续售卖中，最高立减190元
是回忆感满满的红杯套装、还是环保星人必入的咖啡主",2021-11-16 14:00:57,"656090643717,655501973807,655501925904,654877380903,653914665109",139186095,8,0,0,0,152,164,1,1,4,3,0.024390243902439,0.0197368421052632,4,3,往期视频,,,否
1,2026,6月,夏日甜品派对,2026年6月,2702521104265054,☀️你的夏日出游搭子，选好了吗~,2026-06-21 12:00:00,1046028731385,139186095,115,0,0.349206349206349,1,142,153,1,1,3,3,0.0196078431372549,0.0211267605633803,4,2,往期视频,,,否
1,2026,6月,爪爪天地,2026年6月,1180828967116093,这个腊肠随行杯萌之！🐾,2026-06-28 12:00:00,1047737497582,139186095,82,0,0.413793103448276,3,140,162,0,0,3,3,0.0185185185185185,0.0214285714285714,1,1,往期视频,,,否
1,2026,6月,爪爪天地,2026年6月,1184460795874049,腊肠修勾随行杯🥞养宠人的天选杯杯,2026-06-24 20:00:00,1047737497582,139186095,35,0,0.793548387096774,3,135,147,0,0,0,0,0,0,0,0,往期视频,,,否
1,2026,6月,复古白绿,2026年3月,558366108305,复古白绿系列 |实用拎拎杯，适配N种日常,2026-03-26 14:16:37,1023062168243,139186095,7,0,0,0,135,145,0,0,6,6,0.0413793103448276,0.0444444444444444,10,5,种草短视频,户外,,否
1,2026,6月,经典绿,2024年3月,454000081862,"星巴克薄荷绿杯
Starbucks星巴克官方旗舰店星巴克 星巴克杯子 星巴克水杯  ",2024-03-21 14:00:00,718570840547,139186095,9,207,0,0,134,160,0,0,3,3,0.01875,0.0223880597014925,2,1,往期视频,,,否
1,2026,6月,多链接,2022年2月,347319488506,"表达爱意、心意，送给家人、朋友，星礼卡是不错的选择~
用各种卡面送给你想要送的人！
starbuck",2022-02-17 11:31:58,"668402973162,665449579589,665449171903,665083514785,665081722774,664731201027",139186095,3,0,0,0,129,136,0,0,4,2,0.0294117647058824,0.0155038759689922,0,0,往期视频,,,否
1,2026,6月,夏日甜品派对,2026年6月,1345239624619573,435ml双饮口杯|夏日甜心出街必备！🍦,2026-06-25 20:00:08,1046028731385,139186095,100,0,0.123893805309735,3,127,138,0,0,3,3,0.0217391304347826,0.0236220472440945,2,1,往期视频,,,否
1,2026,6月,爪爪天地,2026年6月,141467627646521,快把萌物爪爪带回家，陪你解压一夏🐾,2026-06-08 20:00:46,1047737497582,139186095,64,0,0.0246913580246914,1,126,147,0,0,4,4,0.0272108843537415,0.0317460317460317,4,3,直播剪辑,,,否
1,2026,6月,暮樱翩翩,2026年3月,556230975669,星杯贴贴|温柔浅紫樱花杯🌸少女心被精准狙击了！！,2026-03-15 20:00:00,1022161108857,139186095,20,0,0,0,118,125,0,0,1,1,0.008,0.00847457627118644,1,1,图文,,,否
1,2026,6月,墨绿,2022年7月,369360201793,"星巴克墨绿色保温杯,精致又高级",2022-07-21 17:09:52,642170058962,139186095,8,190,0,0,115,126,2,2,4,4,0.0317460317460317,0.0347826086956522,3,3,往期视频,,,否
1,2026,6月,爪爪天地,2026年6月,1453535300193625,爪爪天地马克杯🧀萌力来袭！,2026-06-24 18:00:00,1047737497582,139186095,100,0,0.105691056910569,3,112,119,1,2,2,2,0.0168067226890756,0.0178571428571429,7,5,往期视频,,,否
1,2026,6月,暮樱翩翩,2026年5月,562869045491,落樱吸管杯|春夏就要用透明杯杯！！,2026-05-04 20:00:00,1022161108857,139186095,16,0,0,0,111,121,0,0,10,9,0.0826446280991736,0.0810810810810811,14,5,站内达人视频,,,否
1,2026,6月,0,2023年12月,443906077880,"星巴克保温杯,带你感受温暖
Starbucks星巴克官方旗舰店
星巴克 星巴克杯子 星巴克水杯 ",2023-12-28 16:55:46,750619859342,139186095,8,0,0,0,111,120,0,0,8,8,0.0666666666666667,0.0720720720720721,9,6,往期视频,,,否
1,2026,6月,薄荷绿系列,2024年6月,466869600190,"星巴克蝴蝶结款女神杯，清透淡粉温柔氛围
Starbucks星巴克官方旗舰店
星巴克 星巴克杯子 星巴",2024-06-12 10:41:23,792978475194,139186095,9,0,0,0,110,118,0,0,5,4,0.0423728813559322,0.0363636363636364,4,3,往期视频,,,否
1,2026,6月,樱花粉,2024年3月,454262910888,"星巴克樱花粉保温杯,春日氛围拉满
Starbucks星巴克官方旗舰店 
超好用保温杯推荐星巴克 星巴",2024-03-20 14:59:55,624222128461,139186095,4,0,0,0,108,115,0,0,2,2,0.0173913043478261,0.0185185185185185,4,2,往期视频,,,否
1,2026,6月,爪爪天地,2026年6月,2586069627421768,用这个大肚杯☀快乐一夏🧊,2026-06-25 18:00:02,1047737497582,139186095,137,0,0.0368098159509202,1,106,115,0,0,1,1,0.00869565217391304,0.00943396226415094,4,3,往期视频,,,否
1,2026,6月,复古白绿,2026年4月,562064318106,极简风yyds🍃马克杯我pick这只,2026-04-26 18:00:00,1023062168243,139186095,11,0,0,1,104,118,0,0,2,2,0.0169491525423729,0.0192307692307692,2,2,站内达人视频,,,否
1,2026,6月,紫夜星河,2026年6月,711463651430533,冰霸杯|坠入紫夜，星河滚烫 🌠,2026-06-08 18:00:26,1046766030024,139186095,72,0,0.0574712643678161,1,103,114,0,0,0,0,0,0,0,0,种草短视频,室内其他,是,否
1,2026,6月,多链接,2025年1月,503894267388,星巴克杯子上新！墨水系列 拿出去何止拉风,2025-01-13 13:34:55,"874047718057,857925623593,869275512238,865663673191,850373115672,850491830757",139186095,11,0,0,0,103,112,0,0,6,6,0.0535714285714286,0.058252427184466,2,2,往期视频,,,否
1,2026,6月,咖啡宝藏,2023年12月,440708673787,"星巴克咖啡宝藏系列上新
Starbucks星巴克官方旗舰店
星巴克 星巴克杯子 星巴克水杯 ",2023-12-07 16:03:13,750932511412,139186095,13,0,0,0,100,116,0,0,10,8,0.0862068965517241,0.08,9,6,往期视频,,,否
1,2026,6月,多链接,2024年12月,500822221865,今年星巴克是闪闪的棕金色❤️❤️❤️,2024-12-28 12:09:00,"858198410140,856162521809,866468539084,857925623593,845920762451,839766432783",139186095,5,0,0.166666666666667,0,100,104,0,0,5,5,0.0480769230769231,0.05,5,4,往期视频,,,否
1,2026,6月,星礼卡,2022年11月,385876866684,"#双11来啦#
星礼卡超值直降中！
新品星礼卡
经典人鱼款
无论送给爱人、伙伴、长辈
都有适合的那一",2022-11-08 15:00:29,"687424598117,687136221235,687709739963,687135961371,686797612320,684760422542",139186095,4,0,0,0,96,108,1,1,1,1,0.00925925925925926,0.0104166666666667,6,1,往期视频,,,否
1,2026,6月,夏日甜品派对,2026年5月,567189932706,把435ml马卡龙杯杯拎在手上带走啦🍰,2026-05-30 18:00:00,1046028731385,139186095,166,1092,0.0378378378378378,4,95,111,0,0,5,3,0.045045045045045,0.0315789473684211,2,2,种草短视频,桌面,是,否
1,2026,6月,薄荷绿系列,2024年10月,490044749354,双11来啦|拥有这样的杯子也太幸福了吧！,2024-10-30 17:37:21,792978475194,139186095,143,0,0,0,94,99,1,1,3,3,0.0303030303030303,0.0319148936170213,4,3,往期视频,,,否
1,2026,6月,紫夜星河,2026年5月,566563655442,将这片银河浪漫留在掌心💜,2026-05-29 20:00:00,1046766030024,139186095,69,194,0,0,88,97,0,0,1,1,0.0103092783505155,0.0113636363636364,0,0,直播剪辑,,,否
1,2026,6月,多链接,2025年1月,503289528529,星巴克墨水系列|591ml不锈钢保温杯,2025-01-10 10:06:42,"874047718057,642170058962,627416100233,857925623593,851008764306,850491830757",139186095,3,0,0,0,88,92,0,0,1,1,0.0108695652173913,0.0113636363636364,2,1,往期视频,,,否
1,2026,6月,多链接,2025年1月,503047471045,♡₊⋆芜湖~🎀又买到了漂亮新年杯子！,2025-01-08 17:04:00,"869275512238,844790540125,724237071137,627741629614,655501925904,654877380903",139186095,1,0,0,0,87,98,0,0,0,0,0,0,0,0,往期视频,,,否
1,2026,6月,多链接,2025年1月,504982652332,星巴克还得是你｜这么好看的新年發财杯,2025-01-25 13:00:00,"877078306528,844790540125,837704243964,797213972204,793157392053,730747622472",139186095,3,0,0,0,84,89,0,0,0,0,0,0,0,0,往期视频,,,否
1,2026,6月,多链接,2021年10月,333173541115,"#双11来啦#下单快节奏，咖啡慢享受~
初始面值每张100元，红色氛围星礼卡充满了节日气氛
推上你的",2021-10-27 13:30:42,"654877380903,653914665109",139186095,1,0,0,0,83,87,1,1,1,1,0.0114942528735632,0.0120481927710843,4,1,往期视频,,,否
1,2026,6月,爪爪天地,2026年6月,2870176563652878,🩵好喜欢我的小柯基新杯子！,2026-06-29 18:00:00,1047737497582,139186095,30,0,0.121212121212121,2,77,96,0,0,1,1,0.0104166666666667,0.012987012987013,2,2,往期视频,,,否
1,2026,6月,墨绿,2024年4月,459423316800,"星巴克经典墨绿色马克杯，典雅质感
Starbucks星巴克官方旗舰店 
星巴克 星巴克杯子 星巴克水",2024-04-26 09:40:08,642508647066,139186095,5,0,0,0,74,78,1,1,1,1,0.0128205128205128,0.0135135135135135,1,1,往期视频,,,否
1,2026,6月,复古白绿,2026年3月,556349225661,星杯来袭|复古白绿系列，焕新经典美学🤩,2026-03-14 20:00:00,1023062168243,139186095,23,0,0,0,72,79,0,0,3,3,0.0379746835443038,0.0416666666666667,1,1,图文,,,否
1,2026,6月,紫夜星河,2026年5月,566563774324,自带清冷滤镜✨360ml保温杯配爆闪杯套,2026-05-27 18:00:00,1046766030024,139186095,14,0,0,0,72,83,0,0,4,4,0.0481927710843374,0.0555555555555556,1,1,种草短视频,桌面,是,否
1,2026,6月,夏日甜品派对,2026年6月,2235361247615507,🧁挖到一个宝藏小羊梳梳杯🐏,2026-06-29 20:00:00,1046028731385,139186095,9,0,0.545454545454545,3,70,86,0,0,1,1,0.0116279069767442,0.0142857142857143,0,0,往期视频,,,否
1,2026,6月,爪爪天地,2026年6月,2105526645554624,星品来袭|职场嘴替上线，萌力全开！🐾,2026-06-01 12:00:07,1047737497582,139186095,7,0,0,0,70,80,0,0,0,0,0,0,0,0,往期视频,,,否
1,2026,6月,多链接,2022年5月,361734382988,"#618来啦#爱咖啡人士，不可错过的星礼卡
☕
618推出了特别款星礼卡
醒目的人鱼女神标识，经典的",2022-05-26 15:16:31,"674262887875,655876070950,643191002232,656090643717,655501925904",139186095,4,0,0,0,69,72,0,0,2,2,0.0277777777777778,0.0289855072463768,2,2,往期视频,,,否
1,2026,6月,夏日甜品派对,2026年5月,566736230223,新品膳魔师🧊粉蓝色保温杯太甜噜！,2026-05-27 15:00:00,1046028731385,139186095,209,974,0.0169491525423729,5,68,82,3,3,0,0,0,0,4,3,种草短视频,桌面,是,否
1,2026,6月,活泼率,2024年4月,459930050312,"星巴克活泼绿系列上新，活力转场只用一杯
Starbucks星巴克官方旗舰店商品展示星巴克",2024-04-27 12:00:00,783054778948,139186095,4,0,0,0,67,75,0,0,2,2,0.0266666666666667,0.0298507462686567,3,3,往期视频,,,否
1,2026,6月,多链接,2025年1月,503348665040,墨水灰色系搭配星巴克LOGO，简约杯身,2025-01-12 16:03:00,"874047718057,858198410140,856162521809,851008764306,839571262486,813352583327",139186095,6,0,0,0,63,70,1,1,5,5,0.0714285714285714,0.0793650793650794,2,2,往期视频,,,否
1,2026,6月,夏日甜品派对,2026年5月,566836469058,星品礼盒🎁送这个保温杯会不会太甜了？,2026-05-28 18:00:00,1046028731385,139186095,8,0,0,1,61,72,0,0,1,1,0.0138888888888889,0.0163934426229508,0,0,种草短视频,室内其他,是,否
1,2026,6月,冰霸杯,2025年9月,533801138351,秋日喝水没它我真的不行🍂,2025-09-12 21:00:20,919010228354,139186095,1,0,0,0,55,57,0,0,1,1,0.0175438596491228,0.0181818181818182,0,0,往期视频,,,否
1,2026,6月,快乐怡夏,2025年9月,534742102870,谁能拒绝一个可可爱爱桌面杯呀😍,2025-09-21 18:00:00,964935109662,139186095,1,0,0,0,55,64,0,0,1,1,0.015625,0.0181818181818182,0,0,往期视频,,,否
1,2026,6月,紫夜星河,2026年5月,566695971404,🤍紫夜浪漫尽在这杯900ml冰霸杯,2026-05-29 16:00:00,1046766030024,139186095,68,0,0,0,52,61,1,1,3,3,0.0491803278688525,0.0576923076923077,1,1,站内达人视频,,,否
1,2026,6月,多链接,2025年1月,503145372528,♥️✨有这款马克杯还不得一路發🐍,2025-01-09 13:01:58,"869275512238,844790540125,866468735070,845920762451,839251551593,718570840547",139186095,4,0,0,0,51,52,0,0,0,0,0,0,0,0,往期视频,,,否
1,2026,6月,夏日甜品派对,2026年5月,564451761992,星款来袭|可爱感满满的甜品杯来喽！！,2026-05-11 17:42:59,1046028731385,139186095,3,0,0,0,50,60,0,0,0,0,0,0,0,0,AI短视频,,是,否
1,2026,6月,多链接,2025年1月,502262775637,这个杯碟组可爱到💝想全部收藏✨,2025-01-02 16:01:28,"839635946060,866969773356,866468735070,838306843610,818850576975,793034714001",139186095,2,0,0,0,48,53,0,0,3,2,0.0566037735849057,0.0416666666666667,3,2,往期视频,,,否
1,2026,6月,墨绿,2023年12月,443631017840,"日用品效果展示好物推荐星巴克墨绿色保温杯,车载居家皆宜
Starbucks星巴克官方旗舰店",2023-12-26 17:39:33,642508607188,139186095,1,0,0.5,0,45,47,1,1,1,1,0.0212765957446809,0.0222222222222222,0,0,往期视频,,,否
1,2026,6月,马克杯合集,2025年10月,539046199502,布丁杯上工🙋‍♀️熊店长甜品屋🈺！,2025-10-25 20:00:00,979072431459,139186095,3,0,0.25,0,43,50,0,0,5,4,0.1,0.0930232558139535,5,4,种草短视频,桌面,,否
1,2026,6月,紫夜星河,2026年5月,564310264656,手握星河入梦来⭐,2026-05-10 18:00:00,1046766030024,139186095,144,0,0.234146341463415,4,42,57,0,0,1,1,0.0175438596491228,0.0238095238095238,1,1,AI短视频,,是,否
1,2026,6月,多链接,2025年1月,503347609823,绝美的白色浮雕马克杯很难不心动⚪️,2025-01-12 15:02:00,"874047718057,642170046560,866969773356,793157392053,718570840547,655589585782",139186095,3,0,0,0,42,44,0,0,0,0,0,0,0,0,往期视频,,,否
1,2026,6月,夏日甜品派对,2026年5月,2369443894230436,夏日甜品新品|垂耳兔的精致下午茶🐰,2026-05-17 12:00:00,1046028731385,139186095,6,0,0.111111111111111,3,41,49,0,0,0,0,0,0,0,0,往期视频,,,否
1,2026,6月,夏日甜品派对,2026年5月,566887002855,甜甜吸管杯|杯盖里藏了个甜品party🍧,2026-05-29 18:00:00,1046028731385,139186095,129,458,0.04,1,40,48,1,1,0,0,0,0,2,2,种草短视频,桌面,是,否
1,2026,6月,夏日甜品派对,2026年5月,566830953617,这才是甜妹该带出门的水杯呀！！！🎀,2026-05-28 12:00:00,1046028731385,139186095,76,365,0.493975903614458,0,40,48,1,1,0,0,0,0,2,2,种草短视频,户外,是,否
1,2026,6月,多链接,2023年9月,426559173549,你永远不懂老师的保温杯，有多耐造,2023-09-10 10:00:00,"734309987226,729242772278,731594844411,723901665633,713528556385,718570840547",139186095,1,0,0,0,40,41,0,0,2,1,0.0487804878048781,0.025,1,1,往期视频,,,否
1,2026,6月,朋克芭蕾,2026年6月,667732253056241,星品上新|朋克芭蕾💥一杯装下叛逆与温柔,2026-06-30 12:30:37,1062950936874,139186095,26,0,0.133333333333333,2,39,50,0,0,3,3,0.06,0.0769230769230769,2,1,AI短视频,,是,否
1,2026,6月,多肉花园,2024年9月,482351681167,就这么水灵灵的出现在了桌面上！,2024-09-18 14:00:58,794743133653,139186095,31,0,0,0,38,38,0,0,0,0,0,0,1,1,往期视频,,,否
1,2026,6月,多链接,2024年4月,459884206865,一块儿去撒野吧~,2024-04-30 13:00:00,"677712264074,719627080512,731222743650,783054778948,768859684907,758706031897",139186095,4,0,0,0,38,40,0,0,2,2,0.05,0.0526315789473684,5,3,往期视频,,,否
1,2026,6月,多链接,2024年12月,498229264261,桌面放这杯！经典简约更时尚🥤,2024-12-11 17:02:53,"858198410140,856162521809,758657974002,793157480177,793035094782,658447980078",139186095,4,0,0.2,0,38,43,0,0,4,4,0.0930232558139535,0.105263157894737,2,2,往期视频,,,否
1,2026,6月,多链接,2024年12月,500824857519,棕金鎏光系列，喝水都自带高级感☕️,2024-12-31 09:46:00,"858198410140,864705538189,857925623593,839177327998,838638361962,838383662304",139186095,1,0,0,0,35,37,0,0,0,0,0,0,0,0,往期视频,,,否
1,2026,6月,冰霸杯,2026年6月,948266942511831,一眼爱上这个珍珠白高级随行杯🤍,2026-06-30 18:00:04,"919010228354,792880543164",139186095,9,0,0.0909090909090909,2,34,40,0,0,2,2,0.05,0.0588235294117647,0,0,种草短视频,车载,是,否
1,2026,6月,多链接,2023年11月,438671529131,入冬备货第一波——保温杯,2023-11-25 09:00:00,"750619859342,750619815394,731594844411,719627080512,730902598556,717941810930",139186095,4,0,0,0,34,36,0,0,1,1,0.0277777777777778,0.0294117647058824,0,0,往期视频,,,否
1,2026,6月,冰霸杯,2025年9月,533723022538,秋意系列|揣上杯杯，去感受秋天~,2025-09-11 21:00:09,919010228354,139186095,245,0,0,0,32,33,0,0,0,0,0,0,6,2,往期视频,,,否
1,2026,6月,冰霸杯,2025年9月,533652496722,是可以随身携带的一杯秋日~,2025-09-10 21:00:39,919010228354,139186095,90,0,0,0,31,33,0,0,0,0,0,0,0,0,往期视频,,,否
1,2026,6月,墨绿,2023年6月,413939470841,这个杯子pyq出片率嘎嘎高！,2023-06-06 20:57:06,627415956439,139186095,2,0,0,0,30,31,0,0,1,1,0.032258064516129,0.0333333333333333,2,1,往期视频,,,否
1,2026,6月,#N/A,2022年12月,391035124987,starbucks/星巴克Starbucks星巴克官方旗舰店虫虫玻璃杯，双层玻璃，有创意高颜值~,2022-12-20 14:12:53,675697364556,139186095,0,0,0,0,30,30,0,0,0,0,0,0,0,0,往期视频,,,否
1,2026,6月,马克杯合集,2025年12月,543927629112,有这对萌杯🐻冬日才完整,2025-12-01 18:00:00,979072431459,139186095,23,0,0,0,28,31,1,1,0,0,0,0,1,1,图文,,,否
1,2026,6月,多链接,2025年1月,503345536087,复古金属质感棕金鎏光系列🍾,2025-01-11 17:04:00,"858198410140,856162521809,874047718057,851008764306,850796509109,857925623593",139186095,0,0,0,0,28,28,0,0,0,0,0,0,0,0,往期视频,,,否
1,2026,6月,冰霸杯,2025年9月,535068182370,选一个星杯，天凉好chill,2025-09-23 18:00:00,919010228354,139186095,35,0,0,0,27,28,0,0,0,0,0,0,0,0,往期视频,,,否
1,2026,6月,春序纹样,2026年4月,561759560156,春天和新杯子更配！这只随行杯上还有🍃,2026-04-20 20:00:21,1021387954591,139186095,311,0,0.00911854103343465,0,26,30,0,0,1,1,0.0333333333333333,0.0384615384615385,1,1,站内达人视频,,,否
1,2026,6月,紫夜星河,2026年5月,1276160051095649,自带星星杯套⭐吸管杯喝水好方便！,2026-05-28 17:00:08,1046766030024,139186095,1,0,0,0,25,32,0,0,1,1,0.03125,0.04,0,0,往期视频,,,否
1,2026,6月,#N/A,2025年5月,518341177464,🍐星巴克果缘奇遇杯驾到！把果园装进936ml治愈系水杯,2025-05-09 14:19:55,909018675852,139186095,0,0,0,0,25,25,0,0,0,0,0,0,0,0,往期视频,,,否
1,2026,6月,多链接,2021年11月,335508041394,#双11巅峰倒计时#还有两天，双11全面开启！先加购，再领券，年度星品，尽在此刻！下面开始划重点👇,2021-11-09 10:21:33,"655589873025,655875982545,660099106175,655964034708,654288872320,653914665109",139186095,0,0,0,0,25,26,0,0,0,0,0,0,0,0,往期视频,,,否
1,2026,6月,复古白绿,2026年3月,557066301273,复古白绿杯！拎着它秒变美式校园女主🍃,2026-03-23 20:00:00,1023062168243,139186095,18,0,0,0,23,28,0,0,0,0,0,0,0,0,往期视频,,,否
1,2026,6月,马克杯合集,2025年12月,545704094856,熊店长推荐的超萌马克杯~,2025-12-13 21:00:00,979072431459,139186095,3,0,0,2,23,26,0,0,1,1,0.0384615384615385,0.0434782608695652,0,0,图文,,,否
1,2026,6月,0,2022年5月,361816129086,"#618来啦#用星之选，记录美好
📸
这套星礼卡的每一张卡面
都记录了不同星巴克门店的剪影风采
巧",2022-05-30 11:24:48,656090643717,139186095,1,0,0,0,22,22,0,0,0,0,0,0,0,0,往期视频,,,否
1,2026,6月,多链接,2025年1月,504049599964,潮流预警！美拉德系桌面杯杯来袭~,2025-01-15 16:03:00,"858198410140,864705538189,856162521809,874047718057,857925623593,851008764306",139186095,0,0,0,0,22,22,0,0,0,0,0,0,0,0,往期视频,,,否
1,2026,6月,咖啡宝藏,2025年1月,504057377596,咖啡宝藏的杯子荣获“学习好搭子”称号,2025-01-16 15:03:00,"750932511412,628335395083,610061702354,874047718057,869275512238",139186095,1,0,0,0,21,21,0,0,1,1,0.0476190476190476,0.0476190476190476,1,1,往期视频,,,否
1,2026,6月,多链接,2023年12月,440557472150,年终好价节 | 全场星杯5折起,2023-12-08 13:28:11,"750421994083,750619815394,750932511412,748900038809,748197625962,753199560401",139186095,4,0,0,0,20,20,0,0,1,1,0.05,0.05,1,1,往期视频,,,否
1,2026,6月,多链接,2024年12月,500634712752,杯身的渐变色调，在阳光下闪着光芒,2024-12-26 15:17:00,"858198410140,856162521809,846189691200,819194884736,771671518084,793157480177",139186095,2,0,0,0,20,20,0,0,1,1,0.05,0.05,1,1,往期视频,,,否
1,2026,6月,多链接,2022年1月,346521238926,"新年倒计时啦~走亲访友少不了一份年味伴手礼，实用安利虎年新品星礼卡！
各色花纹图样的虎年星礼卡，可爱",2022-01-24 14:00:11,"665449579589,665449171903,665083514785,664730273963,664730241884,664730085872",139186095,0,0,0,0,20,21,0,0,0,0,0,0,0,0,往期视频,,,否
1,2026,6月,紫夜星河,2026年5月,566383535033,星品开箱|永远会为紫夜星河系列驻足！！💜,2026-05-26 18:00:00,1046766030024,139186095,62,199,0.0151515151515152,1,19,27,0,0,0,0,0,0,0,0,种草短视频,桌面,,否
1,2026,6月,多链接,2024年12月,501132370318,新杯子你别太美了！忍不住多喝水！！！,2024-12-31 19:04:00,"858198410140,856162521809,851008764306,850373115672,839571262486,839571154549",139186095,2,0,0,0,19,20,0,0,0,0,0,0,0,0,往期视频,,,否
1,2026,6月,樱花粉,2023年5月,412874871904,"starbucks/星巴克樱花粉保温杯,颜值高又实用Starbucks星巴克官方旗舰店星巴克",2023-05-30 08:30:00,624222128461,139186095,0,0,0,0,19,19,0,0,0,0,0,0,0,0,往期视频,,,否
1,2026,6月,夏日甜品派对,2026年5月,566561922396,兔子揣着小蓝杯，蹦蹦跳跳来甜品派对啦🐇,2026-05-26 15:00:00,1046028731385,139186095,28,0,0.0303030303030303,0,18,27,0,0,0,0,0,0,0,0,AI短视频,,是,否
1,2026,6月,多链接,2023年8月,421937904561,星杯的夏日多巴胺调色盘,2023-08-09 11:19:35,"731594844411,731064515092,731064467280,730902598556,730747622472,730544108271",139186095,1,63.1,0,0,18,18,1,1,1,1,0.0555555555555556,0.0555555555555556,1,1,往期视频,,,否
1,2026,6月,春序纹样,2026年4月,557705135798,星巴克杯子春序纹样系列合集马克杯双饮口不锈钢桌面杯,2026-04-17 20:41:16,1021387954591,139186095,1,0,0,0,18,25,0,0,0,0,0,0,0,0,往期视频,,,否
1,2026,6月,暮樱翩翩,2026年5月,563713637367,是温柔到犯规的粉紫吸管杯~！🥤,2026-05-07 20:00:00,1022161108857,139186095,0,0,0,0,18,24,0,0,0,0,0,0,0,0,站内达人视频,,,否
1,2026,6月,夏日甜品派对,2026年5月,566039606080,800ml蝴蝶结拎拎杯~夏日甜度超标啦🍦,2026-05-23 20:00:00,1046028731385,139186095,2,343,0,1,17,26,0,0,0,0,0,0,0,0,站内达人视频,,,否
1,2026,6月,多链接,2023年7月,417830697318,星巴克 | 家居清凉日活动开启,2023-07-06 09:39:19,"724920604029,723913637342,724228499042,723680500659,723680200476,713370573460",139186095,0,0,0,0,17,17,0,0,0,0,0,0,0,0,往期视频,,,否
1,2026,6月,墨绿,2022年12月,390108218532,星巴克经典墨绿保温杯，旋转开口即时畅饮，经典大气外观，适合送给男友或爸爸~,2022-12-07 11:06:59,642170058962,139186095,1,0,0.833333333333333,0,16,16,0,0,1,1,0.0625,0.0625,0,0,往期视频,,,否
1,2026,6月,春序纹样,2026年5月,566040234387,春序纹样，是杯也是庭院诗🌿,2026-05-25 20:00:00,1021387954591,139186095,6,146,0,0,15,24,0,0,0,0,0,0,0,0,直播剪辑,,,否
1,2026,6月,0,2023年11月,438766385896,被薄荷绿温柔住啦,2023-11-26 09:00:00,750619859342,139186095,2,0,0,0,15,15,0,0,1,1,0.0666666666666667,0.0666666666666667,0,0,往期视频,,,否
1,2026,6月,墨绿金,2024年5月,464533573087,"星巴克杯子,墨绿色女神铭牌马克杯
Starbucks星巴克官方旗舰店 
星巴克 星巴克杯子 星巴克水",2024-05-28 09:29:56,642170046560,139186095,0,0,0,0,15,15,0,0,0,0,0,0,0,0,往期视频,,,否
1,2026,6月,#N/A,2026年4月,559905681134,星巴克臻选巴西圣若昂庄园日晒咖啡豆250g 可至门店磨粉,2026-04-18 08:36:59,1039826209649,139186095,0,0,0,0,15,16,0,0,0,0,0,0,0,0,往期视频,,,否
1,2026,6月,夏日甜品派对,2026年5月,566835737181,兔兔这么可爱🐇一定要用ta喝水！！,2026-05-27 10:00:00,1046028731385,139186095,17,0,0,0,14,22,0,0,0,0,0,0,0,0,种草短视频,桌面,是,否
1,2026,6月,复古白绿,2026年5月,566336816716,春夏限定清凉感🧊复古白绿杯,2026-05-22 14:00:09,1023062168243,139186095,4,0,0,0,14,22,1,1,0,0,0,0,0,0,直播剪辑,,,否
1,2026,6月,多链接,2022年1月,344083790016,"【大牌日新年星礼卡9折起】虎年限定星礼卡上线啦🧨
🐯有甜甜蜜蜜的戏耍大喵
🐯一起“虎”闹的星意",2022-01-04 19:00:33,"665926514449,665576065309,665575709082,665449579589,665449171903,665083514785",139186095,0,0,0,0,14,14,0,0,0,0,0,0,0,0,往期视频,,,否
1,2026,6月,墨绿,2024年3月,455525763454,"星巴克杯子,墨绿色女神款玻璃
Starbucks星巴克官方旗舰店 
星巴克 星巴克杯子 星巴克水杯 ",2024-03-27 15:21:29,627415956439,139186095,0,0,0,0,14,15,0,0,0,0,0,0,0,0,往期视频,,,否
1,2026,6月,快乐怡夏,2025年8月,530368897291,这杯把清凉泳池都装起来啦‼️,2025-08-17 21:00:00,964935109662,139186095,0,0,0,0,14,16,0,0,0,0,0,0,0,0,往期视频,,,否
1,2026,6月,紫夜星河,2026年5月,566035982995,这个冰霸杯里有整片银河💜✨,2026-05-24 18:00:00,1046766030024,139186095,163,0,0.0114285714285714,0,13,22,1,1,0,0,0,0,6,4,站内达人视频,,,否
1,2026,6月,紫夜星河,2026年5月,563861261681,紫夜星河系列|满杯星星，你是人间理想！💜,2026-05-09 18:00:00,1046766030024,139186095,56,0,0.164179104477612,0,13,19,0,0,0,0,0,0,0,0,AI短视频,,是,否
1,2026,6月,多链接,2025年1月,503297864081,新品上新！473ml提手款不锈钢保温杯,2025-01-11 12:00:00,"874047718057,869275512238,850491830757,839571154549,822086691206,750619859342",139186095,0,0,0,0,13,14,0,0,0,0,0,0,0,0,往期视频,,,否
1,2026,6月,多链接,2023年6月,414211837954,星巴克女神款吸管杯，好看的杯子真的不嫌多,2023-06-10 22:32:13,"627415956439,684474821708",139186095,0,0,0,0,13,13,0,0,0,0,0,0,0,0,往期视频,,,否
1,2026,6月,岁岁欢喜,2026年6月,568733017968,【百亿补贴】星巴克杯子岁岁欢喜系列马克杯不锈钢双饮口杯合集,2026-06-09 11:44:33,1051063891501,139186095,0,0,0,0,13,16,0,0,0,0,0,0,0,0,往期视频,,,否
1,2026,6月,多链接,2025年1月,504357608558,新品！带杯盖的粉色马克杯❤️,2025-01-18 12:04:00,"877351301580,844791620623,877078306528,869275512238,866468735070,839251551593",139186095,2,0,0,0,12,14,0,0,1,1,0.0714285714285714,0.0833333333333333,0,0,往期视频,,,否
1,2026,6月,夏日甜品派对,2026年5月,566382991422,大大大蝴蝶结🎀贩卖粉红色的夏天✩‧₊˚*,2026-05-27 12:00:00,1046028731385,139186095,2,0,0,0,12,19,0,0,0,0,0,0,0,0,AI短视频,,,否
1,2026,6月,多链接,2025年2月,506122038172,💖情人节双饮杯，水獭萌宠陪你甜💖,2025-02-06 15:12:48,"877351301580,844791620623,877078306528,839571154549,797213972204,793157392053",139186095,1,0,0,0,12,13,0,0,0,0,0,0,0,0,往期视频,,,否
1,2026,6月,多链接,2025年1月,505019595038,报告！这只保温杯有亿点好看！！,2025-01-23 09:03:00,"858198410140,864705538189,877078306528,877351301580,857925623593,865663673191",139186095,1,0,0,0,12,12,0,0,0,0,0,0,0,0,往期视频,,,否
1,2026,6月,暮樱翩翩,2026年5月,562866101775,七彩贝壳🐚仙女都在用的杯子,2026-05-01 20:00:00,1022161108857,139186095,2,0,0,0,11,20,0,0,0,0,0,0,0,0,站内达人视频,,,否
1,2026,6月,墨绿,2022年10月,382090946209,星巴克墨绿女神杯，经典热门款，一眼入坑系列,2022-10-18 09:00:00,627415956439,139186095,0,0,0,0,11,11,0,0,0,0,0,0,0,0,往期视频,,,否
1,2026,6月,#N/A,2026年4月,548981674970,星巴克杯子简约清新玻璃吸管杯合集可爱冷饮桌面水杯,2026-04-18 08:52:15,1007298827153,139186095,0,0,0,0,11,13,0,0,0,0,0,0,0,0,往期视频,,,否
1,2026,6月,夏日甜品派对,2026年5月,565719738469,分享一个超萌兔兔吸管杯~！,2026-05-20 18:00:51,1046028731385,139186095,650,809,0.0326370757180157,0,10,25,8,8,2,1,0.08,0.1,24,14,种草短视频,室内其他,是,否
1,2026,6月,紫夜星河,2026年5月,827027178243424,紫夜星河给你宇宙💫这几只杯子绝美,2026-05-19 18:00:00,1046766030024,139186095,17,0,0.157894736842105,0,10,20,0,0,1,1,0.05,0.1,0,0,直播剪辑,,,否
1,2026,6月,春序纹样,2026年5月,564321451462,超清新的桌面杯杯，它来啦！！,2026-05-13 11:00:00,1021387954591,139186095,16,204,0,0,10,16,1,1,1,1,0.0625,0.1,1,1,种草短视频,桌面,是,否
1,2026,6月,紫夜星河,2026年5月,565862083249,紫夜为幕，星河作伴🌌,2026-05-25 15:00:00,1046766030024,139186095,2,0,0,0,10,19,0,0,0,0,0,0,0,0,种草短视频,室内其他,是,否
1,2026,6月,#N/A,2026年6月,568751011495,星巴克臻选哥伦比亚波托西庄园黑蜜处理咖啡豆 250g可至门店磨粉,2026-06-11 18:50:23,1022281901288,139186095,1,0,0,0,10,10,0,0,1,1,0.1,0.1,2,1,往期视频,,,否
1,2026,6月,多链接,2025年2月,507146190110,💖心动马克杯，让爱意每日相伴,2025-02-15 09:04:00,"844791620623,877351301580,839177327998,793157392053",139186095,0,0,0,0,10,10,0,0,0,0,0,0,0,0,往期视频,,,否
1,2026,6月,多链接,2025年1月,503483423469,是谁拥有了星巴克公主下午茶系列的小熊🎀,2025-01-12 10:02:00,"838306843610,839635946060,869275512238,611334517984,679555392055,787242506000",139186095,0,0,0,0,10,10,0,0,0,0,0,0,0,0,往期视频,,,否
1,2026,6月,薄荷绿系列,2026年5月,563063604203,夏天就捧这杯！薄荷绿透明吸管杯🍃,2026-05-06 18:00:00,792978475194,139186095,0,0,0,0,10,19,0,0,0,0,0,0,0,0,直播剪辑,,,否
1,2026,6月,夏日甜品派对,2026年5月,565537391983,这个星星奶油杯甜度超标了叭՞•･•՞,2026-05-20 15:00:43,1046028731385,139186095,16,0,0.6875,0,9,18,0,0,0,0,0,0,0,0,种草短视频,桌面,是,否
1,2026,6月,紫夜星河,2026年5月,565577611614,杯子上有银河 💫浪漫加倍,2026-05-21 18:00:00,1046766030024,139186095,9,0,0,0,9,17,0,0,0,0,0,0,0,0,站内达人视频,,,否
1,2026,6月,春日晴空,2026年5月,3134601184052991,把薄荷味的春天捧在手心👐,2026-05-16 18:00:00,768886743103,139186095,3,0,0,1,9,15,0,0,0,0,0,0,0,0,往期视频,,,否
1,2026,6月,多链接,2025年1月,504714373812,什么？不仅有杯盖，还有红色爱心把手！🍬,2025-01-20 11:51:39,"877351301580,844791620623,745013247948,793157392053,797213972204,628335395083",139186095,3,0,0,0,9,10,0,0,1,1,0.1,0.111111111111111,0,0,往期视频,,,否
1,2026,6月,多链接,2025年1月,502223446904,叮咚！🔔这个蝴蝶结把手太戳我啦🎀,2025-01-02 15:55:41,"838306843610,839635946060,866969773356,838638361962,818850576975,866468735070",139186095,1,0,0,0,9,10,0,0,1,1,0.1,0.111111111111111,0,0,往期视频,,,否
1,2026,6月,多链接,2025年1月,504983148580,我宣布这是近几年星巴克最好看的马克杯,2025-01-30 11:00:00,"877078306528,844790540125,837704243964,797213972204,793157392053,730747622472",139186095,0,0,0,0,9,10,0,0,0,0,0,0,0,0,往期视频,,,否
1,2026,6月,紫夜星河,2026年5月,566333508520,坠入紫夜星河，饮一口星光✨,2026-05-22 20:00:41,1046766030024,139186095,17,0,0.0476190476190476,0,8,17,0,0,0,0,0,0,0,0,站内达人视频,,,否
1,2026,6月,薄荷绿系列,2024年11月,493410647547,星巴克高颜值极光女神杯,2024-11-15 09:00:00,792978475194,139186095,1,0,0,0,8,9,0,0,1,1,0.111111111111111,0.125,0,0,往期视频,,,否
1,2026,6月,多链接,2024年3月,453846409078,"时间差不多咯，再不健身天就热咯
Starbucks星巴克官方旗舰店 ",2024-03-19 13:40:59,"677712264074,766129705991,761789212641,627416180278,758730142200,724228499042",139186095,1,0,0,0,8,8,0,0,1,1,0.125,0.125,1,1,往期视频,,,否
1,2026,6月,复古白绿,2026年3月,557973898105,⭐星杯分享|随身一杯，春日氛围感UP！,2026-03-27 18:00:00,1023062168243,139186095,0,0,0,0,8,13,0,0,0,0,0,0,0,0,种草短视频,桌面,是,否
1,2026,6月,冰霸杯,2026年5月,563466411723,我真的很需要这个大容量水杯！！！,2026-05-08 18:00:00,919010228354,139186095,0,0,0,0,8,14,0,0,1,1,0.0714285714285714,0.125,0,0,直播剪辑,,,否
1,2026,6月,紫夜星河,2026年5月,564789870446,背上星星杯套，来一场宇宙浪漫随行~💫,2026-05-15 20:00:00,1046766030024,139186095,0,0,0,0,8,14,0,0,0,0,0,0,0,0,种草短视频,桌面,是,否
1,2026,6月,春序纹样,2026年4月,562476422866,赴一个春日之约💚喝水也变浪漫,2026-04-28 18:00:00,1021387954591,139186095,128,138,0.00666666666666667,0,7,12,0,0,0,0,0,0,0,0,站内达人视频,,,否
1,2026,6月,薄荷绿系列,2026年5月,70090409176544,炎炎夏日，少不了这个玻璃杯~🌸,2026-05-16 20:00:00,792978475194,139186095,56,146,0.19672131147541,0,7,15,0,0,0,0,0,0,0,0,直播剪辑,,,否
1,2026,6月,夏日甜品派对,2026年5月,566907208187,🍧夏日甜品屋邀请你来⋆☆₊⋆ 🐰,2026-05-25 20:14:41,1046028731385,139186095,2,0,0,0,7,16,0,0,0,0,0,0,1,1,AI短视频,,是,否
1,2026,6月,夏日甜品派对,2026年5月,566130237752,挖到一个超甜的“甜品”杯！！🍧,2026-05-23 15:00:00,1046028731385,139186095,2,0,0,0,7,16,0,0,0,0,0,0,0,0,站内达人视频,,,否
1,2026,6月,夏日甜品派对,2026年5月,566130505021,夏日甜品冰霸杯邀请你喝水啦🍧🐇₊⋆,2026-05-24 15:00:00,1046028731385,139186095,2,0,0,0,7,17,0,0,0,0,0,0,0,0,站内达人视频,,,否
1,2026,6月,多链接,2024年4月,456342535045,换季时不要忘记多喝热水噢🧐,2024-04-04 13:00:00,"768920723912,758730142200,758998496165,750619859342,755280512897,734309987226",139186095,2,0,0,0,7,7,0,0,0,0,0,0,0,0,往期视频,,,否
1,2026,6月,多链接,2025年2月,505330901744,谁能逃得过新中式的魅力！,2025-02-01 12:04:00,"794572511612,793157164657",139186095,1,0,0,0,7,8,0,0,0,0,0,0,0,0,往期视频,,,否
1,2026,6月,春序纹样,2026年5月,564651752318,户外出行搭子|超实用小绿杯来啦！！,2026-05-14 12:12:00,1021387954591,139186095,1,0,0,1,7,14,0,0,3,2,0.214285714285714,0.285714285714286,0,0,种草短视频,户外,是,否
1,2026,6月,夏日甜品派对,2026年5月,566381243412,星杯有招｜300ml保温杯藏了把梳子🐑,2026-05-26 10:00:00,1046028731385,139186095,1,0,0,0,7,16,0,0,0,0,0,0,0,0,AI短视频,,是,否
1,2026,6月,夏日甜品派对,2026年5月,566653333720,小兔子跳进双饮口杯，435ml吨吨喝到爽💦,2026-05-25 17:00:01,1046028731385,139186095,1,0,0,0,7,16,0,0,0,0,0,0,0,0,AI短视频,,是,否
1,2026,6月,墨绿,2023年3月,401248717231,"星巴克杯子,墨绿色女神款玻璃
Starbucks星巴克官方旗舰店",2023-03-14 12:00:50,627415956439,139186095,0,0,0,0,7,7,0,0,1,1,0.142857142857143,0.142857142857143,0,0,往期视频,,,否
1,2026,6月,墨绿,2023年9月,426269556365,星巴克经典马克杯,2023-09-08 16:16:06,642508647066,139186095,0,0,0,0,7,7,0,0,0,0,0,0,0,0,往期视频,,,否
1,2026,6月,多链接,2021年8月,322943552452,"秋日将至，气温也要开始走下坡咯，是否缺一只趁手的保温杯，星小编安利高颜值清新保温杯，长效保温，贴心每一天~
",2021-08-23 20:00:00,"648767407916,648410474769,642508607188,642170058962,628335295172,627416164193",139186095,0,0,0,0,7,8,0,0,0,0,0,0,0,0,往期视频,,,否
1,2026,6月,多链接,2021年12月,341751079454,"红杯季 | 有多少星粉盼望的红杯季到来了~
今年星巴克推出了红杯挂饰，挂饰上是从2016年到2021",2021-12-14 12:27:16,"655589757416,655501925904,655051720611",139186095,0,0,0,0,7,7,0,0,0,0,0,0,0,0,往期视频,,,否
1,2026,6月,薄荷绿系列,2025年6月,523798275002,透粉紫杯身🎀小熊开启音乐演奏会啦,2025-06-21 10:00:00,792978475194,139186095,0,0,0,0,7,7,0,0,0,0,0,0,0,0,往期视频,,,否
1,2026,6月,马克杯合集,2025年12月,544463178288,☀️早安！我的吐司杯杯～,2025-12-05 21:00:00,979072431459,139186095,0,0,0,0,7,9,0,0,0,0,0,0,0,0,站内达人视频,,,否
1,2026,6月,0,2026年4月,549015377524,星巴克杯子氛围感不锈钢吸管杯高颜值随行水杯,2026-04-18 09:32:22,1007916742942,139186095,0,0,0,0,7,9,0,0,0,0,0,0,0,0,往期视频,,,否
1,2026,6月,#N/A,2026年4月,556346586971,星巴克杯子复古质感敦煌美术研究所联名系列星杯保温杯马克杯,2026-04-18 08:48:47,1021387878090,139186095,0,0,0,0,7,7,0,0,0,0,0,0,0,0,往期视频,,,否
1,2026,6月,0,2026年5月,565139894151,星巴克杯子穿普拉达的女王系列不锈钢杯礼盒马克杯合集,2026-05-18 10:40:22,1021388298332,139186095,0,0,0,0,7,9,0,0,0,0,0,0,0,0,往期视频,,,否
1,2026,6月,夏日甜品派对,2026年5月,565898319550,用这个小兔杯喝水都变甜了欸！🍨,2026-05-24 13:00:00,1046028731385,139186095,1,291,0,0,6,14,0,0,0,0,0,0,0,0,AI短视频,,是,否
1,2026,6月,夏日甜品派对,2026年5月,3436675805093085,挖到宝了🍰这小兔杯也太会卖萌了吧！,2026-05-15 21:00:20,1046028731385,139186095,1111,194,0.00441696113074205,1,6,13,0,0,0,0,0,0,0,0,往期视频,,,否
1,2026,6月,不锈钢吸管杯,2026年2月,553548418035,冬日OOTD单品+1✨️,2026-02-22 20:00:00,818748783317,139186095,21,0,0,0,6,10,0,0,0,0,0,0,0,0,站内达人视频,,,否
1,2026,6月,春日晴空,2026年4月,561955972134,超美！把薄荷曼波格纹穿在杯子上🌿,2026-04-22 20:00:00,768886743103,139186095,12,0,0.0714285714285714,0,6,11,0,0,0,0,0,0,0,0,站内达人视频,,,否
1,2026,6月,夏日甜品派对,2026年5月,2026899687575683,清甜一夏🍧夏日甜品派对新品来啦,2026-05-17 20:00:00,1046028731385,139186095,1,0,0,0,6,12,0,0,0,0,0,0,0,0,往期视频,,,否
1,2026,6月,暮樱翩翩,2026年3月,555741079005,好杯分享|春游有这只小粉，活力值UP,2026-03-10 15:00:00,1022161108857,139186095,1,0,0,0,6,10,0,0,0,0,0,0,0,0,种草短视频,车载,是,否
1,2026,6月,紫夜星河,2026年5月,566018073249,900ml的星河浪漫|让你爱上喝水,2026-05-23 18:00:00,1046766030024,139186095,1,0,0,0,6,14,0,0,0,0,0,0,0,0,站内达人视频,,,否
1,2026,6月,多链接,2022年3月,352412485336,"回温清新礼！给这个春天，注入一丝清爽气息~
starbucks/星巴克经典星杯，看不厌的杯型，经典的",2022-03-23 09:03:11,"627415956439,628335395083,641446468144,584133556485,593731550184,611901749561",139186095,1,0,0,0,6,6,0,0,0,0,0,0,0,0,往期视频,,,否
1,2026,6月,墨绿,2022年10月,378864448862,星巴克墨绿女神吸管杯，男女皆宜，很有星巴克风格的一款水杯，无论室内或外出都方便使用,2022-10-04 09:00:00,627415956439,139186095,0,0,0,0,6,6,0,0,0,0,0,0,0,0,往期视频,,,否
1,2026,6月,0,2026年5月,459606800733,星巴克 万圣系列星礼卡 实体储值卡 过节送礼礼品卡现金卡,2026-05-07 09:07:36,656215559452,139186095,0,0,0,0,6,8,0,0,0,0,0,0,0,0,往期视频,,,否
1,2026,6月,冰霸杯,2025年9月,533791055207,提升幸福感的粉嫩杯杯！是TA！,2025-09-14 21:00:00,792880543164,139186095,0,0,0,0,6,7,0,0,0,0,0,0,0,0,往期视频,,,否
1,2026,6月,暮樱翩翩,2026年3月,555931593810,把春天装进杯子里了🌸一抹梦幻紫握在手心,2026-03-11 10:00:00,1022161108857,139186095,54,0,0,0,5,9,0,0,1,1,0.111111111111111,0.2,1,1,种草短视频,桌面,是,否
1,2026,6月,复古白绿,2026年3月,557975914262,⭐星杯分享|小绿吸管杯，解锁春日好心情,2026-03-27 20:00:00,1023062168243,139186095,39,0,0.0238095238095238,0,5,9,0,0,0,0,0,0,0,0,种草短视频,桌面,,否
1,2026,6月,春序纹样,2026年5月,564603372230,⭐星杯分享|带小勺的马克杯，有点可爱嗷,2026-05-12 12:00:00,1021387954591,139186095,22,0,0.208333333333333,0,5,11,0,0,0,0,0,0,0,0,种草短视频,桌面,是,否
1,2026,6月,钛杯,2025年12月,548074119643,星杯贴贴|星河流进杯杯里~,2025-12-31 20:20:00,1006202362257,139186095,18,0,0,0,5,9,0,0,0,0,0,0,0,0,站内达人视频,,,否
1,2026,6月,复古白绿,2026年4月,559588995974,星杯开箱|春日超实用随行杯，被我GET啦~,2026-04-08 18:00:00,1023062168243,139186095,3,0,0.333333333333333,0,5,9,0,0,0,0,0,0,0,0,站内达人视频,,,否
1,2026,6月,春日晴空,2026年5月,563902728385,办公通勤好搭子~ins风格纹保温杯☁,2026-05-08 18:00:00,768886743103,139186095,3,0,0,0,5,11,0,0,0,0,0,0,0,0,站内达人视频,,,否
1,2026,6月,春序纹样,2026年5月,564309950464,⭐星杯分享|GET了超超好用的车载杯一只！,2026-05-11 10:50:35,1021387954591,139186095,3,0,0,0,5,11,0,0,0,0,0,0,0,0,种草短视频,车载,是,否
1,2026,6月,暮樱翩翩,2026年5月,564022146770,被追着要链接的炫彩女神杯。。。,2026-05-09 20:00:34,1022161108857,139186095,2,0,0,0,5,23,0,0,2,2,0.0869565217391304,0.4,1,1,站内达人视频,,,否
1,2026,6月,暮樱翩翩,2026年4月,562376900583,谁懂啊！这个355ml杯子把极光穿在身上了！,2026-04-27 20:00:00,1022161108857,139186095,2,0,0,0,5,48,0,0,7,1,0.145833333333333,0.2,0,0,站内达人视频,,,否
1,2026,6月,春日晴空,2026年5月,562621843073,格纹保温杯|喝水也可以很小清新~,2026-05-05 18:00:00,768886743103,139186095,2,0,0,0,5,11,0,0,0,0,0,0,0,0,站内达人视频,,,否
1,2026,6月,夏日甜品派对,2026年5月,565750623012,甜品冰霸杯✨把可爱装进日常,2026-05-22 18:00:00,1046028731385,139186095,2,0,0,0,5,13,0,0,0,0,0,0,0,0,站内达人视频,,,否
1,2026,6月,夏日甜品派对,2026年5月,565751842941,送礼季太适合选这个星杯礼盒了吧！！🎁,2026-05-21 20:00:00,1046028731385,139186095,2,0,0,0,5,14,0,0,0,0,0,0,0,0,站内达人视频,,,否
1,2026,6月,墨绿,2022年10月,380740415607,星巴克墨绿系列保温杯，立体棱面杯身，细节感满满~,2022-10-07 09:00:00,642170058962,139186095,1,0,0,0,5,6,1,1,0,0,0,0,0,0,往期视频,,,否
1,2026,6月,春序纹样,2026年4月,561956356438,中式美学🖼️把春天花园装进这只杯子里~~,2026-04-23 20:00:00,1021387954591,139186095,1,0,0,0,5,9,0,0,0,0,0,0,0,0,站内达人视频,,,否
1,2026,6月,多链接,2023年6月,414666195838,618 | 墨绿是心头无法割舍的爱,2023-06-09 13:32:30,"654729177845,642508647066,655107470979,641446468144,642170046560,641446388668",139186095,1,0,0,0,5,5,0,0,0,0,0,0,0,0,往期视频,,,否
1,2026,6月,多链接,2025年1月,505144471185,星巴克新品蛇年生肖限定新品🐍,2025-01-26 13:00:00,"877078306528,844790540125,837704243964,797213972204,793157392053,730747622472",139186095,0,0,0,0,5,5,0,0,0,0,0,0,0,0,往期视频,,,否
1,2026,6月,多链接,2024年9月,480206868575,干杯 节日快乐！,2024-09-06 11:00:06,"750619859342,813639153681,794572511612,731594844411",139186095,0,0,0,0,5,5,0,0,0,0,0,0,0,0,往期视频,,,否
1,2026,6月,墨绿,2022年7月,369358404348,"星巴克墨绿色保温杯,颜值高又实用",2022-07-25 16:58:49,642170058962,139186095,0,0,0,0,5,5,0,0,0,0,0,0,0,0,往期视频,,,否
1,2026,6月,墨绿金,2022年10月,383397859271,星巴克经典墨绿金系列水杯，经典杯型和配色，自带哑光铜章,2022-10-23 15:55:11,642170046560,139186095,0,0,0,0,5,5,0,0,0,0,0,0,0,0,往期视频,,,否
1,2026,6月,樱花粉,2023年7月,419453061801,随时随地喝到想喝的！,2023-07-18 15:42:51,624222128461,139186095,0,0,0,0,5,5,0,0,0,0,0,0,0,0,往期视频,,,否
1,2026,6月,墨绿,2023年9月,427794463975,"星巴克杯子,墨绿色女神款玻璃
Starbucks星巴克官方旗舰店星巴克杯子",2023-09-12 14:11:41,627415956439,139186095,0,0,0,0,5,6,0,0,0,0,0,0,0,0,往期视频,,,否
1,2026,6月,0,2023年12月,441125454737,年终好价节 | 尊滴好清新,2023-12-10 09:00:00,750619859342,139186095,0,0,0,0,5,5,0,0,0,0,0,0,0,0,往期视频,,,否
1,2026,6月,0,2024年1月,445908770378,"星巴克保温杯,送礼必备
Starbucks星巴克官方旗舰店",2024-01-10 13:37:45,750619859342,139186095,0,0,0,0,5,5,0,0,0,0,0,0,0,0,往期视频,,,否
1,2026,6月,#N/A,2026年4月,459463244442,Starbucks星巴克 精选系列星礼卡 实体储值卡 送礼礼品卡,2026-04-28 10:34:31,553531548399,139186095,0,0,0,0,5,20,0,0,0,0,0,0,0,0,往期视频,,,否
1,2026,6月,活泼率,2024年5月,463387801013,"星巴克活泼绿系列保温杯
Starbucks星巴克官方旗舰店 
星巴克 星巴克杯子 星巴克水杯618 ",2024-05-21 13:43:16,783054778948,139186095,0,0,0,0,5,5,0,0,0,0,0,0,0,0,往期视频,,,否
1,2026,6月,马克杯合集,2025年12月,544596096900,萌到心颤💛布丁杯也太会了吧！,2025-12-03 21:00:00,979072431459,139186095,0,0,0,0,5,8,0,0,0,0,0,0,0,0,站内达人视频,,,否
1,2026,6月,#N/A,2026年4月,546620593396,星巴克杯子雪耀奇境系列冰霸杯马克杯不锈钢吸管杯,2026-04-18 07:34:44,996246192610,139186095,0,0,0,0,5,5,0,0,0,0,0,0,0,0,往期视频,,,否
1,2026,6月,暮樱翩翩,2026年3月,555740447079,星杯来袭|紫色薯条杯杯，执掌我的春日心动❤,2026-03-10 17:00:00,1022161108857,139186095,0,0,0,0,5,9,0,0,0,0,0,0,0,0,种草短视频,桌面,是,否
1,2026,6月,复古白绿,2026年4月,558119846652,把星空装进杯子里🌠喝水的快乐又回来了,2026-04-01 18:00:00,1023062168243,139186095,0,0,0,0,5,11,0,0,0,0,0,0,0,0,种草短视频,桌面,是,否
1,2026,6月,复古白绿,2026年4月,560226257238,出行必带这个复古白绿随行杯🍃,2026-04-12 20:00:00,1023062168243,139186095,0,0,0,0,5,11,0,0,1,1,0.0909090909090909,0.2,0,0,站内达人视频,,,否
1,2026,6月,#N/A,2026年4月,562491298873,❄雪耀奇境冰霸杯|春夏的一抹凉爽,2026-04-28 20:00:00,996246192610,139186095,0,0,0,0,5,10,0,0,0,0,0,0,0,0,直播剪辑,,,否
1,2026,6月,春序纹样,2026年5月,564602356679,⭐星杯分享|超靓小绿杯，解锁夏日咖啡时刻,2026-05-11 11:44:01,1021387954591,139186095,0,0,0,0,5,11,0,0,0,0,0,0,0,0,种草短视频,桌面,是,否
1,2026,6月,暮樱翩翩,2026年5月,562789550213,彩虹🌈穿在杯子上~女神爱用杯,2026-05-06 20:00:00,1022161108857,139186095,24,0,0.461538461538462,0,4,10,0,0,0,0,0,0,0,0,站内达人视频,,,否
1,2026,6月,复古白绿,2026年3月,557970307148,小绿吸管杯，解锁春天好心情！！,2026-03-26 16:24:43,1023062168243,139186095,5,0,0.4,0,4,8,0,0,0,0,0,0,0,0,种草短视频,桌面,是,否
1,2026,6月,冰霸杯,2025年9月,534111811109,随行补水秘籍👍就这个冰霸杯 爽💪,2025-09-15 18:00:00,792880543164,139186095,3,0,0,0,4,5,0,0,0,0,0,0,0,0,往期视频,,,否
1,2026,6月,夏日甜品派对,2026年5月,565811441138,星巴克新品|杯子上长小兔子啦🐇,2026-05-20 20:00:33,1046028731385,139186095,3,0,0,0,4,12,0,0,0,0,0,0,0,0,往期视频,,,否
1,2026,6月,夏日甜品派对,2026年5月,564921748502,🐰就这样趴在杯子上萌萌的看着你₊‧♡,2026-05-15 18:00:00,1046028731385,139186095,2,0,0.5,0,4,11,0,0,0,0,0,0,1,1,AI短视频,,是,否
1,2026,6月,万花玫境,2026年4月,555295568339,星巴克杯子万花玫境系列吸管杯双饮口不锈钢保温杯马克杯桌面杯,2026-04-18 09:02:37,1020511554543,139186095,2,0,0,0,4,5,0,0,0,0,0,0,0,0,往期视频,,,否
1,2026,6月,复古白绿,2026年4月,560771392674,🌿上课通勤都认准这个美式复古拎拎杯！,2026-04-13 20:00:22,1023062168243,139186095,2,0,0,0,4,8,0,0,1,1,0.125,0.25,0,0,往期视频,,,否
1,2026,6月,夏日甜品派对,2026年5月,2133412287360064,夏日甜品屋新品|掉进曲奇陷阱🍪,2026-05-18 16:00:00,1046028731385,139186095,2,0,0,0,4,11,0,0,0,0,0,0,0,0,往期视频,,,否
1,2026,6月,多链接,2021年5月,311042519825,"关于爱的想象，我们往往可以用颜色来表达
_x000D_是甜蜜的淡粉，还是热烈的艳红
_x000D_是清新的鹅黄，还是神秘的浓",2021-05-19 09:36:32,"641446468144,642170046560,642170058962,642508607188,642508647066,641446388668",139186095,2,0,0,0,4,4,0,0,2,1,0.5,0.25,0,0,往期视频,,,否
1,2026,6月,双饮口杯合集,2025年2月,508897132185,🎀属于咖啡控的高颜值神器👑,2025-02-26 15:27:26,"887348604427,887984893409,890132555712,768886743103",139186095,1,0,0,0,4,4,0,0,0,0,0,0,0,0,往期视频,,,否
1,2026,6月,万花玫境,2026年4月,558845227453,被这个玫瑰吸管杯圈粉了！,2026-04-04 20:00:00,1020511554543,139186095,1,0,0,0,4,8,0,0,0,0,0,0,1,1,站内达人视频,,,否
1,2026,6月,复古白绿,2026年5月,564593456149,⭐星杯分享|极简白绿杯杯，开启一日好心情~,2026-05-11 10:29:58,1023062168243,139186095,1,0,0,0,4,10,1,1,0,0,0,0,1,1,种草短视频,桌面,是,否
1,2026,6月,多链接,2025年1月,505035467806,星相伴系列不锈钢桌面杯355ml,2025-01-23 16:00:00,"877351301580,844791620623,847937239873,847250101854,813352583327,768886743103",139186095,1,0,0,0,4,5,0,0,0,0,0,0,0,0,往期视频,,,否
1,2026,6月,春日晴空,2026年5月,3234077966299820,黄蓝cp☁爱上这只小清新双饮口杯,2026-05-18 19:00:32,768886743103,139186095,1,0,0,0,4,10,0,0,0,0,0,0,0,0,往期视频,,,否
1,2026,6月,墨绿金,2023年5月,411831953349,"星巴克杯子,让生活充满仪式感
星巴克 星巴克杯子 618
",2023-05-27 19:09:09,642170046560,139186095,1,0,0,0,4,4,0,0,0,0,0,0,0,0,往期视频,,,否
1,2026,6月,复古白绿,2026年3月,556138598196,复古白绿系列|小小随行杯 开启咖啡新日常！,2026-03-11 17:00:50,1023062168243,139186095,1,0,0,0,4,8,0,0,0,0,0,0,0,0,AI短视频,,是,否
1,2026,6月,#N/A,2026年5月,562868561417,手里的“薄荷糖”杯，喝水都变清新🍬,2026-05-04 18:00:00,,139186095,1,0,0,0,4,10,0,0,0,0,0,0,0,0,站内达人视频,,,否
1,2026,6月,春序纹样,2026年5月,564583533305,🍃永远爱这一杯新中式~,2026-05-12 16:38:58,1021387954591,139186095,1,0,0,0,4,10,0,0,0,0,0,0,0,0,种草短视频,桌面,是,否
1,2026,6月,冰霸杯,2026年4月,560829931998,软萌黄~爱上这只900ml冰霸杯很轻松,2026-04-17 18:00:00,"919010228354,792880543164",139186095,0,0,0,0,4,8,0,0,0,0,0,0,0,0,站内达人视频,,,否
1,2026,6月,多链接,2025年2月,505324911620,咖啡好搭子！举手已就位！,2025-02-01 17:05:00,"750932511412,797115438925,858198410140,864705538189,874047718057,642508607188",139186095,0,0,0,0,4,4,0,0,0,0,0,0,0,0,往期视频,,,否
1,2026,6月,多链接,2025年2月,506239305161,🐾萌宠马克杯🐾，喝水都有好心情🥰,2025-02-09 16:03:00,"845920762451,819081853597,839177327998,839251551593,877351301580,730747622472",139186095,0,0,0,0,4,4,0,0,0,0,0,0,0,0,往期视频,,,否
1,2026,6月,多链接,2025年1月,503914746503,星巴克奶油风小熊挂件拍了拍你,2025-01-14 09:02:00,"869275512238,839635946060,838306843610,611334517984,655140308004,679555392055",139186095,0,0,0,0,4,4,0,0,0,0,0,0,0,0,往期视频,,,否
1,2026,6月,墨绿,2022年7月,367045276752,"夏天喝水KPI就靠这杯啦
-
复古墨绿色吸管杯
星巴克经典配色
搭配浮雕纹理
人鱼LOGO颇具质感
",2022-07-09 10:00:00,627415956439,139186095,0,0,0,0,4,4,0,0,0,0,0,0,0,0,往期视频,,,否
1,2026,6月,墨绿,2023年10月,433705530400,"Starbucks星巴克官方旗舰店星巴克墨绿色保温杯,精致又高级
",2023-10-24 15:48:25,642170058962,139186095,0,0,0,0,4,7,0,0,0,0,0,0,0,0,往期视频,,,否
1,2026,6月,0,2026年4月,472640112188,星巴克 品牌主题款星礼卡套装 实体储值卡 现金储值卡送礼礼品卡,2026-04-30 09:11:32,656090643717,139186095,0,0,0,0,4,5,0,0,0,0,0,0,0,0,往期视频,,,否
1,2026,6月,0,2026年4月,472641324114,星巴克 美人鱼星礼卡 储值卡 过节送礼礼品卡 现金卡,2026-04-28 07:37:40,729876531417,139186095,0,0,0,0,4,7,0,0,0,0,0,0,0,0,往期视频,,,否
1,2026,6月,0,2026年4月,473280079464,星巴克 春日郊游系列星礼卡 实体储值卡 过节送礼礼品卡现金卡,2026-04-28 09:35:02,637294654727,139186095,0,0,0,0,4,6,0,0,0,0,0,0,0,0,往期视频,,,否
1,2026,6月,多链接,2021年12月,342794607423,"【双旦礼遇季，全场5折起】🎅🏼今年的节日，让星巴克帮你装扮吧🎄
代表了不同年份的节日挂饰🔔?",2021-12-23 20:00:00,"655589757416,655501925904,655051720611",139186095,0,0,0,0,4,4,0,0,0,0,0,0,0,0,往期视频,,,否
1,2026,6月,#N/A,2026年4月,550017221873,星巴克杯子甜星噗噗鸭系列马克杯不锈钢保温杯吸管杯,2026-04-17 21:18:35,1011780510692,139186095,0,0,0,0,4,6,0,0,0,0,0,0,0,0,往期视频,,,否
1,2026,6月,暮樱翩翩,2026年3月,555931317490,星杯来袭|紫樱入杯，春日浪漫直接拉满！,2026-03-10 16:00:00,1022161108857,139186095,0,0,0,0,4,9,0,0,0,0,0,0,0,0,种草短视频,桌面,是,否
1,2026,6月,复古白绿,2026年4月,559498960261,复古白绿杯‼️守护我的春日活力值,2026-04-06 20:00:00,1023062168243,139186095,0,0,0,0,4,8,0,0,0,0,0,0,0,0,种草短视频,室内其他,是,否
1,2026,6月,复古白绿,2026年4月,559591519983,复古随行杯⭐为春天增加一点可爱,2026-04-08 20:00:00,1023062168243,139186095,0,0,0,0,4,8,0,0,0,0,0,0,0,0,站内达人视频,,,否
1,2026,6月,春日晴空,2026年4月,559994195108,温柔到犯规的渐变粉桌面杯🎀,2026-04-12 18:00:00,768886743103,139186095,0,0,0,0,4,8,0,0,0,0,0,0,0,0,站内达人视频,,,否
1,2026,6月,复古白绿,2026年4月,560647493457,无数次心动🍃满满美式感的复古白绿保温杯,2026-04-15 20:00:00,1023062168243,139186095,0,0,0,0,4,8,0,0,0,0,0,0,0,0,站内达人视频,,,否
1,2026,6月,#N/A,2026年5月,563059324554,拎着春天出门喝水！白绿一眼沦陷🍃,2026-05-03 20:00:00,,139186095,0,0,0,0,4,10,0,0,0,0,0,0,0,0,站内达人视频,,,否
1,2026,6月,暮樱翩翩,2026年5月,563062728524,彩虹🌈穿在杯子上~女神爱用杯,2026-05-05 20:00:00,1022161108857,139186095,0,0,0,0,4,10,0,0,0,0,0,0,0,0,站内达人视频,,,否
1,2026,6月,紫夜星河,2026年5月,563726609106,呐~这个杯子里有璀璨星河⭐,2026-05-07 18:00:00,1046766030024,139186095,0,0,0,0,4,10,0,0,0,0,0,0,0,0,AI短视频,,是,否
1,2026,6月,紫夜星河,2026年5月,564349076939,呐~杯子里有璀璨星河,2026-05-10 20:00:00,1046766030024,139186095,0,0,0,0,4,10,0,0,0,0,0,0,0,0,AI短视频,,是,否
1,2026,6月,春序纹样,2026年5月,564365026994,星动下午茶|敲美杯碟组 ，春夏氛围感+1+1+1,2026-05-13 10:00:00,1021387954591,139186095,0,0,0,0,4,10,0,0,0,0,0,0,0,0,种草短视频,桌面,是,否
1,2026,6月,夏日甜品派对,2026年5月,564586218073,☕️下午茶仪式感，从这只曲奇杯开始,2026-05-13 15:00:43,1046028731385,139186095,0,0,0,0,4,10,0,0,0,0,0,0,0,0,AI短视频,,是,否
1,2026,6月,夏日甜品派对,2026年5月,564586642705,星品来袭|超萌保温杯遇到冰淇淋杯套🍦,2026-05-14 18:00:00,1046028731385,139186095,0,0,0,0,4,11,0,0,0,0,0,0,0,0,AI短视频,,是,否
1,2026,6月,暮樱翩翩,2026年3月,555732303293,温柔浅紫樱花杯🌸少女心被精准狙击了！！,2026-03-10 12:00:00,1022161108857,139186095,3892,0,0.00200954534036674,3,3,7,0,0,0,0,0,0,1,1,种草短视频,桌面,,否
1,2026,6月,春序纹样,2026年4月,561492274317,春序马克杯🍃把春天装在杯子里,2026-04-20 18:00:22,1021387954591,139186095,194,0,0,0,3,7,0,0,0,0,0,0,0,0,站内达人视频,,,否
1,2026,6月,万花玫境,2026年3月,555518685720,妇女节专供❤送给自在绽放的她！,2026-03-08 18:00:00,1020511554543,139186095,118,0,0,0,3,7,0,0,0,0,0,0,0,0,种草短视频,桌面,是,否
1,2026,6月,暮樱翩翩,2026年4月,561369907001,仙女就该用这个人鱼姬炫彩杯杯~~！！,2026-04-21 20:00:00,1022161108857,139186095,27,0,0.25,0,3,7,0,0,0,0,0,0,0,0,站内达人视频,,,否
1,2026,6月,暮樱翩翩,2026年3月,555937885371,暮樱翩翩系列|小花花随行杯，通勤时刻也精致~,2026-03-10 10:45:00,1022161108857,139186095,19,0,0.25,0,3,8,0,0,0,0,0,0,0,0,种草短视频,桌面,是,否
1,2026,6月,雾野系列,2026年4月,561581965761,这只雾野系列杯杯颜值又高又实用！！,2026-04-21 18:00:00,794572511612,139186095,15,0,0,0,3,7,0,0,0,0,0,0,0,0,直播剪辑,,,否
1,2026,6月,春序纹样,2026年5月,562614147110,爱上春序纹样🍃小绿杯美到心巴,2026-05-01 18:00:00,1021387954591,139186095,13,0,0,0,3,10,0,0,0,0,0,0,0,0,站内达人视频,,,否
1,2026,6月,复古白绿,2026年4月,560233220659,白绿拎拎杯💚拎上一秒穿越美式校园,2026-04-09 18:00:30,1023062168243,139186095,7,0,0.428571428571429,0,3,7,0,0,1,1,0.142857142857143,0.333333333333333,0,0,站内达人视频,,,否
1,2026,6月,春日晴空,2026年4月,561250552319,粉色珠串摇啊摇，把春天系在杯子上～🌸,2026-04-16 20:00:45,768886743103,139186095,7,0,0,0,3,8,0,0,0,0,0,0,0,0,站内达人视频,,,否
1,2026,6月,冰霸杯,2026年4月,559819815739,永远为经典系列冰霸杯反复心动💓,2026-04-11 20:00:00,792880543164,139186095,3,0,0,0,3,7,0,0,0,0,0,0,0,0,站内达人视频,,,否
1,2026,6月,春日晴空,2026年4月,561393856160,春日仪式感|少女心爆棚的小粉杯💓,2026-04-19 18:00:00,768886743103,139186095,2,0,0.5,0,3,7,0,0,0,0,0,0,1,1,站内达人视频,,,否
1,2026,6月,暮樱翩翩,2026年4月,562330595987,💜薯条杯|送你一杯“芋泥蛋糕”,2026-04-29 18:00:00,1022161108857,139186095,2,0,0,0,3,7,0,0,0,0,0,0,0,0,站内达人视频,,,否
1,2026,6月,春日晴空,2026年4月,562186349250,自带水晶珠链的杯杯也太美丽💓！！！,2026-04-27 18:00:00,768886743103,139186095,2,0,0,0,3,7,0,0,0,0,0,0,0,0,站内达人视频,,,否
1,2026,6月,冰霸杯,2026年2月,553550562997,星杯开箱|❄️ 把冬日的温柔，统统装进冰霸杯里,2026-02-24 18:00:00,792880543164,139186095,2,0,0,0,3,7,0,0,0,0,0,0,0,0,站内达人视频,,,否
1,2026,6月,紫夜星河,2026年5月,563852600888,星巴克杯子紫夜星河系列大容量高颜值质感吸管杯保温杯桌面水杯,2026-05-07 07:12:43,1046766030024,139186095,2,0,0,0,3,4,0,0,0,0,0,0,0,0,往期视频,,,否
1,2026,6月,冰霸杯,2026年5月,562784254033,经典晶粉|大容量水杯用起来才过瘾！💗,2026-05-02 18:00:00,919010228354,139186095,2,0,0,0,3,8,1,2,0,0,0,0,0,0,直播剪辑,,,否
1,2026,6月,暮樱翩翩,2026年4月,560588673769,这只渐变紫薯条杯少女心炸裂💜,2026-04-14 18:00:00,1022161108857,139186095,1,0,0,0,3,7,0,0,0,0,0,0,2,1,站内达人视频,,,否
1,2026,6月,暮樱翩翩,2026年4月,560973427753,被问800次的粉樱透明吸管杯🌸,2026-04-18 20:00:00,1022161108857,139186095,1,0,0,0,3,7,1,1,1,1,0.142857142857143,0.333333333333333,1,1,站内达人视频,,,否
1,2026,6月,万花玫境,2026年3月,557834827816,怦然心动💓 拎着TA出门，春日氛围感UP,2026-03-29 18:00:00,1020511554543,139186095,1,0,0,0,3,7,0,0,0,0,0,0,0,0,种草短视频,车载,是,否
1,2026,6月,暮樱翩翩,2026年4月,560136752913,这是仙女用的马克杯吧🌸,2026-04-10 18:00:00,1022161108857,139186095,1,0,1,0,3,7,0,0,0,0,0,0,0,0,站内达人视频,,,否
1,2026,6月,#N/A,2026年4月,560154024222,自带樱花收纳包！小粉杯很难不爱,2026-04-11 18:00:00,,139186095,1,0,0,0,3,7,0,0,0,0,0,0,0,0,站内达人视频,,,否
1,2026,6月,不锈钢吸管杯,2026年4月,560628547079,经典永不过时！这款薯条杯太美啦,2026-04-16 18:00:00,818748783317,139186095,1,0,0,0,3,8,0,0,0,0,0,0,0,0,直播剪辑,,,否
1,2026,6月,暮樱翩翩,2026年4月,560770584746,这个超浪漫的炫彩陶瓷杯也太哇塞了！🌠,2026-04-13 18:00:31,1022161108857,139186095,1,0,0,0,3,7,0,0,0,0,0,0,0,0,站内达人视频,,,否
1,2026,6月,暮樱翩翩,2026年4月,560989774667,为樱花季而生的一只杯子...太美了,2026-04-18 18:00:00,1022161108857,139186095,1,0,0,0,3,7,0,0,0,0,0,0,0,0,站内达人视频,,,否
1,2026,6月,暮樱翩翩,2026年4月,561132534993,这个杯子上有银河耶！！一眼心动,2026-04-19 20:00:00,1022161108857,139186095,1,0,0,0,3,7,0,0,0,0,0,0,0,0,站内达人视频,,,否
1,2026,6月,暮樱翩翩,2026年5月,563058668970,樱花粉杯戳中我心💗自带耳机收纳袋,2026-05-03 18:00:00,1022161108857,139186095,1,0,0,0,3,9,0,0,0,0,0,0,0,0,站内达人视频,,,否
1,2026,6月,薄荷绿系列,2023年7月,419365871345,超全星巴克薄荷绿合集！！,2023-07-12 21:47:03,"655589585782,718570840547,656356899156,655964118576,656356379814,655140448230",139186095,1,0,0.5,0,3,3,0,0,1,1,0.333333333333333,0.333333333333333,0,0,往期视频,,,否
1,2026,6月,冰霸杯,2026年4月,559313801332,💓星粉晒杯|我的春游实用搭子+1！！,2026-04-06 18:00:00,"919010228354,792880543164",139186095,0,0,0,0,3,7,0,0,0,0,0,0,0,0,图文,,,否
1,2026,6月,冰霸杯,2026年4月,560826603815,🩷一眼沦陷于这个星巴克少女粉冰霸杯……,2026-04-16 20:00:00,"792880543164,919010228354",139186095,0,0,0,0,3,8,0,0,1,1,0.125,0.333333333333333,0,0,站内达人视频,,,否
1,2026,6月,多链接,2025年2月,506641239089,🌸春日限定！粉嫩杯子陪你浪漫出行🌸,2025-02-12 09:04:00,"877351301580,844791620623,847937239873,844790540125,792880543164,818748783317",139186095,0,0,0,0,3,3,0,0,0,0,0,0,0,0,往期视频,,,否
1,2026,6月,多链接,2025年1月,502088653191,拥有了世界上最可爱的杯子,2025-01-04 09:03:00,"838306843610,839635946060,866468735070,866969773356,797213972204,628335395083",139186095,0,0,0,0,3,3,0,0,0,0,0,0,0,0,往期视频,,,否
1,2026,6月,多链接,2025年1月,502394734052,太好啦，是大容量星杯，过年长途有救啦！,2025-01-05 19:02:00,"846189691200,845920762451,789565745991,792880543164,750619815394,783054778948",139186095,0,0,0,0,3,3,0,0,0,0,0,0,0,0,往期视频,,,否
1,2026,6月,多链接,2025年1月,502836111781,我看看谁还没入星巴克蛇年限定红杯❤️,2025-01-06 10:58:10,"844790540125,869275512238,797213972204,793157392053,718570840547,655140008824",139186095,0,0,0,0,3,3,0,0,0,0,0,0,0,0,往期视频,,,否
1,2026,6月,多链接,2025年1月,503900412921,本命年的你，🔥红红火火你接不接⁉️,2025-01-15 13:03:00,"844790540125,869275512238,874047718057,865663673191,864705538189,839635946060",139186095,0,0,0,0,3,3,0,0,0,0,0,0,0,0,往期视频,,,否
1,2026,6月,多链接,2025年10月,539128694742,💙小熊@你，查收这只治愈杯杯,2025-10-24 20:00:00,"979072431459,979601890501",139186095,0,0,0,0,3,4,0,0,0,0,0,0,0,0,种草短视频,桌面,,否
1,2026,6月,多链接,2024年6月,468459799511,618倒计时 | 把粉嫩猫爪，一口喝掉！,2024-06-18 11:32:58,"696749690445,792978475194",139186095,0,0,0,0,3,3,0,0,0,0,0,0,0,0,往期视频,,,否
1,2026,6月,多链接,2023年7月,417753885797,我的星巴克绿杯子,2023-07-05 17:41:24,"718570840547,655964034708,627415956439,642508647066,628335295172,641446468144",139186095,0,0,0,0,3,3,0,0,0,0,0,0,0,0,往期视频,,,否
1,2026,6月,墨绿金,2022年8月,371341473381,"经典墨绿马克杯
职场百搭的水杯
浓郁墨绿色
搭配金色线条点缀
与杯面的哑光铜章呼应
/
starbu",2022-08-06 14:00:00,642170046560,139186095,0,0,0,0,3,3,0,0,0,0,0,0,0,0,往期视频,,,否
1,2026,6月,墨绿,2024年3月,452700249882,"星巴克墨绿色保温杯,精致又高级
Starbucks星巴克官方旗舰店
星巴克  星巴克杯子  星巴克水",2024-03-11 15:35:41,642170058962,139186095,0,0,0,0,3,4,0,0,0,0,0,0,0,0,往期视频,,,否
1,2026,6月,墨绿,2024年5月,460232022621,"星巴克墨绿色保温杯,颜值高又实用
Starbucks星巴克官方旗舰店 
星巴克 星巴克杯子 星巴克水",2024-05-03 14:00:00,642508607188,139186095,0,0,0,0,3,3,0,0,0,0,0,0,0,0,往期视频,,,否
1,2026,6月,薄荷绿系列,2024年5月,465177053916,"星巴克吸管杯,喝水也要有仪式感
Starbucks星巴克官方旗舰店
星巴克 星巴克杯子  星巴克水杯",2024-05-31 23:21:44,792978475194,139186095,0,0,0,0,3,3,0,0,0,0,0,0,0,0,往期视频,,,否
1,2026,6月,马克杯合集,2025年11月,542007627676,甜品脑袋出列！🍮杯激情下单,2025-11-12 17:42:50,979072431459,139186095,0,0,0,0,3,4,0,0,0,0,0,0,0,0,站内达人视频,,,否
1,2026,6月,#N/A,2026年1月,549327433517,甜心杯装牛奶，早餐也变甜😀,2026-01-12 20:00:00,996721520510,139186095,0,0,0,0,3,6,0,0,0,0,0,0,0,0,种草短视频,桌面,是,否
1,2026,6月,#N/A,2026年1月,551842749039,星杯开箱|这只心心杯，有点甜噢❤,2026-01-27 18:00:00,1011780510692,139186095,0,0,0,0,3,9,0,0,0,0,0,0,0,0,种草短视频,桌面,是,否
1,2026,6月,冰霸杯,2026年2月,553548990305,天使蓝+公主粉，冬日时尚单品有你！,2026-02-23 18:00:00,792880543164,139186095,0,0,0,0,3,7,0,0,0,0,0,0,0,0,站内达人视频,,,否
1,2026,6月,#N/A,2026年2月,553646680534,骏跃星程|嘀嘀嘀！小马来送好运啦~,2026-02-14 18:00:00,1005577399912,139186095,0,0,0,0,3,7,0,0,0,0,0,0,0,0,站内达人视频,,,否
1,2026,6月,暮樱翩翩,2026年2月,554512000733,渐变桌面杯|一口品尝春日味道❀,2026-02-25 18:00:00,1022161108857,139186095,0,0,0,0,3,7,0,0,0,0,0,0,0,0,种草短视频,桌面,是,否
1,2026,6月,万花玫境,2026年3月,555342352081,万花玫境|来一杯超浪漫下午茶~,2026-03-05 20:00:00,1020511554543,139186095,0,0,0,0,3,7,0,0,0,0,0,0,0,0,种草短视频,桌面,是,否
1,2026,6月,暮樱翩翩,2026年3月,555875890131,车载杯推荐|这一抹暮樱紫，美观又实用嘞！！,2026-03-09 18:22:32,1022161108857,139186095,0,0,0,0,3,7,0,0,0,0,0,0,0,0,种草短视频,车载,,否
1,2026,6月,#N/A,2026年3月,556712426506,珠光随行杯|一杯开启浪漫度假模式🌊,2026-03-18 14:00:00,971414259492,139186095,0,0,0,0,3,7,0,0,0,0,0,0,0,0,直播剪辑,,,否
1,2026,6月,万花玫境,2026年3月,557754913851,怦然心动💓 拎着TA出门，春日氛围感UP,2026-03-26 18:00:00,1020511554543,139186095,0,0,0,0,3,7,0,0,0,0,0,0,0,0,站内达人视频,,,否
1,2026,6月,复古白绿,2026年3月,558117742001,春游搭子已就位 ！带上它，说走就走✔️,2026-03-31 12:00:00,1023062168243,139186095,0,0,0,0,3,8,0,0,0,0,0,0,0,0,种草短视频,车载,是,否
1,2026,6月,暮樱翩翩,2026年4月,558128162329,渐变薯条杯|一秒解锁春日心动❤,2026-04-02 20:00:00,1022161108857,139186095,0,0,0,0,3,8,0,0,0,0,0,0,0,0,站内达人视频,,,否
1,2026,6月,复古白绿,2026年4月,559092791393,💚是白绿配色的巨无霸随行杯！！,2026-04-07 20:00:00,1023062168243,139186095,0,0,0,0,3,7,0,0,0,0,0,0,0,0,站内达人视频,,,否
1,2026,6月,万花玫境,2026年4月,559250544562,珠串小粉杯，解锁春日心动时刻~,2026-04-04 18:00:00,1020511554543,139186095,0,0,0,0,3,7,0,0,0,0,0,0,0,0,站内达人视频,,,否
1,2026,6月,复古白绿,2026年4月,559318189654,复古拎拎杯👉春日通勤搭子,2026-04-07 18:00:00,1023062168243,139186095,0,0,0,0,3,7,0,0,0,0,0,0,0,0,往期视频,,,否
1,2026,6月,春序纹样,2026年4月,559817947770,中式美学 | 将绿意装进杯子里🍃,2026-04-10 20:00:00,1021387954591,139186095,0,0,0,0,3,7,0,0,0,0,0,0,0,0,图文,,,否
1,2026,6月,复古白绿,2026年4月,559938125591,白绿吨吨杯👉承包春日好心情！,2026-04-09 18:00:00,1023062168243,139186095,0,0,0,0,3,7,0,0,0,0,0,0,0,0,站内达人视频,,,否
1,2026,6月,暮樱翩翩,2026年4月,559938857869,温柔渐变紫！这只薯条杯戳中我啦💜,2026-04-09 20:00:00,1022161108857,139186095,0,0,0,0,3,7,0,0,0,0,0,0,0,0,站内达人视频,,,否
1,2026,6月,复古白绿,2026年4月,560415907750,不要放过这个复古白绿巨无霸杯……🍃,2026-04-15 20:00:00,1023062168243,139186095,0,0,0,0,3,7,0,0,0,0,0,0,0,0,站内达人视频,,,否
1,2026,6月,复古白绿,2026年4月,560563446344,春日踏青就要带上这只复古白绿随行杯！！🍃,2026-04-15 18:00:00,1023062168243,139186095,0,0,0,0,3,7,0,0,0,0,0,0,0,0,站内达人视频,,,否
1,2026,6月,暮樱翩翩,2026年4月,560817164270,没有人能拒绝这只超大容量的樱花杯…🌸,2026-04-14 20:00:00,1022161108857,139186095,0,0,0,0,3,7,0,0,0,0,0,0,0,0,站内达人视频,,,否
1,2026,6月,春日晴空,2026年4月,560974931210,春天换新杯|这只双饮口杯绝美~~,2026-04-18 20:00:00,768886743103,139186095,0,0,0,0,3,7,0,0,0,0,0,0,0,0,站内达人视频,,,否
1,2026,6月,春日晴空,2026年4月,560989310501,超治愈桌面杯~pick这个海盐芝士！！,2026-04-17 20:00:00,768886743103,139186095,0,0,0,0,3,7,0,0,0,0,0,0,0,0,站内达人视频,,,否
1,2026,6月,复古白绿,2026年4月,561249744652,拎上就是美剧女主！这只杯子复古味max,2026-04-16 20:00:32,1023062168243,139186095,0,0,0,0,3,8,0,0,0,0,0,0,0,0,站内达人视频,,,否
1,2026,6月,春序纹样,2026年4月,561767061243,春日出行必备这个910ml巨无霸杯杯！🍃,2026-04-22 18:00:00,1021387954591,139186095,0,0,0,0,3,7,0,0,0,0,0,0,0,0,站内达人视频,,,否
1,2026,6月,春序纹样,2026年4月,561907430212,春夏靠它续命！这个蜜瓜绿冰霸杯有点美,2026-04-25 18:00:00,1021387954591,139186095,0,0,0,0,3,7,0,0,0,0,0,0,0,0,站内达人视频,,,否
1,2026,6月,春序纹样,2026年4月,561939543856,小绿杯自带仪式感🌱 455ml新意握在手心,2026-04-26 20:00:00,1021387954591,139186095,0,0,0,0,3,7,0,0,0,0,0,0,0,0,站内达人视频,,,否
1,2026,6月,春序纹样,2026年4月,561955600793,清新小绿杯|这个395ml马克杯戳中少女心💓,2026-04-23 18:00:00,1021387954591,139186095,0,0,0,0,3,7,0,0,0,0,0,0,0,0,站内达人视频,,,否
1,2026,6月,春序纹样,2026年4月,562177356435,这个马克杯好美|最适配春日的一抹绿🌿,2026-04-24 20:00:00,1021387954591,139186095,0,0,0,0,3,7,0,0,0,0,0,0,0,0,站内达人视频,,,否
1,2026,6月,春日晴空,2026年4月,562212480125,工位新宠！这只ins风格纹杯好美🧊,2026-04-25 00:00:00,768886743103,139186095,0,0,0,0,3,7,0,0,0,0,0,0,0,0,站内达人视频,,,否
1,2026,6月,#N/A,2026年4月,562310251794,送礼首选🎁少女心心动告白萌杯,2026-04-28 20:00:00,923450300919,139186095,0,0,0,0,3,7,0,0,0,0,0,0,0,0,直播剪辑,,,否
1,2026,6月,春日晴空,2026年4月,562355343260,这就是春天最应该用的随行杯吧！！！💛🩵,2026-04-29 20:00:00,768886743103,139186095,0,0,0,0,3,7,0,0,0,0,0,0,0,0,站内达人视频,,,否
1,2026,6月,春日晴空,2026年4月,562613055862,被追着要链接的粉色随行杯。。。🌸,2026-04-30 20:00:00,768886743103,139186095,0,0,0,0,3,8,0,0,2,1,0.25,0.333333333333333,0,0,站内达人视频,,,否
1,2026,6月,春序纹样,2026年4月,562827701782,春日出行必备这个蜜瓜绿巨无霸杯杯！🍃,2026-04-30 18:00:00,1021387954591,139186095,0,0,0,0,3,8,0,0,0,0,0,0,0,0,站内达人视频,,,否
1,2026,6月,暮樱翩翩,2026年5月,562867225242,粉紫渐变映樱影🌸渐变薯条杯好温柔,2026-05-02 20:00:00,1022161108857,139186095,0,0,0,0,3,8,0,0,0,0,0,0,0,0,站内达人视频,,,否
1,2026,6月,万花玫境,2026年3月,555525197529,万花玫境|碎花杯杯，点亮桌面时刻,2026-03-09 20:12:00,1020511554543,139186095,3267,0,0.00899280575539568,0,2,7,0,0,0,0,0,0,0,0,种草短视频,桌面,是,否
1,2026,6月,暮樱翩翩,2026年3月,555929721516,星巴克是懂我的！把狗子放在马克杯上带走🥹,2026-03-10 20:00:00,1022161108857,139186095,1901,0,0.00560938296787353,2,2,6,0,0,0,0,0,0,2,2,种草短视频,桌面,是,否
1,2026,6月,暮樱翩翩,2026年3月,556103000886,星杯贴贴|超实用樱花保温杯，它来啦！,2026-03-11 13:00:00,1022161108857,139186095,36,0,0.155555555555556,0,2,6,0,0,0,0,0,0,0,0,种草短视频,桌面,是,否
1,2026,6月,万花玫境,2026年3月,558179545406,万花玫境|这个保温杯里有春天！！,2026-03-26 13:46:54,1020511554543,139186095,23,0,0.185185185185185,0,2,6,0,0,0,0,0,0,0,0,种草短视频,桌面,是,否
1,2026,6月,冰霸杯,2026年1月,551157809881,🆕|星子向你投送新款冰霸杯,2026-01-24 20:10:00,792880543164,139186095,12,0,0.0769230769230769,0,2,6,0,0,0,0,0,0,0,0,种草短视频,桌面,是,否
1,2026,6月,不锈钢吸管杯,2026年1月,551949609610,天呐噜😮我发现了年度好用吸管杯！,2026-01-29 08:00:00,818748783317,139186095,5,0,0,0,2,6,0,0,0,0,0,0,0,0,种草短视频,桌面,是,否
1,2026,6月,万花玫境,2026年4月,559496068448,万花保温杯|你的随行好搭子已上线！,2026-04-05 20:00:00,1020511554543,139186095,2,0,0.333333333333333,0,2,6,0,0,0,0,0,0,1,1,站内达人视频,,,否
1,2026,6月,复古白绿,2026年3月,558229620102,经典白绿杯|装载日常小确幸❤,2026-03-28 20:00:00,1023062168243,139186095,2,0,0,0,2,6,0,0,0,0,0,0,0,0,种草短视频,桌面,,否
1,2026,6月,多链接,2023年7月,418903782663,星巴克吸管杯碰碰乐你最pick谁,2023-07-11 21:57:00,"696749690445,712416865031,656356899156,627415956439,712162832940,593731938196",139186095,2,0,0,0,2,2,0,0,0,0,0,0,0,0,往期视频,,,否
1,2026,6月,复古白绿,2026年3月,557242184833,高颜值吸管杯| 把复古咖啡馆装进包包里🎞️,2026-03-23 12:00:00,1023062168243,139186095,1,0,0,0,2,6,0,0,0,0,0,0,2,1,图文,,,否
1,2026,6月,墨绿金,2022年2月,349714519671,"宅家也能如此精致，让starbucks/星巴克马克杯陪伴你的每一个舒适午后吧~
墨绿金色马克杯，与醇",2022-02-26 09:00:00,642170046560,139186095,1,0,0,0,2,2,0,0,0,0,0,0,0,0,往期视频,,,否
1,2026,6月,#N/A,2025年11月,542868601380,🏠捧在手心里的小屋杯，被治愈到了！,2025-11-18 21:00:45,983587971224,139186095,1,0,0,0,2,5,0,0,0,0,0,0,0,0,站内达人视频,,,否
1,2026,6月,#N/A,2026年1月,549976391646,温暖加分🍬又甜又保温的杯杯+1,2026-01-15 20:00:00,1011780510692,139186095,1,0,0,0,2,6,0,0,0,0,0,0,0,0,AI短视频,,是,否
1,2026,6月,#N/A,2026年1月,550163917152,星品来袭|让颜值控狂喜的杯来噜,2026-01-19 20:00:00,996246192610,139186095,1,0,0,0,2,6,0,0,0,0,0,0,0,0,站内达人视频,,,否
1,2026,6月,暮樱翩翩,2026年2月,554466829454,炫光杯杯，1秒沉浸春日樱花夜~❀,2026-02-26 20:00:00,1022161108857,139186095,1,0,0,0,2,7,0,0,0,0,0,0,0,0,种草短视频,桌面,是,否
1,2026,6月,暮樱翩翩,2026年3月,555939953851,暮樱翩翩系列|紫樱入杯，春日浪漫直接拉满,2026-03-10 18:18:00,1022161108857,139186095,1,0,0,0,2,6,0,0,0,0,0,0,0,0,AI短视频,,是,否
1,2026,6月,多链接,2021年11月,335886873628,"#双11狂欢全场5折起#星粉请注意，双11正式开启！
惊喜一：0点开始首小时，部分星杯折上再9折，秒",2021-11-11 00:14:38,"660099106175,656356899156,656356715166,656356447294,653914665109,648767923567",139186095,1,0,0,0,2,2,1,1,1,1,0.5,0.5,1,1,往期视频,,,否
1,2026,6月,冰霸杯,2026年4月,558840159838,💓星粉晒杯|白紫配色，少女心+1+1+1,2026-04-03 20:00:00,"919010228354,792880543164",139186095,0,0,0,0,2,6,0,0,0,0,0,0,0,0,往期视频,,,否
1,2026,6月,多链接,2026年3月,555453358873,星杯来袭|带你走进万花玫境🌹,2026-03-07 18:00:00,"1020511554543,1022161108857",139186095,0,0,0,0,2,6,0,0,0,0,0,0,0,0,图文,,,否
1,2026,6月,多链接,2026年3月,556993314685,大容量拎拎杯|解锁我的春日心动❤,2026-03-21 20:00:00,"919010228354,792880543164",139186095,0,0,0,0,2,7,0,0,1,1,0.142857142857143,0.5,0,0,站内达人视频,,,否
1,2026,6月,多链接,2026年3月,557062257642,星杯分享|春日杯杯，美貌和实用性我都要！,2026-03-22 12:00:00,"919010228354,792880543164",139186095,0,0,0,0,2,7,0,0,0,0,0,0,0,0,站内达人视频,,,否
1,2026,6月,多链接,2026年2月,552292510409,星年好礼| 福运好杯大集合🎉,2026-02-02 18:00:00,"1006203042206,1005577399912",139186095,0,0,0,0,2,6,0,0,0,0,0,0,0,0,图文,,,否
1,2026,6月,#N/A,2026年1月,550138378349,星杯分享|爆闪钛杯❤心动值+1+1+1+1,2026-01-22 18:00:00,996246192610,139186095,0,0,0,0,2,6,0,0,1,1,0.166666666666667,0.5,1,1,站内达人视频,,,否
1,2026,6月,#N/A,2026年3月,554958950581,骏跃星程随行杯💨通勤路上有它超拉风,2026-03-03 18:00:00,1005577399912,139186095,0,0,0,0,2,6,0,0,1,1,0.166666666666667,0.5,1,1,种草短视频,桌面,是,否
1,2026,6月,多链接,2025年2月,506003388729,💌情人节限定✨水獭双饮杯，甜度MAX,2025-02-06 15:18:40,"877351301580,844791620623,877078306528,839571154549,793157392053,718570840547",139186095,0,0,0,0,2,2,0,0,0,0,0,0,0,0,往期视频,,,否
1,2026,6月,多链接,2025年2月,506213394902,薯条杯届的颜值天花板！🍟✨,2025-02-09 19:09:00,"731594844411,858198410140,847937239873,818748783317,819194884736,814063386832",139186095,0,0,0,0,2,2,0,0,0,0,0,0,0,0,往期视频,,,否
1,2026,6月,多链接,2025年2月,506774947022,💖情人节专属！粉色保温杯，爱意满满！,2025-02-14 10:05:00,"844790540125,794743133653,869275512238,792978475194,792880543164,794572511612",139186095,0,0,0,0,2,2,0,0,0,0,0,0,0,0,往期视频,,,否
1,2026,6月,多链接,2025年2月,507710643268,又遇到心动crush了,2025-02-18 14:08:34,"750421994083,731594844411,819194884736,818748783317",139186095,0,0,0,0,2,2,0,0,0,0,0,0,0,0,往期视频,,,否
1,2026,6月,多链接,2025年1月,503303809769,星巴克墨水系列｜适合搭情侣款的马克杯‼️,2025-01-10 13:35:58,"874047718057,818850576975,819194884736,771671518084,866969773356,718570840547",139186095,0,0,0,0,2,2,0,0,0,0,0,0,0,0,往期视频,,,否
1,2026,6月,多链接,2025年1月,503439082899,星杯上线！你的桌面缺一款五彩斑斓的黑🖤,2025-01-11 11:00:00,"874047718057,761789212641,869275512238,865663673191,783054778948,811692780081",139186095,0,0,0,0,2,2,0,0,0,0,0,0,0,0,往期视频,,,否
1,2026,6月,多链接,2025年1月,504869419238,435ml不锈钢保温杯，小巧保温杯之选！,2025-01-20 11:06:03,"844791620623,877351301580,750619859342,758813967495,811692780081,877078306528",139186095,0,0,0,0,2,2,0,0,0,0,0,0,0,0,往期视频,,,否
1,2026,6月,多链接,2025年11月,542090591277,🍞吐司？马克杯？甜妹分不清楚,2025-11-14 18:00:00,"979072431459,979601890501,975069063377",139186095,0,0,0,0,2,3,0,0,0,0,0,0,0,0,站内达人视频,,,否
1,2026,6月,多链接,2024年4月,456346979670,永远会为玻璃杯心动💗,2024-04-06 12:00:00,"768912682954,696749690445,775095879618,655964034708,641446468144,750932511412",139186095,0,0,0,0,2,2,0,0,0,0,0,0,0,0,往期视频,,,否
1,2026,6月,多链接,2022年8月,373121163281,"Office lady可冲的经典墨绿星杯
深邃墨绿为桌面增加典雅大气
在办公室冲上一杯咖啡正好适宜
",2022-08-11 15:27:44,"642508647066,642508607188,642170058962,641446468144,642170046560,641446388668",139186095,0,0,0,0,2,2,0,0,0,0,0,0,0,0,往期视频,,,否
1,2026,6月,墨绿金,2023年1月,394227087735,"星巴克墨绿金系列马克杯，陶瓷材质日常更实用
Starbucks星巴克官方旗舰店",2023-01-07 10:00:00,642170046560,139186095,0,0,0,0,2,2,0,0,0,0,0,0,0,0,往期视频,,,否
1,2026,6月,多链接,2022年1月,344896973929,"星杯人气大揭秘！康康星粉们都买啥星杯？
TOP1⭐大气典雅、合适耐用的咖啡星人必备马克杯，墨绿金！
",2022-01-16 16:00:00,"642508647066,627415956439,656356371790",139186095,0,0,0,0,2,2,0,0,0,0,0,0,0,0,往期视频,,,否
1,2026,6月,墨绿,2023年7月,418325488540,星巴克320ml墨绿色女神款陶瓷马克杯,2023-07-12 21:45:16,628335395083,139186095,0,0,0,0,2,3,0,0,0,0,0,0,0,0,往期视频,,,否
1,2026,6月,墨绿,2023年11月,435642096250,"星巴克经典墨绿女神杯
Starbucks星巴克官方旗舰店 星巴克 好物分享",2023-11-07 10:01:45,627415956439,139186095,0,0,0,0,2,2,0,0,0,0,0,0,0,0,往期视频,,,否
1,2026,6月,活泼率,2024年5月,459652181452,绿意盎然，小熊陪伴,2024-05-02 12:00:00,783054778948,139186095,0,0,0,0,2,2,0,0,0,0,0,0,0,0,往期视频,,,否
1,2026,6月,#N/A,2026年4月,464906218337,星巴克 冬季萌宠系列星礼卡 实体储值卡过节送礼礼品卡现金卡,2026-04-28 07:10:40,665449579589,139186095,0,0,0,0,2,3,0,0,0,0,0,0,0,0,往期视频,,,否
1,2026,6月,0,2026年4月,465047353913,星巴克 冬季典藏系列星礼卡 实体储值卡过节送礼礼品卡现金卡,2026-04-28 08:04:58,687136221235,139186095,0,0,0,0,2,3,0,0,0,0,0,0,0,0,往期视频,,,否
1,2026,6月,多链接,2022年12月,388912193100,"绿色星杯💚💚💚Starbucks星巴克官方旗舰店
才是星巴克的本命呀",2022-12-03 10:00:00,"642508647066,642508607188,641446468144,628335295172,628335395083,627416100233",139186095,0,0,0,0,2,2,0,0,0,0,0,0,0,0,往期视频,,,否
1,2026,6月,薄荷绿系列,2024年6月,469399069597,"星巴克清透女神杯
星巴克 ",2024-06-26 11:53:15,792978475194,139186095,0,0,0,0,2,2,0,0,0,0,0,0,0,0,往期视频,,,否
1,2026,6月,0,2026年4月,472641564075,星巴克 喵星人工坊之旅星礼卡系列 实体储值卡 送礼礼品卡,2026-04-28 08:03:47,628040482572,139186095,0,0,0,0,2,4,0,0,0,0,0,0,0,0,往期视频,,,否
1,2026,6月,0,2026年4月,472801572443,星巴克 萌宠系列星礼卡 实体储值卡过节送礼礼品卡现金卡,2026-04-28 09:49:30,656267683348,139186095,0,0,0,0,2,4,0,0,0,0,0,0,0,0,往期视频,,,否
1,2026,6月,0,2026年4月,473292086710,星巴克 冬季系列星礼卡  实体储值卡 送礼礼品卡,2026-04-28 09:38:35,631456744392,139186095,0,0,0,0,2,5,0,0,0,0,0,0,0,0,往期视频,,,否
1,2026,6月,薄荷绿系列,2024年8月,477748777640,一口为生活注入甜分,2024-08-21 14:08:44,792978475194,139186095,0,0,0,0,2,2,0,0,0,0,0,0,0,0,往期视频,,,否
1,2026,6月,多链接,2021年12月,341777754931,"请回答，有星人。星巴克一共陪伴你走过了多少岁月呢
红杯挂饰集齐了从2016年开始的红杯图案
送TA这",2021-12-18 11:00:00,"655589757416,655051720611,655501925904,655139888809",139186095,0,0,0,0,2,2,0,0,0,0,0,0,0,0,往期视频,,,否
1,2026,6月,薄荷绿系列,2025年5月,520290770895,入夏第一个玻璃杯到啦！这么多颜色不怕和朋友撞车💝,2025-05-25 10:04:00,792978475194,139186095,0,0,0,0,2,2,0,0,0,0,0,0,0,0,往期视频,,,否
1,2026,6月,冰霸杯,2025年9月,532599055283,开箱VLOG|这个杯杯有点萌,2025-09-03 18:00:47,919010228354,139186095,0,0,0,0,2,2,0,0,0,0,0,0,0,0,往期视频,,,否
1,2026,6月,冰霸杯,2025年9月,533334324555,紫色控必入的超实用冰霸杯~,2025-09-08 20:00:21,792880543164,139186095,0,0,0,0,2,3,0,0,0,0,0,0,0,0,往期视频,,,否
1,2026,6月,冰霸杯,2025年9月,533782819453,有了超靓杯杯，秋日快乐会翻倍！,2025-09-13 21:00:00,792880543164,139186095,0,0,0,0,2,3,0,0,0,0,0,0,0,0,往期视频,,,否
1,2026,6月,冰霸杯,2025年9月,534343770007,出片率满满的随行杯，TA来喽！,2025-09-16 21:00:52,919010228354,139186095,0,0,0,0,2,3,0,0,0,0,0,0,0,0,种草短视频,户外,,否
1,2026,6月,#N/A,2025年12月,545312566502,可爱萌趣杯来袭🔥,2025-12-09 18:00:00,976296301628,139186095,0,0,0,0,2,5,0,0,0,0,0,0,0,0,AI短视频,,是,否
1,2026,6月,#N/A,2025年12月,547159343251,噢莫！我发现了年度好用吸管杯,2025-12-25 20:30:00,947720166470,139186095,0,0,0,0,2,5,0,0,0,0,0,0,0,0,往期视频,,,否
1,2026,6月,#N/A,2026年4月,548169325623,星巴克马年杯子马上快乐系列马克杯玻璃吸管杯不锈钢杯,2026-04-18 08:56:30,1006203042206,139186095,0,0,0,0,2,3,0,0,0,0,0,0,0,0,往期视频,,,否
1,2026,6月,#N/A,2026年1月,548191999855,星杯开箱|派对甜心随行杯，满满装下冬日温暖❤,2026-01-03 18:00:00,996721520510,139186095,0,0,0,0,2,10,0,0,0,0,0,0,0,0,种草短视频,桌面,是,否
1,2026,6月,#N/A,2026年1月,549168183539,冬日超实用钛杯，室内室外随心喝💦,2026-01-09 20:00:00,996246192610,139186095,0,0,0,0,2,7,0,0,0,0,0,0,0,0,站内达人视频,,,否
1,2026,6月,#N/A,2026年1月,549289058182,噢莫~花栗鼠悄悄爬上我的杯沿啦,2026-01-11 18:00:00,996721520510,139186095,0,0,0,0,2,5,0,0,0,0,0,0,0,0,站内达人视频,,,否
1,2026,6月,#N/A,2026年1月,549290646703,开箱时刻|今年的新年星杯，颜值MAX哦~,2026-01-12 20:04:00,996246192610,139186095,0,0,0,0,2,5,0,0,0,0,0,0,0,0,站内达人视频,,,否
1,2026,6月,#N/A,2026年1月,549757671752,星杯来袭|甜星噗噗鸭，还敢再甜一点嘛❤,2026-01-13 17:30:00,1011780510692,139186095,0,0,0,0,2,5,0,0,0,0,0,0,0,0,图文,,,否
1,2026,6月,#N/A,2026年1月,549875114528,马上快乐系列星杯来喽,2026-01-13 19:21:00,1006203042206,139186095,0,0,0,0,2,5,0,0,0,0,0,0,0,0,直播剪辑,,,否
1,2026,6月,#N/A,2026年1月,549887871156,好物开箱|年度靓杯，被我挖到噜❄,2026-01-13 16:25:09,996246192610,139186095,0,0,0,0,2,5,0,0,0,0,0,0,0,0,种草短视频,室内其他,是,否
1,2026,6月,#N/A,2026年1月,549893251599,小鸭贴贴🤔这个情人节敲甜,2026-01-14 20:15:00,1011780510692,139186095,0,0,0,0,2,5,0,0,0,0,0,0,0,0,AI短视频,,是,否
1,2026,6月,不锈钢吸管杯,2026年1月,549983535275,把紫色星河✨️装进杯杯里,2026-01-18 18:00:00,818748783317,139186095,0,0,0,0,2,6,0,0,0,0,0,0,0,0,图文,,,否
1,2026,6月,#N/A,2026年1月,550005086111,冬日随心杯杯，有TA就够啦❤,2026-01-13 16:19:03,996721520510,139186095,0,0,0,0,2,6,0,0,0,0,0,0,0,0,种草短视频,桌面,是,否
1,2026,6月,#N/A,2026年1月,550009490644,星杯来袭|甜星噗噗鸭，为所有CP加点“糖”~,2026-01-14 18:00:00,1011780510692,139186095,0,0,0,0,2,5,0,0,0,0,0,0,0,0,AI短视频,,是,否
1,2026,6月,不锈钢吸管杯,2026年1月,550009743269,暖冬贴贴|噢莫~猫眼杯闪到我啦⭐,2026-01-20 18:00:00,818748783317,139186095,0,0,0,0,2,6,0,0,0,0,0,0,0,0,图文,,,否
1,2026,6月,不锈钢吸管杯,2026年1月,550010799423,❤捧在手心里的猫眼杯，被治愈到了！,2026-01-20 20:00:00,818748783317,139186095,0,0,0,0,2,6,0,0,0,0,0,0,0,0,图文,,,否
1,2026,6月,#N/A,2026年1月,550020651414,大容量冰霸杯，妥妥托住一天喝水量👍,2026-01-22 20:15:00,996246192610,139186095,0,0,0,0,2,6,0,0,0,0,0,0,0,0,站内达人视频,,,否
1,2026,6月,#N/A,2026年1月,550096990435,甜星噗噗鸭|冬季心动，从这只杯杯开始🥰,2026-01-16 20:00:00,1011780510692,139186095,0,0,0,0,2,6,0,0,0,0,0,0,0,0,图文,,,否
1,2026,6月,不锈钢吸管杯,2026年1月,550108794741,紫色控狂喜❤一眼万年的炫紫猫眼杯,2026-01-18 20:00:00,818748783317,139186095,0,0,0,0,2,7,0,0,0,0,0,0,0,0,图文,,,否
1,2026,6月,不锈钢吸管杯,2026年1月,550137009888,星杯来袭|一杯点亮星动告白模式✨️,2026-01-17 20:00:00,818748783317,139186095,0,0,0,0,2,6,0,0,0,0,0,0,0,0,图文,,,否
1,2026,6月,#N/A,2026年1月,550168833487,星杯开箱|拥有超靓保温杯的冬天，也太幸福了叭！,2026-01-21 20:00:00,996246192610,139186095,0,0,0,0,2,6,0,0,0,0,0,0,0,0,站内达人视频,,,否
1,2026,6月,#N/A,2026年1月,550193388291,星杯分享|可爱小熊杯，终于被我抢到了！,2026-01-14 19:00:00,975069063377,139186095,0,0,0,0,2,5,0,0,0,0,0,0,0,0,种草短视频,室内其他,是,否
1,2026,6月,#N/A,2026年1月,550282356423,恋爱时刻❤鸭鸭来助攻~,2026-01-15 18:00:00,1011780510692,139186095,0,0,0,0,2,6,0,0,0,0,0,0,0,0,图文,,,否
1,2026,6月,#N/A,2026年1月,550285228766,粉蓝CP杯‼️守护你的冬日心动值,2026-01-16 18:00:00,1011780510692,139186095,0,0,0,0,2,6,0,0,0,0,0,0,0,0,AI短视频,,是,否
1,2026,6月,#N/A,2026年1月,550288308334,甜星噗噗鸭|噢莫！桌面又加了一点甜☺️,2026-01-17 18:00:00,1011780510692,139186095,0,0,0,0,2,6,0,0,0,0,0,0,0,0,图文,,,否
1,2026,6月,不锈钢吸管杯,2026年1月,550321128470,闺蜜干杯💟来一杯紫色银河,2026-01-21 18:00:00,818748783317,139186095,0,0,0,0,2,6,0,0,0,0,0,0,0,0,图文,,,否
1,2026,6月,#N/A,2026年1月,550996003842,橙色控女孩，星子懂完噜(๑•̀ㅂ•́)و✧,2026-01-24 18:00:00,1005577399912,139186095,0,0,0,0,2,6,0,0,0,0,0,0,0,0,往期视频,,,否
1,2026,6月,#N/A,2026年1月,550999343749,冬日下午茶|这只马蹄杯，终于被我抢到手啦🎉,2026-01-25 18:00:00,1005577399912,139186095,0,0,0,0,2,7,0,0,0,0,0,0,0,0,图文,,,否
1,2026,6月,#N/A,2026年1月,551002807557,有这只冰霸杯❄冬日才完整,2026-01-25 20:00:00,996246192610,139186095,0,0,0,0,2,6,0,0,0,0,0,0,0,0,站内达人视频,,,否
1,2026,6月,冰霸杯,2026年1月,551110898288,粉蓝CP|是渐变的满分浪漫！,2026-01-23 20:10:00,792880543164,139186095,0,0,0,0,2,6,0,0,0,0,0,0,0,0,种草短视频,车载,,否
1,2026,6月,#N/A,2026年1月,551121078136,闪到心颤❤这只钛杯也太会了吧！,2026-01-26 18:00:00,996246192610,139186095,0,0,0,0,2,6,0,0,0,0,0,0,0,0,站内达人视频,,,否
1,2026,6月,#N/A,2026年1月,551167865211,新款贴贴| 钛杯闪闪惹人爱！！,2026-01-26 20:00:00,996246192610,139186095,0,0,0,0,2,6,0,0,0,0,0,0,0,0,站内达人视频,,,否
1,2026,6月,#N/A,2026年1月,551308136577,✨星子突击大分享！拿到闪闪马克杯喽~,2026-01-23 15:00:00,996246192610,139186095,0,0,0,0,2,6,0,0,0,0,0,0,0,0,种草短视频,室内其他,是,否
1,2026,6月,#N/A,2026年1月,551781927290,毛绒小鸭杯，一下戳中颜值党的心~,2026-01-29 14:00:00,1011780510692,139186095,0,0,0,0,2,6,0,0,0,0,0,0,0,0,种草短视频,桌面,是,否
1,2026,6月,#N/A,2026年1月,551843653704,粉蓝CP👉萌杯叠出心动,2026-01-27 20:00:00,1011780510692,139186095,0,0,0,0,2,6,0,0,0,0,0,0,0,0,种草短视频,桌面,是,否
1,2026,6月,#N/A,2026年1月,551930109176,星杯贴贴|这一抹冰川蓝！高颜值又实用👍,2026-01-28 20:00:00,996246192610,139186095,0,0,0,0,2,6,0,0,0,0,0,0,0,0,种草短视频,室内其他,是,否
1,2026,6月,#N/A,2026年1月,551946077873,心心念念的随身保温杯，它来喽❤,2026-01-29 18:00:00,1011780510692,139186095,0,0,0,0,2,6,0,0,0,0,0,0,0,0,种草短视频,桌面,是,否
1,2026,6月,#N/A,2026年1月,552028135064,星杯开箱|超大容量冬日杯来喽😊,2026-01-30 18:00:00,996246192610,139186095,0,0,0,0,2,6,0,0,0,0,0,0,0,0,往期视频,,,否
1,2026,6月,#N/A,2026年1月,552087028082,星杯开箱|爆闪的OOTD单品，被我GET啦(‾◡◝),2026-01-28 18:00:00,996246192610,139186095,0,0,0,0,2,6,0,0,0,0,0,0,0,0,种草短视频,室内其他,是,否
1,2026,6月,#N/A,2026年1月,552106528674,冬日随行杯？美貌和保温我都要！,2026-01-29 20:36:00,1011780510692,139186095,0,0,0,0,2,6,0,0,0,0,0,0,0,0,种草短视频,桌面,是,否
1,2026,6月,#N/A,2026年1月,552165043300,新年星礼| 快看！是幸运小马杯🐎,2026-01-31 18:00:00,1005577399912,139186095,0,0,0,0,2,6,0,0,0,0,0,0,0,0,种草短视频,桌面,是,否
1,2026,6月,#N/A,2026年2月,552169019468,被这个大容量橙杯杯圈粉了！🍊,2026-02-01 20:00:00,1005577399912,139186095,0,0,0,0,2,6,0,0,0,0,0,0,0,0,站内达人视频,,,否
1,2026,6月,#N/A,2026年1月,552194029175,被我发现啦！年度实用钛杯~,2026-01-30 20:00:00,996246192610,139186095,0,0,0,0,2,6,0,0,0,0,0,0,0,0,站内达人视频,,,否
1,2026,6月,#N/A,2026年1月,552288622322,嘀嘀嘀！！新年心意好礼，我有思路啦🤔,2026-01-31 20:00:00,1006203042206,139186095,0,0,0,0,2,6,0,0,0,0,0,0,0,0,种草短视频,室内其他,是,否
1,2026,6月,#N/A,2026年2月,552493500564,星杯贴贴|发现一只好靓的小马杯！！,2026-02-01 18:00:00,1005577399912,139186095,0,0,0,0,2,6,0,0,0,0,0,0,0,0,站内达人视频,,,否
1,2026,6月,#N/A,2026年2月,552497576833,星杯开箱|敲可爱的小马福袋杯来喽~,2026-02-02 20:00:00,1006203042206,139186095,0,0,0,0,2,6,0,0,0,0,0,0,0,0,站内达人视频,,,否
1,2026,6月,#N/A,2026年2月,552498463652,星杯亮相|满满糖果元素，直戳中我心❤,2026-02-03 20:00:00,1011780510692,139186095,0,0,0,0,2,6,0,0,0,0,0,0,0,0,种草短视频,桌面,是,否
1,2026,6月,#N/A,2026年2月,552499931722,星动马克杯，甜度MAX~~,2026-02-03 18:00:00,1011780510692,139186095,0,0,0,0,2,6,0,0,0,0,0,0,0,0,种草短视频,桌面,是,否
1,2026,6月,不锈钢吸管杯,2026年2月,552765475653,新年星杯| 超超超靓的吸管杯，速来GET~,2026-02-05 20:00:00,818748783317,139186095,0,0,0,0,2,6,0,0,0,0,0,0,0,0,图文,,,否
1,2026,6月,#N/A,2026年2月,552793738001,新年小橙杯到手，桌上也有小马啦😊,2026-02-04 20:00:00,1005577399912,139186095,0,0,0,0,2,6,0,0,0,0,0,0,0,0,站内达人视频,,,否
1,2026,6月,#N/A,2026年2月,552855287853,星杯贴贴|暖暖小柿杯，祝你心想柿成🌟,2026-02-07 20:00:00,1006203042206,139186095,0,0,0,0,2,6,0,0,0,0,0,0,0,0,种草短视频,桌面,是,否
1,2026,6月,#N/A,2026年2月,552888826092,星杯贴贴|冬日出行，带上这只闪闪杯☺️,2026-02-05 18:00:00,1005577399912,139186095,0,0,0,0,2,6,0,0,1,1,0.166666666666667,0.5,0,0,种草短视频,桌面,是,否
1,2026,6月,#N/A,2026年2月,553001384787,星杯开箱|这只小橙杯，靓到我心尖尖上~,2026-02-04 18:00:00,1005577399912,139186095,0,0,0,0,2,6,0,0,0,0,0,0,0,0,站内达人视频,,,否
1,2026,6月,#N/A,2026年2月,553024829843,噔噔噔~幸运马蹄杯带来一年好运✌,2026-02-06 18:00:00,1005577399912,139186095,0,0,0,0,2,6,0,0,0,0,0,0,0,0,种草短视频,桌面,是,否
1,2026,6月,#N/A,2026年2月,553026477335,胡萝卜吸管杯🥕为冬天加一点可爱,2026-02-06 20:00:00,1005577399912,139186095,0,0,0,0,2,6,0,0,0,0,0,0,0,0,种草短视频,桌面,是,否
1,2026,6月,#N/A,2026年2月,553190804060,小马桌面杯GET，今日快乐值UPUP！！,2026-02-07 18:00:00,1005577399912,139186095,0,0,0,0,2,6,0,0,0,0,0,0,0,0,种草短视频,桌面,是,否
1,2026,6月,冰霸杯,2026年2月,553199880259,粉蓝CP❤就要和你成为喝水好搭子~,2026-02-08 18:00:00,919010228354,139186095,0,0,0,0,2,7,0,0,0,0,0,0,0,0,图文,,,否
1,2026,6月,#N/A,2026年2月,553210472671,新春温暖时刻，我选🍊小橙杯,2026-02-08 20:00:00,1005577399912,139186095,0,0,0,0,2,6,0,0,0,0,0,0,0,0,站内达人视频,,,否
1,2026,6月,#N/A,2026年2月,553211000879,马年星杯|我的冬日下午茶搭子，你好呀~,2026-02-09 18:00:00,1005577399912,139186095,0,0,0,0,2,6,0,0,0,0,0,0,0,0,站内达人视频,,,否
1,2026,6月,#N/A,2026年2月,553212168436,星动小马杯|可以握在手里的好运✌,2026-02-09 20:00:00,1005577399912,139186095,0,0,0,0,2,6,0,0,0,0,0,0,0,0,站内达人视频,,,否
1,2026,6月,冰霸杯,2026年2月,553283927490,粉蓝CP|一杯温柔心意❤,2026-02-10 18:00:00,792880543164,139186095,0,0,0,0,2,6,0,0,0,0,0,0,0,0,图文,,,否
1,2026,6月,#N/A,2026年2月,553288851393,新年星杯|超靓细闪+超大容量👉妥妥冬日好搭子,2026-02-12 18:00:00,996246192610,139186095,0,0,0,0,2,6,0,0,0,0,0,0,0,0,站内达人视频,,,否
1,2026,6月,#N/A,2026年2月,553306323326,星杯分享|我的冬日高颜值杯杯，已上线！！,2026-02-13 20:00:00,996246192610,139186095,0,0,0,0,2,6,0,0,0,0,0,0,0,0,站内达人视频,,,否
1,2026,6月,#N/A,2026年2月,553308863210,福袋小马杯|噢莫！发现了新年送礼新思路🎁,2026-02-14 20:00:00,1006203042206,139186095,0,0,0,0,2,6,0,0,0,0,0,0,0,0,站内达人视频,,,否
1,2026,6月,冰霸杯,2026年2月,553313579047,星杯贴贴|带上冰霸杯，出门运动去~,2026-02-15 20:00:00,792880543164,139186095,0,0,0,0,2,6,0,0,0,0,0,0,0,0,图文,,,否
1,2026,6月,冰霸杯,2026年2月,553377483686,粉蓝冰霸杯|运动搭子上线噜~,2026-02-17 20:00:00,792880543164,139186095,0,0,0,0,2,6,0,0,0,0,0,0,0,0,图文,,,否
1,2026,6月,冰霸杯,2026年2月,553388683132,粉蓝CP|新年给TA的第一份礼物，我有思路啦！❤,2026-02-20 18:00:00,792880543164,139186095,0,0,0,0,2,6,0,0,0,0,0,0,0,0,图文,,,否
1,2026,6月,不锈钢吸管杯,2026年2月,553398163706,喝水喝出极光感！这猫眼杯是懂拿捏的✨,2026-02-20 20:00:00,818748783317,139186095,0,0,0,0,2,6,0,0,0,0,0,0,0,0,站内达人视频,,,否
1,2026,6月,#N/A,2026年2月,553410174263,星杯分享|被可爱小马硬控啦~,2026-02-10 20:00:00,1005577399912,139186095,0,0,0,0,2,7,0,0,0,0,0,0,0,0,站内达人视频,,,否
1,2026,6月,#N/A,2026年2月,553412918770,星杯开箱|blingbling的杯杯，闪耀整个冬日！！,2026-02-11 20:00:00,996246192610,139186095,0,0,0,0,2,6,0,0,0,0,0,0,0,0,站内达人视频,,,否
1,2026,6月,#N/A,2026年2月,553458513488,新年星运|小马杯带你接好运啦🎉,2026-02-11 20:00:00,1006203042206,139186095,0,0,0,0,2,7,0,0,0,0,0,0,0,0,往期视频,,,否
1,2026,6月,冰霸杯,2026年2月,553478897269,我的车行好伴侣👍晶粉吨吨杯,2026-02-13 18:00:00,792880543164,139186095,0,0,0,0,2,6,0,0,0,0,0,0,0,0,图文,,,否
1,2026,6月,#N/A,2026年2月,553505678436,马年星杯|叮 小马来送福！,2026-02-18 18:00:00,1005577399912,139186095,0,0,0,0,2,6,0,0,0,0,0,0,0,0,站内达人视频,,,否
1,2026,6月,#N/A,2026年2月,553513677532,星杯来袭|可爱小马杯，带你跨进新年🎉,2026-02-16 20:00:00,1005577399912,139186095,0,0,0,0,2,6,0,0,0,0,0,0,0,0,站内达人视频,,,否
1,2026,6月,#N/A,2026年2月,553515061669,星杯分享|冬日好搭子来喽！！,2026-02-17 18:00:00,1005577399912,139186095,0,0,0,0,2,6,0,0,0,0,0,0,0,0,站内达人视频,,,否
1,2026,6月,冰霸杯,2026年2月,553525922498,比心动更先到来的，是这一只吨吨杯！,2026-02-21 20:00:00,792880543164,139186095,0,0,0,0,2,6,0,0,0,0,0,0,0,0,站内达人视频,,,否
1,2026,6月,不锈钢吸管杯,2026年2月,553549818473,星杯贴贴|年度超靓杯杯就是你！！,2026-02-23 18:00:00,818748783317,139186095,0,0,0,0,2,6,0,0,0,0,0,0,0,0,站内达人视频,,,否
1,2026,6月,#N/A,2026年2月,553599709416,福袋小马杯|这一杯，可爱超标！！！,2026-02-24 20:00:00,1006203042206,139186095,0,0,0,0,2,6,0,0,0,0,0,0,0,0,往期视频,,,否
1,2026,6月,#N/A,2026年2月,553641572545,硬控颜值党的吨吨杯+1,2026-02-12 20:00:00,1005577399912,139186095,0,0,0,0,2,6,0,0,0,0,0,0,0,0,站内达人视频,,,否
1,2026,6月,冰霸杯,2026年2月,553650328142,星杯推荐|健身房框框练，有TA陪伴更高效💪,2026-02-15 18:00:00,792880543164,139186095,0,0,0,0,2,6,0,0,0,0,0,0,0,0,图文,,,否
1,2026,6月,#N/A,2026年2月,553677900314,星杯分享|一抹活力橙🍊带你开启新年快乐时刻！,2026-02-16 20:20:00,1005577399912,139186095,0,0,0,0,2,6,0,0,0,0,0,0,0,0,站内达人视频,,,否
1,2026,6月,#N/A,2026年2月,553721640477,新年开运符🧧是这杯“马上有福”给的！,2026-02-18 20:00:00,1005577399912,139186095,0,0,0,0,2,6,0,0,0,0,0,0,0,0,往期视频,,,否
1,2026,6月,#N/A,2026年2月,553723404459,✨新年出行装备+1！“元气吨吨杯”,2026-02-19 18:00:00,1005577399912,139186095,0,0,0,0,2,6,0,0,0,0,0,0,0,0,站内达人视频,,,否
1,2026,6月,#N/A,2026年2月,553724844069,骏跃星程🆕优雅与质感的双向奔赴,2026-02-19 20:00:00,1005577399912,139186095,0,0,0,0,2,6,0,0,0,0,0,0,0,0,站内达人视频,,,否
1,2026,6月,#N/A,2026年2月,553738704438,马上快乐🆕小马带着福运赶来啦,2026-02-21 18:00:00,1006203042206,139186095,0,0,0,0,2,6,0,0,0,0,0,0,0,0,站内达人视频,,,否
1,2026,6月,#N/A,2026年2月,553761380501,星杯贴贴|一下子就被小马杯萌到啦！！,2026-02-22 18:00:00,1006203042206,139186095,0,0,0,0,2,6,0,0,0,0,0,0,0,0,站内达人视频,,,否
1,2026,6月,暮樱翩翩,2026年2月,554157463929,星杯来袭|这一杯，勾起春日心动~,2026-02-24 15:12:48,1022161108857,139186095,0,0,0,0,2,6,0,0,0,0,0,0,0,0,AI短视频,,是,否
1,2026,6月,暮樱翩翩,2026年2月,554278867293,星杯贴贴|温柔又精致的樱花杯来喽~,2026-02-26 13:00:00,1022161108857,139186095,0,0,0,0,2,6,0,0,0,0,0,0,0,0,种草短视频,桌面,是,否
1,2026,6月,暮樱翩翩,2026年4月,554284454050,星巴克杯子暮樱翩翩系列双饮口不锈钢保温杯玻璃吸管杯陶瓷马克杯,2026-04-18 07:46:32,1022161108857,139186095,0,0,0,0,2,3,0,0,0,0,0,0,0,0,往期视频,,,否
1,2026,6月,暮樱翩翩,2026年2月,554293850294,掌心的樱花杯，解锁春日浪漫~,2026-02-25 20:00:00,1022161108857,139186095,0,0,0,0,2,6,0,0,0,0,0,0,0,0,种草短视频,桌面,是,否
1,2026,6月,暮樱翩翩,2026年2月,554344357436,暮樱翩翩星杯|邀你漫步樱花之夜,2026-02-24 15:22:15,1022161108857,139186095,0,0,0,0,2,6,0,0,0,0,0,0,0,0,图文,,,否
1,2026,6月,暮樱翩翩,2026年2月,554414878323,星杯来袭|春天的这一杯，有点甜❤,2026-02-27 16:00:00,1022161108857,139186095,0,0,0,0,2,6,0,0,0,0,0,0,0,0,AI短视频,,是,否
1,2026,6月,暮樱翩翩,2026年2月,554562569066,星杯来袭|冰透粉杯，这个春天太满足！,2026-02-27 18:00:00,1022161108857,139186095,0,0,0,0,2,6,0,0,0,0,0,0,0,0,AI短视频,,是,否
1,2026,6月,暮樱翩翩,2026年2月,554641374414,抓到一只靓杯！！春日心动+1,2026-02-28 18:00:00,1022161108857,139186095,0,0,0,0,2,6,0,0,0,0,0,0,0,0,种草短视频,桌面,,否
1,2026,6月,#N/A,2026年2月,554642554557,车行好搭子💪大容量星杯来噜！,2026-02-28 20:00:00,1005577399912,139186095,0,0,0,0,2,6,0,0,0,0,0,0,0,0,种草短视频,车载,是,否
1,2026,6月,暮樱翩翩,2026年2月,554730888654,春樱萌宠|这杯❗掌管春日氛围感的神😇,2026-02-27 20:00:00,1022161108857,139186095,0,0,0,0,2,6,0,0,0,0,0,0,0,0,种草短视频,桌面,是,否
1,2026,6月,暮樱翩翩,2026年3月,554805881852,暮樱翩翩系列|一整杯的春日浪漫！,2026-03-01 17:00:00,1022161108857,139186095,0,0,0,0,2,6,0,0,0,0,0,0,0,0,图文,,,否
1,2026,6月,暮樱翩翩,2026年3月,554806693439,噢莫！春天被塞进杯子里啦😮,2026-03-01 20:00:00,1022161108857,139186095,0,0,0,0,2,7,0,0,0,0,0,0,0,0,图文,,,否
1,2026,6月,#N/A,2026年3月,554808013514,绒绒小马杯|是可以随身携带的温暖❤,2026-03-02 17:00:00,1006203042206,139186095,0,0,0,0,2,7,0,0,0,0,0,0,0,0,种草短视频,桌面,,否
1,2026,6月,#N/A,2026年3月,554808373700,吨吨吨💦小马杯送来新春福运,2026-03-02 20:00:00,1006203042206,139186095,0,0,0,0,2,7,0,0,0,0,0,0,0,0,种草短视频,桌面,,否
1,2026,6月,暮樱翩翩,2026年3月,554827171509,樱花起舞啦💫马克杯+保温杯全都有,2026-03-03 20:00:00,1022161108857,139186095,0,0,0,0,2,6,0,0,0,0,0,0,0,0,种草短视频,室内其他,是,否
1,2026,6月,#N/A,2026年3月,555098690277,毛茸茸小马杯，解锁春游快乐时刻！,2026-03-04 20:00:00,1006203042206,139186095,0,0,0,0,2,6,0,0,0,0,0,0,0,0,种草短视频,户外,是,否
1,2026,6月,万花玫境,2026年3月,555224647111,自带小包包的靓杯！被这只花花杯硬控啦😃,2026-03-06 20:00:00,1020511554543,139186095,0,0,0,0,2,6,0,0,0,0,0,0,0,0,种草短视频,桌面,是,否
1,2026,6月,多肉花园,2026年3月,555225027273,星杯分享|这只随行杯，超超超实用！,2026-03-06 18:00:00,794743133653,139186095,0,0,0,0,2,6,0,0,0,0,0,0,0,0,直播剪辑,,,否
1,2026,6月,#N/A,2026年3月,555322436270,星杯贴贴|你的随行好搭子已上线！,2026-03-04 16:00:00,768487709253,139186095,0,0,0,0,2,6,0,0,0,0,0,0,0,0,直播剪辑,,,否
1,2026,6月,万花玫境,2026年3月,555327567523,玫瑰浮雕杯|解锁精致下午茶☕,2026-03-09 18:00:00,1020511554543,139186095,0,0,0,0,2,7,0,0,1,1,0.142857142857143,0.5,0,0,直播剪辑,,,否
1,2026,6月,#N/A,2026年3月,555339908119,星杯贴贴|小葫芦里满满是快乐！！,2026-03-05 18:00:00,1006203042206,139186095,0,0,0,0,2,6,0,0,0,0,0,0,0,0,种草短视频,桌面,是,否
1,2026,6月,万花玫境,2026年3月,555520233258,浮雕马克杯|来一杯春日下午茶,2026-03-08 20:00:00,1020511554543,139186095,0,0,0,0,2,6,0,0,0,0,0,0,0,0,种草短视频,桌面,是,否
1,2026,6月,万花玫境,2026年3月,555681036840,万花玫境系列 |杯子里有座温柔花园🌹,2026-03-07 20:00:00,1020511554543,139186095,0,0,0,0,2,6,0,0,0,0,0,0,0,0,图文,,,否
1,2026,6月,暮樱翩翩,2026年3月,555684344431,早春樱花保温杯|即刻进入浪漫时刻！,2026-03-08 12:00:00,1022161108857,139186095,0,0,0,0,2,6,0,0,0,0,0,0,0,0,直播剪辑,,,否
1,2026,6月,暮樱翩翩,2026年3月,555867922783,大概是我见过最春天的吸管杯❤少女心炸裂,2026-03-10 18:00:00,1022161108857,139186095,0,0,0,0,2,6,0,0,0,0,0,0,0,0,种草短视频,桌面,是,否
1,2026,6月,复古白绿,2026年3月,556003883238,白绿拎拎杯|你的春游搭子已上线！,2026-03-13 19:20:00,1023062168243,139186095,0,0,0,0,2,6,0,0,0,0,0,0,0,0,AI短视频,,是,否
1,2026,6月,复古白绿,2026年3月,556201649922,复古白绿🆕春日松弛感，1秒锁定,2026-03-12 10:00:00,1023062168243,139186095,0,0,0,0,2,6,0,0,0,0,0,0,0,0,AI短视频,,是,否
1,2026,6月,复古白绿,2026年3月,556359762979,复古白绿🆕轻氧户外，提拎随行,2026-03-13 18:00:09,1023062168243,139186095,0,0,0,0,2,6,0,0,0,0,0,0,0,0,图文,,,否
1,2026,6月,冰霸杯,2026年3月,556369506128,超实用星杯来袭|春日美杯+1,2026-03-15 16:00:00,919010228354,139186095,0,0,0,0,2,7,0,0,2,1,0.285714285714286,0.5,0,0,站内达人视频,,,否
1,2026,6月,冰霸杯,2026年3月,556372238404,春日冰霸杯|软乎乎天使蓝~陪你一整个春天,2026-03-16 20:00:00,792880543164,139186095,0,0,0,0,2,7,0,0,0,0,0,0,0,0,站内达人视频,,,否
1,2026,6月,咖啡宝藏,2026年3月,556435457248,把高级感放在桌上✨TA是我的咖啡搭子,2026-03-16 12:00:00,750932511412,139186095,0,0,0,0,2,7,0,0,0,0,0,0,0,0,直播剪辑,,,否
1,2026,6月,#N/A,2026年3月,556567107934,星杯贴贴||活力小马杯！开启春日新好运,2026-03-17 18:00:00,1005577399912,139186095,0,0,0,0,2,6,0,0,0,0,0,0,0,0,站内达人视频,,,否
1,2026,6月,不锈钢吸管杯,2026年3月,556605076163,星动猫眼杯|超绝光泽+吨吨畅饮，一杯大满足！,2026-03-15 18:00:00,818748783317,139186095,0,0,0,0,2,7,0,0,0,0,0,0,0,0,站内达人视频,,,否
1,2026,6月,#N/A,2026年3月,556714326181,幸运小马杯|超实用桌面，伴你一整年的好运~,2026-03-18 20:00:00,1005577399912,139186095,0,0,0,0,2,6,0,0,0,0,0,0,0,0,站内达人视频,,,否
1,2026,6月,#N/A,2026年3月,556795385426,小马探头！你的福袋正在派送中～🎁,2026-03-20 20:00:00,1006203042206,139186095,0,0,0,0,2,6,0,0,0,0,0,0,0,0,站内达人视频,,,否
1,2026,6月,#N/A,2026年3月,556951064112,星杯开箱|超实用马克杯，靓到我心尖尖上~,2026-03-17 20:00:00,1005577399912,139186095,0,0,0,0,2,6,0,0,0,0,0,0,0,0,站内达人视频,,,否
1,2026,6月,万花玫境,2026年3月,556956628775,精致一杯|春日的花花，也能开在桌面呀~,2026-03-19 16:00:00,1020511554543,139186095,0,0,0,0,2,7,0,0,0,0,0,0,0,0,图文,,,否
1,2026,6月,万花玫境,2026年3月,556958056742,一眼心动！春日玫瑰杯美到舍不得用❤,2026-03-19 20:00:00,1020511554543,139186095,0,0,0,0,2,8,0,0,0,0,0,0,0,0,图文,,,否
1,2026,6月,不锈钢吸管杯,2026年3月,556960084725,酷炫猫眼杯|能喝又有氛围感的杯杯，TA来啦！！,2026-03-20 16:00:00,818748783317,139186095,0,0,0,0,2,6,0,0,0,0,0,0,0,0,站内达人视频,,,否
1,2026,6月,薄荷绿系列,2026年3月,557233668679,☁️ 小熊云朵杯！把甜梦和好运一起喝掉,2026-03-21 18:00:00,792978475194,139186095,0,0,0,0,2,6,0,0,0,0,0,0,0,0,直播剪辑,,,否
1,2026,6月,#N/A,2026年3月,557241524491,春日好运加载中！被多彩玻璃杯戳中心巴啦～🍅,2026-03-22 20:00:00,696749690445,139186095,0,0,0,0,2,7,0,0,0,0,0,0,0,0,直播剪辑,,,否
1,2026,6月,暮樱翩翩,2026年3月,557543987044,💗500ml刚刚好，装下少女心也塞得进包包,2026-03-25 20:00:00,1022161108857,139186095,0,0,0,0,2,6,0,0,0,0,0,0,0,0,站内达人视频,,,否
1,2026,6月,暮樱翩翩,2026年3月,557677238595,樱花悄悄飘进吸管杯，明媚一整个春天,2026-03-24 20:00:00,1022161108857,139186095,0,0,0,0,2,6,0,0,0,0,0,0,0,0,站内达人视频,,,否
1,2026,6月,#N/A,2026年3月,557682626600,春序纹样系列👉春日咖饮好搭子上线！,2026-03-25 12:00:00,,139186095,0,0,0,0,2,6,0,0,0,0,0,0,0,0,图文,,,否
1,2026,6月,万花玫境,2026年3月,557685770899,🌸把春天装进保温杯，通勤路上开满玫瑰,2026-03-26 20:00:00,1020511554543,139186095,0,0,0,0,2,7,0,0,0,0,0,0,0,0,站内达人视频,,,否
1,2026,6月,暮樱翩翩,2026年3月,557745217496,暮樱翩翩系列🌸圆圆马克杯美到我心里,2026-03-24 18:00:00,1022161108857,139186095,0,0,0,0,2,6,0,0,0,0,0,0,0,0,站内达人视频,,,否
1,2026,6月,复古白绿,2026年3月,557833527017,春日氛围感神器｜470ml吸管杯刚刚好,2026-03-28 18:00:00,1023062168243,139186095,0,0,0,0,2,6,0,0,0,0,0,0,0,0,种草短视频,桌面,是,否
1,2026,6月,万花玫境,2026年3月,557979262851,星杯贴贴|680ml装下玫瑰花园🌹,2026-03-29 18:00:00,1020511554543,139186095,0,0,0,0,2,6,0,0,0,0,0,0,0,0,种草短视频,桌面,是,否
1,2026,6月,万花玫境,2026年4月,557981563024,万花玫境保温杯|美到我想住在春天,2026-04-02 18:00:00,1020511554543,139186095,0,0,0,0,2,8,0,0,0,0,0,0,0,0,站内达人视频,,,否
1,2026,6月,春序纹样,2026年3月,557982110128,星杯来袭|是让人心动的春序纹样杯杯！！,2026-03-30 12:00:00,1021387954591,139186095,0,0,0,0,2,9,0,0,0,0,0,0,0,0,图文,,,否
1,2026,6月,万花玫境,2026年3月,558049481395,小粉杯被我带走啦！400ml揣进包刚刚好🌷,2026-03-30 16:00:00,1020511554543,139186095,0,0,0,0,2,8,0,0,0,0,0,0,0,0,种草短视频,桌面,是,否
1,2026,6月,春序纹样,2026年4月,558121314737,颜控集合！春日咖饮搭子+1+1+1💗,2026-04-01 20:00:00,1021387954591,139186095,0,0,0,0,2,8,0,0,0,0,0,0,0,0,图文,,,否
1,2026,6月,复古白绿,2026年3月,558180001933,星杯贴贴| 高颜值随行杯+1👍,2026-03-31 18:00:00,1023062168243,139186095,0,0,0,0,2,7,0,0,0,0,0,0,0,0,种草短视频,户外,是,否
1,2026,6月,春序纹样,2026年4月,559058625978,春序纹样系列|把春天捧在手里✨,2026-04-03 18:00:00,1021387954591,139186095,0,0,0,0,2,6,0,0,0,0,0,0,0,0,AI短视频,,是,否
1,2026,6月,冰霸杯,2026年4月,559310981874,星杯贴贴|超实用冰霸杯，我抓到你啦！,2026-04-05 18:00:00,919010228354,139186095,0,0,0,0,2,6,0,0,0,0,0,0,0,0,直播剪辑,,,否
1,2026,6月,0,2026年5月,563583918451,星巴克杯子只此青绿系列质感保温杯马克杯不锈钢桌面杯,2026-05-07 10:20:38,1047515529213,139186095,0,0,0,0,2,4,0,0,0,0,0,0,0,0,往期视频,,,否
1,2026,6月,#N/A,2026年6月,570112205082,星巴克爪爪天地系列吸管塞盲盒,2026-06-21 11:26:56,1046595371057,139186095,0,0,0,0,2,2,0,0,0,0,0,0,0,0,往期视频,,,否
1,2026,6月,冰霸杯,2026年1月,549174375285,渐变粉冰霸杯⭐冬天增加一点可爱,2026-01-10 20:00:00,792880543164,139186095,10,0,0,0,1,4,0,0,0,0,0,0,0,0,种草短视频,室内其他,是,否
1,2026,6月,冰霸杯,2025年9月,533392462177,秋意系列|‼️一杯就能温柔暖阳揣身上啦☀,2025-09-09 21:00:06,919010228354,139186095,3,0,0,0,1,2,0,0,1,1,0.5,1,0,0,往期视频,,,否
1,2026,6月,多链接,2023年6月,416290873104,夏天想买一款吸管杯的真的别错过,2023-06-24 06:00:00,"627415956439,696749690445",139186095,2,0,0,0,1,1,0,0,1,1,1,1,1,1,往期视频,,,否
1,2026,6月,樱花粉,2022年10月,382782314272,"【双11预售 | 樱花粉保温杯7折】
粉色是少女心的证据
淡淡樱花粉系列
颜值让人心动十足呀
/
双",2022-10-22 18:00:00,624222128461,139186095,1,0,0,0,1,1,0,0,0,0,0,0,2,1,往期视频,,,否
1,2026,6月,多链接,2025年1月,503290760110,星巴克墨水系列上新，pick你的新年搭子,2025-01-10 12:15:29,"874047718057,642170058962,627416100233,865663673191,869275512238,839571154549",139186095,1,0,0,0,1,1,0,0,0,0,0,0,0,0,往期视频,,,否
1,2026,6月,#N/A,2025年9月,535456722265,是淡人姐妹爱用的拎拎杯没戳啦🥳,2025-09-28 21:00:00,923450300919,139186095,1,0,0,0,1,2,0,0,0,0,0,0,0,0,往期视频,,,否
1,2026,6月,冰霸杯,2025年9月,535459182352,是TA了！天天占据你的桌面C位,2025-09-28 18:00:00,919010228354,139186095,1,0,0,0,1,2,0,0,0,0,0,0,0,0,往期视频,,,否
1,2026,6月,冰霸杯,2025年9月,535481534153,这一波桌面提前入秋了有木有😁,2025-09-29 18:00:00,919010228354,139186095,1,0,0,0,1,2,0,0,0,0,0,0,0,0,往期视频,,,否
1,2026,6月,冰霸杯,2025年10月,537098330035,好物开箱|收到日常的梦中情杯噜🌟,2025-10-11 21:00:00,919010228354,139186095,1,0,0,0,1,2,0,0,0,0,0,0,0,0,往期视频,,,否
1,2026,6月,#N/A,2025年10月,537310348341,🆕|收集到来自大海的温柔🌊,2025-10-12 21:00:00,971414259492,139186095,1,0,0,0,1,2,0,0,0,0,0,0,0,0,往期视频,,,否
1,2026,6月,#N/A,2025年11月,540692839421,阔爱随行杯，每天出门上班心情都因Ta变好咯,2025-11-06 18:00:00,975069063377,139186095,1,0,1,0,1,2,0,0,0,0,0,0,0,0,往期视频,,,否
1,2026,6月,#N/A,2025年11月,542094131632,🏠捧在手心里的小屋，被治愈到了！,2025-11-16 18:00:00,983587971224,139186095,1,0,0,0,1,3,0,0,0,0,0,0,0,0,站内达人视频,,,否
1,2026,6月,#N/A,2025年11月,542187546213,🎀不会吧！这杯子自带表白功能？,2025-11-15 21:00:00,983587971224,139186095,1,0,0,0,1,3,0,0,0,0,0,0,0,0,往期视频,,,否
1,2026,6月,#N/A,2025年12月,544629359394,心动部落格|复古系吸管杯，GET~,2025-12-07 21:00:00,983587971224,139186095,1,0,0,0,1,3,0,0,1,1,0.333333333333333,1,0,0,图文,,,否
1,2026,6月,#N/A,2025年12月,544876816040,心动部落格|下午茶时间到~,2025-12-07 18:00:00,983587971224,139186095,1,0,0,0,1,3,0,0,1,1,0.333333333333333,1,0,0,往期视频,,,否
1,2026,6月,#N/A,2026年1月,549475680379,星杯来袭|保温杯CP，守护每一口热饮☕︎,2026-01-10 18:00:00,1005577399912,139186095,1,0,0,0,1,4,0,0,0,0,0,0,0,0,图文,,,否
1,2026,6月,多链接,2023年6月,415911584156,你最好不要像在韦斯安德森的电影里一样喝水,2023-06-23 14:22:34,"682088679230,627415956439,681473901778",139186095,1,0,0,0,1,1,0,0,0,0,0,0,0,0,往期视频,,,否
1,2026,6月,多链接,2023年6月,416525017745,星巴克玻璃吸管杯合集,2023-06-25 14:26:23,"696749690445,684474821708,682088671211,656356899156,627415956439,593731938196",139186095,1,0,0,0,1,1,0,0,0,0,0,0,0,0,往期视频,,,否
1,2026,6月,#N/A,2025年12月,545485088322,心动保温杯|💖温暖出击！这个冬天被它承包了！,2025-12-13 14:00:00,983587971224,139186095,0,0,0,0,1,4,0,0,2,1,0.5,1,1,1,种草短视频,桌面,是,否
1,2026,6月,#N/A,2026年1月,548186699183,星杯贴贴|令人心动的车载杯杯+1！,2026-01-02 20:20:00,996246192610,139186095,0,0,0,0,1,5,0,0,3,1,0.6,1,1,1,种草短视频,车载,,否
1,2026,6月,多链接,2025年2月,505063576602,dbq，这款胶囊水獭杯实在是萌薯俺啦！,2025-02-02 12:05:00,"877351301580,844791620623,877078306528,874047718057,839177327998,819194884736",139186095,0,0,0,0,1,1,0,0,0,0,0,0,0,0,往期视频,,,否
1,2026,6月,多链接,2025年2月,505071592514,黑白经典搭配 就是简约+高级！,2025-02-01 15:06:00,"819194884736,818748783317,847937239873,856162521809,787157134735,750421994083",139186095,0,0,0,0,1,1,0,0,0,0,0,0,0,0,往期视频,,,否
1,2026,6月,多链接,2025年2月,506454693646,蓝色控必buy单品，我的梦幻baby蓝！,2025-02-10 16:33:07,"792880543164,787157134735,768487709253,818748783317,847937239873,792978475194",139186095,0,0,0,0,1,1,0,0,0,0,0,0,0,0,往期视频,,,否
1,2026,6月,多链接,2025年1月,503305729547,客官留步！爆款墨水系列三角杯来啦！🌟,2025-01-10 14:11:42,"874047718057,696749690445,792978475194,797008463750,818748783317,682088671211",139186095,0,0,0,0,1,1,0,0,0,0,0,0,0,0,往期视频,,,否
1,2026,6月,多链接,2025年1月,503340017357,翻包vlog，密封性超好得宝藏咖啡杯！,2025-01-12 11:02:00,"750932511412,797115438925,874047718057,858198410140,856162521809,865663673191",139186095,0,0,0,0,1,1,0,0,0,0,0,0,0,0,往期视频,,,否
1,2026,6月,多链接,2025年1月,503879453372,入冬的仪式感，鎏金杯给你装满~,2025-01-15 10:03:00,"858198410140,864705538189,856162521809,874047718057,869275512238,628335395083",139186095,0,0,0,0,1,1,0,0,0,0,0,0,0,0,往期视频,,,否
1,2026,6月,多链接,2025年1月,504038302316,是被同事夸爆了的矮袋鼠马克杯呀~~,2025-01-15 11:04:00,"839177327998,819081853597,869275512238,839571262486,642170046560,655140008824",139186095,0,0,0,0,1,1,0,0,0,0,0,0,0,0,往期视频,,,否
1,2026,6月,多链接,2025年1月,505003410332,海浪造型杯身，爱心与咖啡豆奔涌而来~,2025-01-24 14:00:00,"877351301580,844791620623,874047718057,877078306528,847250101854",139186095,0,0,0,0,1,1,0,0,0,0,0,0,0,0,往期视频,,,否
1,2026,6月,多链接,2025年11月,540188402846,duangduang阔爱布丁杯🍮,2025-11-02 21:00:00,"979601890501,979072431459,975069063377",139186095,0,0,0,0,1,2,0,0,0,0,0,0,0,0,往期视频,,,否
1,2026,6月,多链接,2025年11月,541853453191,建议星子开甜品店！这设计太会了🍞,2025-11-12 18:00:00,"975069063377,979072431459,979601890501",139186095,0,0,0,0,1,2,0,0,0,0,0,0,0,0,种草短视频,桌面,,否
1,2026,6月,多链接,2025年10月,537077641451,小熊甜品屋🧀秋日温暖营业中,2025-10-15 21:00:00,"979072431459,979601890501,975069063377",139186095,0,0,0,0,1,2,0,0,0,0,0,0,0,0,往期视频,,,否
1,2026,6月,多链接,2024年6月,467186849759,618 | 终于找到实用的健身杯啦,2024-06-13 10:05:22,"793039481137,790237182432,792880543164,783054778948,750421994083,797269336603",139186095,0,0,0,0,1,1,0,0,0,0,0,0,0,0,往期视频,,,否
1,2026,6月,多链接,2024年6月,467261675490,618 | 拜托，它有蝴蝶结诶,2024-06-11 11:08:17,"792978475194,696749690445",139186095,0,0,0,0,1,1,0,0,0,0,0,0,0,0,往期视频,,,否
1,2026,6月,多链接,2024年12月,497031054434,冬日手心里的好伙伴，一杯保温又美貌,2024-12-04 14:48:20,"624222128461,814954480765,857809978152",139186095,0,0,0,0,1,1,0,0,0,0,0,0,0,0,往期视频,,,否
1,2026,6月,多链接,2024年12月,498828591451,打工暂停！来看我的办公马克杯,2024-12-13 12:00:21,"858198410140,856162521809,793157392053,745013247948,718570840547,628335395083",139186095,0,0,0,0,1,1,0,0,0,0,0,0,0,0,往期视频,,,否
1,2026,6月,多链接,2023年6月,417210115142,你喝水时最好不要像在韦斯·安德森电影里,2023-06-25 13:34:03,"627415956439,641446468144,628335395083,712608458716",139186095,0,0,0,0,1,1,0,0,0,0,0,0,0,0,往期视频,,,否
1,2026,6月,多链接,2023年5月,412511046663,618预售 | 经典的墨绿金系列,2023-05-29 16:55:32,"655107470979,642508647066,654729177845,641446468144,642170046560,641446388668",139186095,0,0,0,0,1,1,0,0,0,0,0,0,0,0,往期视频,,,否
1,2026,6月,多链接,2023年3月,402058746294,"想吃就吃，想喝就喝
带上星杯，选个好天气就出发~",2023-03-19 12:00:00,"681768250770,681474129423,642508607188,685071427781,617119211467,695540888632",139186095,0,0,0,0,1,2,0,0,0,0,0,0,0,0,往期视频,,,否
1,2026,6月,多链接,2023年2月,395372100074,"【为爱加“氛”，小动物也要有仪式感】
🐾
过节啦~
别忘了家里毛孩子呀！
粉色搭配红色
星巴克经典",2023-02-05 17:00:00,"696369687431,692172748351",139186095,0,0,0,0,1,1,0,0,0,0,0,0,0,0,往期视频,,,否
1,2026,6月,多链接,2023年2月,396235130446,"【“极光转运杯”8折】
炫彩心动的女神吸管杯
爆款星杯补货啦！
大容量杯身
吸管饮口不沾口红
整体简",2023-02-05 16:00:00,"696749690445,684474821708,627415956439",139186095,0,0,0,0,1,1,0,0,0,0,0,0,0,0,往期视频,,,否
1,2026,6月,多链接,2023年2月,396647941691,"【为爱加“氛”，全场7折起】
💗
高颜值宠物碗
毛孩子恰饭也要有仪式感哦~
粉嫩嫩的宠物碗
猫脸造",2023-02-10 11:48:46,"692172748351,696369687431",139186095,0,0,0,0,1,1,0,0,0,0,0,0,0,0,往期视频,,,否
1,2026,6月,多链接,2023年2月,398274853751,是杯控更是绿色控,2023-02-22 17:00:28,"656356899156,656356371790,654729177845,642508647066,593731938196,627415956439",139186095,0,0,0,0,1,1,0,0,0,0,0,0,0,0,往期视频,,,否
1,2026,6月,多链接,2023年2月,399196953619,"墨绿经典水杯合集
绿金典雅组合
简约设计搭配简单的品牌logo点缀
无论办公或出行
都十分合适
/
",2023-02-28 17:00:00,"654729177845,655107470979,642508647066,641446468144,642170046560,641446388668",139186095,0,0,0,0,1,1,0,0,0,0,0,0,0,0,往期视频,,,否
1,2026,6月,多链接,2023年1月,396272871575,"【为爱加“氛”，全场星杯7折起】
星小编为大家带来了一些对杯
正好在节日送给重要的TA
/
暖暖保温",2023-01-31 10:26:09,"696940939452,696682918471,593731938196,627415956439,655494735390,627741801328",139186095,0,0,0,0,1,1,0,0,0,0,0,0,0,0,往期视频,,,否
1,2026,6月,多链接,2022年8月,374183995241,"度过一个粉粉嫩嫩的夏天吧
多款粉白系列
适合夏日出行
冰咖啡、自制饮品
用好看的水杯
喝水的频次都增",2022-08-21 12:00:00,"624222312199,624222128461,616610825074,617119211467",139186095,0,0,0,0,1,1,0,0,0,0,0,0,0,0,往期视频,,,否
1,2026,6月,多链接,2022年7月,369063190737,"可做情侣复古对杯使用的马克杯，星巴克经典墨绿色色系，搭配哑光金色铜章，质感有腔调~
starbuck",2022-07-15 20:30:51,"641446468144,642170046560",139186095,0,0,0,0,1,2,0,0,0,0,0,0,0,0,往期视频,,,否
1,2026,6月,墨绿,2022年2月,346322265041,"人气墨绿杯，哑光金色铜章与杯底的金色色块呼应，
经典而深邃的墨绿色，搭配立体竖纹，精致恬静~
春节不",2022-02-05 14:00:00,642508647066,139186095,0,0,0,0,1,1,0,0,0,0,0,0,0,0,往期视频,,,否
1,2026,6月,墨绿,2022年3月,351241304599,"经典starbucks/星巴克女神马克杯
陶瓷材质有质感
磨砂经典墨绿色搭配白色人鱼LOGO
让优雅",2022-03-18 19:00:42,628335395083,139186095,0,0,0,0,1,1,0,0,0,0,0,0,0,0,往期视频,,,否
1,2026,6月,墨绿金,2022年4月,357223659889,"400ml墨绿色女神铭牌玻璃杯
-
磨砂玻璃与光面玻璃搭配
下半部分是棱面的杯身
以墨绿色为基底，哑",2022-04-21 15:00:46,641446468144,139186095,0,0,0,0,1,1,0,0,0,0,0,0,0,0,往期视频,,,否
1,2026,6月,墨绿,2022年6月,362298397652,"适合夏天吨吨吨的大容量吸管杯
💚
神仙单品，爱喝水的宝必备水杯！
大容量，满足日常的补水需求
倒入",2022-06-02 09:35:11,627415956439,139186095,0,0,0,0,1,1,0,0,0,0,0,0,0,0,往期视频,,,否
1,2026,6月,#N/A,2022年6月,366170833687,"可爱虫虫倒立玻璃杯
-
敲有创意的星杯
磨砂玻璃搭配透明杯面
一片叶片造型作杯盖
既美观又实用
给桌",2022-06-28 10:29:52,675697364556,139186095,0,0,0,0,1,1,0,0,0,0,0,0,0,0,往期视频,,,否
1,2026,6月,墨绿金,2022年7月,366895668051,"下午茶水杯优选，和美式绝配
-
经典墨绿金系列玻璃杯
别致设计的马克杯杯身
磨砂玻璃质感
倒入一杯咖",2022-07-07 09:31:47,641446468144,139186095,0,0,0,0,1,1,0,0,0,0,0,0,0,0,往期视频,,,否
1,2026,6月,#N/A,2022年6月,367033207037,"和虫虫一起chill一夏
-
超有创意的一只玻璃杯
双层杯身内壁是一只可爱虫虫形象
正在对你绽放微笑",2022-06-27 10:04:23,675697364556,139186095,0,0,0,0,1,1,0,0,0,0,0,0,0,0,往期视频,,,否
1,2026,6月,墨绿,2022年7月,370199339399,星巴克墨绿金系列星杯，随行杯设计，方便持握，杯盖自带软胶，金属拉丝质感杯身，凸显品质~,2022-07-20 15:34:55,642508607188,139186095,0,0,0,0,1,1,0,0,0,0,0,0,0,0,往期视频,,,否
1,2026,6月,墨绿,2022年7月,371393443174,"星巴克杯子,喝水也要仪式感",2022-07-29 13:24:13,627415956439,139186095,0,0,0,0,1,1,0,0,0,0,0,0,0,0,往期视频,,,否
1,2026,6月,墨绿,2022年11月,387004219179,"和咖啡适配满分的咖啡杯
竖条棱纹彰显设计感
金色哑光铜章
呼应杯底色块
典雅大气
starbucks",2022-11-13 14:00:00,642508647066,139186095,0,0,0,0,1,1,0,0,0,0,0,0,0,0,往期视频,,,否
1,2026,6月,墨绿,2023年2月,397614485958,超经典的星粉马克杯,2023-02-19 17:00:00,628335395083,139186095,0,0,0,0,1,1,0,0,0,0,0,0,0,0,往期视频,,,否
1,2026,6月,墨绿,2023年3月,400527910989,"星巴克杯子,颜值高又实用
Starbucks星巴克官方旗舰店",2023-03-07 14:00:00,628335395083,139186095,0,0,0,0,1,1,0,0,0,0,0,0,0,0,往期视频,,,否
1,2026,6月,墨绿金,2023年3月,400671132861,「春日桌面时髦景」,2023-03-13 18:00:55,641446468144,139186095,0,0,0,0,1,1,0,0,0,0,0,0,0,0,往期视频,,,否
1,2026,6月,樱花粉,2023年6月,415347188782,星巴克16oz樱花粉不锈钢保温杯473m,2023-06-19 16:19:35,624222128461,139186095,0,0,0,0,1,1,0,0,0,0,0,0,0,0,往期视频,,,否
1,2026,6月,墨绿金,2023年6月,416675734474,经典款的魅力！星巴克墨绿色女神铭牌玻璃杯,2023-06-23 18:46:17,641446468144,139186095,0,0,0,0,1,1,0,0,0,0,0,0,0,0,往期视频,,,否
1,2026,6月,樱花粉,2023年6月,416777927643,💕粉粉的，也太夏天了吧,2023-06-22 15:00:00,624222128461,139186095,0,0,0,0,1,1,0,0,0,0,0,0,0,0,往期视频,,,否
1,2026,6月,墨绿金,2023年6月,417030370298,星巴克杯子400ml墨绿色女神铭牌玻璃杯,2023-06-26 17:08:02,641446468144,139186095,0,0,0,0,1,1,0,0,0,0,0,0,0,0,往期视频,,,否
1,2026,6月,经典绿,2023年6月,417521966282,星巴克杯子薄荷绿系列马克杯,2023-06-30 16:25:43,718570840547,139186095,0,0,0,0,1,1,0,0,0,0,0,0,0,0,往期视频,,,否
1,2026,6月,墨绿,2023年9月,428369929466,想看看你们拍的极光杯,2023-09-23 17:00:00,627415956439,139186095,0,0,0,0,1,1,0,0,0,0,0,0,0,0,往期视频,,,否
1,2026,6月,咖啡宝藏,2023年12月,442138452296,典雅，永不过时,2023-12-18 13:30:59,750932511412,139186095,0,0,0,0,1,1,0,0,0,0,0,0,0,0,往期视频,,,否
1,2026,6月,墨绿,2024年1月,445221324923,"星巴克墨绿色保温杯,颜值高又实用
Starbucks星巴克官方旗舰店
星巴克  星巴克杯子星巴克水杯",2024-01-09 11:22:27,642508607188,139186095,0,0,0,0,1,1,0,0,0,0,0,0,0,0,往期视频,,,否
1,2026,6月,樱花粉,2024年4月,455845128385,"星巴克樱花粉保温杯,超可爱的哦
Starbucks星巴克官方旗舰店保温杯好物分享",2024-04-03 10:03:49,624222128461,139186095,0,0,0,0,1,1,0,0,0,0,0,0,0,0,往期视频,,,否
1,2026,6月,活泼率,2024年5月,462509511527,出游季到，相约去打球吧,2024-05-14 11:00:00,783054778948,139186095,0,0,0,0,1,1,0,0,0,0,0,0,0,0,往期视频,,,否
1,2026,6月,冰霸杯,2024年5月,462578996176,送男友，看这条！,2024-05-19 12:00:00,792880543164,139186095,0,0,0,0,1,1,0,0,0,0,0,0,0,0,往期视频,,,否
1,2026,6月,薄荷绿系列,2024年5月,463834438619,618来啦 | 女神们，请就位！,2024-05-23 16:00:00,792978475194,139186095,0,0,0,0,1,1,0,0,0,0,0,0,0,0,往期视频,,,否
1,2026,6月,薄荷绿系列,2024年5月,464204015082,618来啦 | 此刻🌌为你闪耀,2024-05-25 15:00:00,792978475194,139186095,0,0,0,0,1,1,0,0,0,0,0,0,0,0,往期视频,,,否
1,2026,6月,墨绿金,2024年5月,465021140794,"星巴克杯子,墨绿色女神铭牌马克杯
Starbucks星巴克官方旗舰店 
星巴克 星巴克杯子  星巴克",2024-05-31 23:13:23,642170046560,139186095,0,0,0,0,1,1,0,0,0,0,0,0,0,0,往期视频,,,否
1,2026,6月,多肉花园,2024年5月,465092177302,618来啦 | 缤纷多肉世界，邀你一起观,2024-05-31 16:41:37,794743133653,139186095,0,0,0,0,1,1,0,0,0,0,0,0,0,0,往期视频,,,否
1,2026,6月,雾野系列,2024年6月,467370489597,"雾野系列，用这一杯享受中式美学
Starbucks星巴克官方旗舰店 
星巴克 星巴克杯子 这是什么神",2024-06-14 11:38:39,794572511612,139186095,0,0,0,0,1,1,0,0,0,0,0,0,0,0,往期视频,,,否
1,2026,6月,雾野系列,2024年6月,467608154537,"星巴克雾野系列,高颜值水杯
Starbucks星巴克官方旗舰店星巴克 星巴克杯子 ",2024-06-14 10:44:01,794572511612,139186095,0,0,0,0,1,1,0,0,0,0,0,0,0,0,往期视频,,,否
1,2026,6月,0,2026年4月,478685399099,星巴克 21圣诞系列星礼卡 实体储值卡过节送礼礼品卡现金卡,2026-04-28 09:31:19,656267647914,139186095,0,0,0,0,1,1,0,0,0,0,0,0,0,0,往期视频,,,否
1,2026,6月,多肉花园,2024年9月,480209368911,欢迎光临我的治愈系多肉桌面,2024-09-06 14:00:00,794743133653,139186095,0,0,0,0,1,1,0,0,0,0,0,0,0,0,往期视频,,,否
1,2026,6月,多肉花园,2024年9月,483543456216,星巴克多肉花园系列随行杯,2024-09-26 09:00:00,794743133653,139186095,0,0,0,0,1,1,0,0,0,0,0,0,0,0,往期视频,,,否
1,2026,6月,#N/A,2024年9月,483872144269,高颜值星巴克雾野系列提手杯,2024-09-29 09:00:00,793157164657,139186095,0,0,0,0,1,1,0,0,0,0,0,0,0,0,往期视频,,,否
1,2026,6月,多肉花园,2025年1月,502798206620,水杯内卷也太严重！多肉杯好会！,2025-01-06 10:48:20,794743133653,139186095,0,0,0,0,1,1,0,0,0,0,0,0,0,0,往期视频,,,否
1,2026,6月,多链接,2021年7月,319924206412,"星杯太多挑花眼，就先从这两只绝不出错的经典吸管杯开始收藏吧~
清新白绿设计，透明杯身尽显质感。",2021-07-26 11:00:00,"627415956439,593731938196",139186095,0,0,0,0,1,1,0,0,0,0,0,0,0,0,往期视频,,,否
1,2026,6月,多链接,2021年5月,310276588830,"爱在日常，才不寻常
_x000D_今天小星为大家推荐星巴克的粉白系列星杯，夏日沁心造型，或是保温保冷，或是方便持",2021-05-21 09:44:42,"641826401199,624222128461,624222312199,620210143747,616610825074",139186095,0,0,0,0,1,1,0,0,0,0,0,0,0,0,往期视频,,,否
1,2026,6月,多链接,2021年12月,340824080326,桌上少不了这杯迷人墨绿，以深邃绿色为基地，品质哑金色为点缀，倒一杯咖啡都让香醇加倍~starbuck,2021-12-18 09:00:00,"642508647066,654729177845,642170046560,641446468144,641446388668",139186095,0,0,0,0,1,1,0,0,0,0,0,0,0,0,往期视频,,,否
1,2026,6月,不锈钢吸管杯,2025年5月,517215589734,星巴克经典薯条杯限时返场！双盖心机斩获本颜控😉,2025-05-05 09:15:00,818748783317,139186095,0,0,0,0,1,1,0,0,0,0,0,0,0,0,往期视频,,,否
1,2026,6月,#N/A,2025年7月,526942893570,开箱VLOG|颜值党最爱的粉系马克杯♥,2025-07-17 21:00:00,922997661620,139186095,0,0,0,0,1,1,0,0,0,0,0,0,0,0,往期视频,,,否
1,2026,6月,冰霸杯,2025年9月,533357617072,秋意系列| 一起尝尝这杯秋日摩卡~,2025-09-09 18:00:00,919010228354,139186095,0,0,0,0,1,2,0,0,0,0,0,0,0,0,往期视频,,,否
1,2026,6月,#N/A,2025年9月,533652368075,星杯来袭|进入这片浪漫海洋~,2025-09-10 19:00:10,971414259492,139186095,0,0,0,0,1,2,0,0,0,0,0,0,0,0,往期视频,,,否
1,2026,6月,#N/A,2025年9月,533722306243,星杯开箱|我的书桌好伴侣~,2025-09-11 20:30:51,964541009231,139186095,0,0,0,0,1,2,0,0,0,0,0,0,0,0,往期视频,,,否
1,2026,6月,#N/A,2025年9月,533784807866,绝美海洋风🌊桌面上一抹优雅贝壳白,2025-09-14 18:00:00,971414259492,139186095,0,0,0,0,1,2,0,0,0,0,0,0,0,0,往期视频,,,否
1,2026,6月,冰霸杯,2025年9月,533799846305,与秋意周年杯的温暖邂逅✨,2025-09-12 18:00:15,919010228354,139186095,0,0,0,0,1,2,0,0,0,0,0,0,0,0,往期视频,,,否
1,2026,6月,#N/A,2025年9月,533812929326,🌊浪漫海洋周年杯！喝水都变治愈💙,2025-09-13 18:00:00,971414259492,139186095,0,0,0,0,1,2,0,0,0,0,0,0,0,0,往期视频,,,否
1,2026,6月,快乐怡夏,2025年9月,534137291631,快乐怡夏，准时到站🚀,2025-09-15 21:00:01,964935109662,139186095,0,0,0,0,1,2,0,0,0,0,0,0,0,0,往期视频,,,否
1,2026,6月,#N/A,2025年9月,534274267004,星杯来袭|心动N次的仙女车载杯💖,2025-09-16 18:00:43,971414259492,139186095,0,0,0,0,1,2,0,0,0,0,0,0,0,0,种草短视频,车载,,否
1,2026,6月,冰霸杯,2025年9月,534443342034,秋日大容量保温杯，助力一天8杯水💦,2025-09-17 18:00:44,919010228354,139186095,0,0,0,0,1,2,0,0,0,0,0,0,0,0,种草短视频,桌面,,否
1,2026,6月,#N/A,2025年9月,534444078342,新品来袭|天呐！是人鱼公主同款杯🧜‍♀,2025-09-17 21:00:55,971414259492,139186095,0,0,0,0,1,2,0,0,0,0,0,0,0,0,种草短视频,桌面,,否
1,2026,6月,#N/A,2025年9月,534540161532,💗桃粉细闪杯面，硬控今日份穿搭,2025-09-18 21:00:41,971414259492,139186095,0,0,0,0,1,2,0,0,0,0,0,0,0,0,往期视频,,,否
1,2026,6月,#N/A,2025年9月,534579973143,一眼惊艳的珠光缎面极简风🦪,2025-09-19 18:00:00,971414259492,139186095,0,0,0,0,1,2,0,0,0,0,0,0,0,0,往期视频,,,否
1,2026,6月,#N/A,2025年9月,534580585899,午后一杯元气粉🍑快乐能量满上⚡,2025-09-19 21:00:00,971414259492,139186095,0,0,0,0,1,2,0,0,0,0,0,0,0,0,往期视频,,,否
1,2026,6月,#N/A,2025年9月,534643072876,粉粉上线｜秋天多了喝水的理由,2025-09-18 18:00:00,971414259492,139186095,0,0,0,0,1,2,0,0,0,0,0,0,0,0,种草短视频,桌面,,否
1,2026,6月,#N/A,2025年9月,534671055668,我说‼️粉粉杯尊嘟很惊艳叭💓,2025-09-20 21:00:00,971414259492,139186095,0,0,0,0,1,2,0,0,0,0,0,0,0,0,往期视频,,,否
1,2026,6月,#N/A,2025年9月,534743242190,这只桌面杯，戳在我的萌点上😍,2025-09-21 21:00:00,964541009231,139186095,0,0,0,0,1,2,0,0,0,0,0,0,0,0,往期视频,,,否
1,2026,6月,#N/A,2025年9月,534814412100,被粉粉杯戳中心巴了💖,2025-09-20 18:00:00,971414259492,139186095,0,0,0,0,1,2,0,0,0,0,0,0,0,0,往期视频,,,否
1,2026,6月,#N/A,2025年9月,534995971546,把深海浪漫搬进家里啦🌊,2025-09-22 21:00:16,971414259492,139186095,0,0,0,0,1,2,0,0,0,0,0,0,0,0,往期视频,,,否
1,2026,6月,冰霸杯,2025年9月,535032669297,一杯开启秋日小确幸模式↔️,2025-09-22 18:00:08,919010228354,139186095,0,0,0,0,1,2,0,0,0,0,0,0,0,0,往期视频,,,否
1,2026,6月,#N/A,2025年9月,535068930127,🆕你就送吧！送TA心坎上,2025-09-23 21:00:00,971414259492,139186095,0,0,0,0,1,2,0,0,0,0,0,0,0,0,往期视频,,,否
1,2026,6月,冰霸杯,2025年9月,535205194524,🍂桌面C位！这只秋日杯也太懂我了叭~,2025-09-24 18:00:00,919010228354,139186095,0,0,0,0,1,2,0,0,0,0,0,0,0,0,往期视频,,,否
1,2026,6月,冰霸杯,2025年9月,535283712497,(◍•ᴗ•◍)ﾉ♡秋天，被这个水杯治愈住嘞,2025-09-24 21:00:00,919010228354,139186095,0,0,0,0,1,2,0,0,0,0,0,0,0,0,往期视频,,,否
1,2026,6月,#N/A,2025年9月,535355138362,💘全款拿下这只少女心溢出来的杯杯~,2025-09-25 21:00:00,971414259492,139186095,0,0,0,0,1,4,0,0,0,0,0,0,0,0,往期视频,,,否
1,2026,6月,冰霸杯,2025年9月,535364650183,💘甜酷暴击！渐变吸管杯一整个爱住,2025-09-26 21:00:00,792880543164,139186095,0,0,0,0,1,2,0,0,0,0,0,0,0,0,往期视频,,,否
1,2026,6月,#N/A,2025年9月,535425503843,星杯上线🍂| 秋日野野系列拎Ta去户外出片,2025-09-30 18:00:00,976284449104,139186095,0,0,0,0,1,3,0,0,0,0,0,0,0,0,往期视频,,,否
1,2026,6月,冰霸杯,2025年9月,535428740005,😌杯比，用Ta承包一天喝水量,2025-09-25 18:00:00,919010228354,139186095,0,0,0,0,1,2,0,0,1,1,0.5,1,0,0,往期视频,,,否
1,2026,6月,冰霸杯,2025年9月,535434852056,☕这只杯杯！精致打工人你就买吧！,2025-09-26 18:00:00,919010228354,139186095,0,0,0,0,1,4,0,0,0,0,0,0,0,0,往期视频,,,否
1,2026,6月,冰霸杯,2025年9月,535446660583,😌每天劝自己多喝水的妙招叒叒增加了❗️,2025-09-27 18:00:00,792880543164,139186095,0,0,0,0,1,2,0,0,0,0,0,0,0,0,往期视频,,,否
1,2026,6月,#N/A,2025年9月,535457729854,浪漫海洋系列冰霸杯,2025-09-29 21:00:00,971414259492,139186095,0,0,0,0,1,3,0,0,0,0,0,0,0,0,往期视频,,,否
1,2026,6月,#N/A,2025年10月,535474222146,星杯上线👻| 谁能拒绝这只可爱鬼✨,2025-10-07 18:00:00,976296301628,139186095,0,0,0,0,1,3,0,0,0,0,0,0,0,0,往期视频,,,否
1,2026,6月,冰霸杯,2025年9月,535489602254,看似买杯子，实际是提升生活幸福感捏😌,2025-09-30 21:00:00,919010228354,139186095,0,0,0,0,1,3,0,0,1,1,0.333333333333333,1,0,0,往期视频,,,否
1,2026,6月,冰霸杯,2025年10月,535499659629,是奶咖的颜色捏☕️,2025-10-02 21:00:00,919010228354,139186095,0,0,0,0,1,3,0,0,0,0,0,0,0,0,往期视频,,,否
1,2026,6月,冰霸杯,2025年9月,535518532313,细节控的友友们❗️康康猫眼杯🧐,2025-09-27 21:00:00,919010228354,139186095,0,0,0,0,1,2,0,0,0,0,0,0,0,0,往期视频,,,否
1,2026,6月,冰霸杯,2025年10月,535572100234,星巴克多彩夏日冰霸杯🤍✨,2025-10-01 21:00:00,919010228354,139186095,0,0,0,0,1,3,0,0,0,0,0,0,0,0,直播剪辑,,,否
1,2026,6月,#N/A,2025年10月,535582108418,👻秋日野野杯喊你去森林“鬼混”,2025-10-01 18:00:00,976284449104,139186095,0,0,0,0,1,3,0,0,0,0,0,0,0,0,图文,,,否
1,2026,6月,#N/A,2025年10月,535670204638,🥳杯比，假期到森林里可爱撒野咯🍂,2025-10-02 18:00:00,976284449104,139186095,0,0,0,0,1,3,0,0,0,0,0,0,0,0,图文,,,否
1,2026,6月,#N/A,2025年10月,536025487412,海洋的清爽被我握在手里啦🌊,2025-10-03 18:00:00,971414259492,139186095,0,0,0,0,1,3,0,0,0,0,0,0,0,0,往期视频,,,否
1,2026,6月,#N/A,2025年10月,536028607758,粗发！🥳星子邀你来秋游🍂,2025-10-03 21:00:00,976284449104,139186095,0,0,0,0,1,3,0,0,0,0,0,0,0,0,往期视频,,,否
1,2026,6月,#N/A,2025年10月,536044159353,💓➕🪵➕🍂🟰🧐,2025-10-05 21:00:00,976284449104,139186095,0,0,0,0,1,3,0,0,0,0,0,0,0,0,往期视频,,,否
1,2026,6月,冰霸杯,2025年10月,536045275640,wow~桌面比我率先5G入秋🤎,2025-10-06 21:00:00,919010228354,139186095,0,0,0,0,1,3,0,0,0,0,0,0,0,0,往期视频,,,否
1,2026,6月,#N/A,2025年10月,536049131165,🆕暗夜黑系列｜人！小精灵驾到,2025-10-10 18:00:00,976296301628,139186095,0,0,0,0,1,2,0,0,0,0,0,0,0,0,往期视频,,,否
1,2026,6月,#N/A,2025年10月,536079909489,⛺️露营星人狂喜的杯杯,2025-10-04 18:00:00,976284449104,139186095,0,0,0,0,1,3,0,0,0,0,0,0,0,0,往期视频,,,否
1,2026,6月,冰霸杯,2025年10月,536114282853,share🍄‍🟫通勤杯杯也可以是出片神器,2025-10-04 21:00:00,919010228354,139186095,0,0,0,0,1,3,0,0,0,0,0,0,0,0,往期视频,,,否
1,2026,6月,#N/A,2025年10月,536116022744,交出你的敲绝外带杯🤲,2025-10-06 18:00:00,976284449104,139186095,0,0,0,0,1,3,0,0,0,0,0,0,0,0,往期视频,,,否
1,2026,6月,#N/A,2025年10月,536119786142,🆕暗夜黑系列｜酷，是一种氛围,2025-10-09 21:00:00,976296301628,139186095,0,0,0,0,1,2,0,0,0,0,0,0,0,0,往期视频,,,否
1,2026,6月,#N/A,2025年10月,536124374729,分享我的水杯！在咖啡店被要链接啦,2025-10-09 18:00:00,971414259492,139186095,0,0,0,0,1,2,0,0,0,0,0,0,0,0,往期视频,,,否
1,2026,6月,#N/A,2025年10月,536196964786,🧜开箱杯杯！喝水就像海底赴约,2025-10-05 18:00:00,971414259492,139186095,0,0,0,0,1,3,0,0,0,0,0,0,0,0,往期视频,,,否
1,2026,6月,#N/A,2025年10月,536200752831,🆕南瓜派对🎃由这一杯开场,2025-10-07 21:00:00,976296301628,139186095,0,0,0,0,1,3,0,0,0,0,0,0,0,0,往期视频,,,否
1,2026,6月,#N/A,2025年10月,536201928683,🆕今晚，是小精灵的主场,2025-10-08 18:00:00,976296301628,139186095,0,0,0,0,1,3,0,0,0,0,0,0,0,0,往期视频,,,否
1,2026,6月,冰霸杯,2025年10月,536202768720,温油到犯规❕秋天🍃喜提梦中情杯,2025-10-08 21:00:00,919010228354,139186095,0,0,0,0,1,3,0,0,0,0,0,0,0,0,往期视频,,,否
1,2026,6月,冰霸杯,2025年10月,536204728664,速来夸夸我的秋天氛围杯☕️,2025-10-10 21:00:00,919010228354,139186095,0,0,0,0,1,2,0,0,0,0,0,0,0,0,往期视频,,,否
1,2026,6月,#N/A,2025年10月,537039499257,秋游的氛围感是介只杯杯给的🍂,2025-10-12 18:00:00,976284449104,139186095,0,0,0,0,1,2,0,0,0,0,0,0,0,0,往期视频,,,否
1,2026,6月,#N/A,2025年10月,537108166622,🐾我也是拥有熊店长的人啦,2025-10-11 18:00:00,976296301628,139186095,0,0,0,0,1,2,0,0,0,0,0,0,0,0,往期视频,,,否
1,2026,6月,#N/A,2025年10月,537396087727,先🐎后冲！分享你的日常通勤星杯叭,2025-10-14 18:00:00,976284449104,139186095,0,0,0,0,1,2,0,0,0,0,0,0,0,0,种草短视频,车载,,否
1,2026,6月,#N/A,2025年10月,537407223161,这杯秋日精彩，我直接码住🤩,2025-10-13 21:00:00,976284449104,139186095,0,0,0,0,1,2,0,0,0,0,0,0,0,0,往期视频,,,否
1,2026,6月,#N/A,2025年10月,537408039280,暗夜黑系列|🐻店长✖️可爱👻,2025-10-14 21:00:00,976296301628,139186095,0,0,0,0,1,2,0,0,0,0,0,0,0,0,往期视频,,,否
1,2026,6月,#N/A,2025年10月,537457081178,🎃就爱用Ta装点“魔法药水,2025-10-15 18:00:00,976296301628,139186095,0,0,0,0,1,2,0,0,0,0,0,0,0,0,种草短视频,桌面,,否
1,2026,6月,#N/A,2025年10月,537482385392,🆕小熊甜品屋｜萌熊仔仔来敲门💛,2025-10-16 21:00:00,975069063377,139186095,0,0,0,0,1,2,0,0,0,0,0,0,0,0,往期视频,,,否
1,2026,6月,#N/A,2025年10月,537563628789,秋日野野系列 身在办公桌，让我康康户外👀,2025-10-13 19:00:00,976284449104,139186095,0,0,0,0,1,2,0,0,0,0,0,0,0,0,种草短视频,桌面,,否
1,2026,6月,#N/A,2025年10月,537596516205,本公举疯狂爱上的星杯🌟,2025-10-16 18:00:00,976284449104,139186095,0,0,0,0,1,2,0,0,0,0,0,0,0,0,往期视频,,,否
1,2026,6月,#N/A,2025年10月,537841047278,👻9命！介里有只可爱杯,2025-10-17 21:00:00,985560456271,139186095,0,0,0,0,1,2,0,0,0,0,0,0,0,0,AI短视频,,,否
1,2026,6月,#N/A,2025年10月,537898945785,🖤这款暗夜吸管杯，杯控狠狠种草~,2025-10-17 18:00:00,985560456271,139186095,0,0,0,0,1,2,0,0,0,0,0,0,0,0,AI短视频,,,否
1,2026,6月,马克杯合集,2026年4月,537936706748,【百亿补贴】星巴克杯子简约马克杯合集个性陶瓷办公室水杯,2026-04-17 17:51:31,979072431459,139186095,0,0,0,0,1,1,0,0,0,0,0,0,0,0,往期视频,,,否
1,2026,6月,#N/A,2025年10月,538802151317,秋日野野开箱|介一杯森林的风吹上桌面,2025-10-22 17:49:22,986142324859,139186095,0,0,0,0,1,2,0,0,0,0,0,0,0,0,往期视频,,,否
1,2026,6月,#N/A,2025年10月,538919879436,天儿转凉，喝到热饮炒幸福🥰,2025-10-23 21:00:00,986142324859,139186095,0,0,0,0,1,2,0,0,0,0,0,0,0,0,往期视频,,,否
1,2026,6月,#N/A,2025年10月,538925383833,秋日野野开箱|介个拎拎杯真滴可爱,2025-10-24 18:00:00,986142324859,139186095,0,0,0,0,1,2,0,0,0,0,0,0,0,0,往期视频,,,否
1,2026,6月,#N/A,2025年10月,539000600025,秋日野野超绝外带杯,2025-10-22 21:00:00,986142324859,139186095,0,0,0,0,1,2,0,0,0,0,0,0,0,0,往期视频,,,否
1,2026,6月,#N/A,2025年10月,539002160042,秋天的风吹上桌面🍁,2025-10-23 18:00:00,986142324859,139186095,0,0,0,0,1,2,0,0,0,0,0,0,0,0,往期视频,,,否
1,2026,6月,#N/A,2025年10月,539018182466,✨星子突击分享！挖到心动杯噜,2025-10-25 21:00:00,986142324859,139186095,0,0,0,0,1,2,0,0,0,0,0,0,0,0,往期视频,,,否
1,2026,6月,#N/A,2025年10月,539020030212,duangduang～🍮杯纸来报道,2025-10-25 18:00:00,979601890501,139186095,0,0,0,0,1,2,0,0,0,0,0,0,0,0,往期视频,,,否
1,2026,6月,#N/A,2025年10月,539048783285,🍂和熊店长一起快乐秋游叭,2025-10-27 21:00:00,975069063377,139186095,0,0,0,0,1,2,0,0,0,0,0,0,0,0,种草短视频,桌面,,否
1,2026,6月,#N/A,2025年10月,539119881269,香喷喷华夫饼杯纸🧇,2025-10-26 20:00:00,975069063377,139186095,0,0,0,0,1,2,0,0,0,0,0,0,0,0,种草短视频,桌面,,否
1,2026,6月,#N/A,2025年10月,539121692447,有了Ta我的桌面就开了“甜酷滤镜”,2025-10-24 21:00:00,986142324859,139186095,0,0,0,0,1,2,0,0,0,0,0,0,0,0,往期视频,,,否
1,2026,6月,#N/A,2025年10月,539127184545,实用和颜值你pick哪个？公主全都要,2025-10-24 18:00:00,986142324859,139186095,0,0,0,0,1,2,0,0,0,0,0,0,0,0,往期视频,,,否
1,2026,6月,#N/A,2025年10月,539127668688,🥨碱水脑袋请出列🙋,2025-10-26 18:00:00,979601890501,139186095,0,0,0,0,1,2,0,0,0,0,0,0,0,0,往期视频,,,否
1,2026,6月,#N/A,2025年10月,539128920584,被甜晕了ʚ🧸ɞ˚‧｡⋆ 吸管杯还渐变,2025-10-26 21:00:00,975069063377,139186095,0,0,0,0,1,2,0,0,0,0,0,0,0,0,往期视频,,,否
1,2026,6月,#N/A,2025年10月,539191821542,💖粉粉嫩嫩小鸟杯,2025-10-27 09:00:00,976284449104,139186095,0,0,0,0,1,2,0,0,0,0,0,0,0,0,往期视频,,,否
1,2026,6月,#N/A,2025年10月,539201738804,可爱到全世界1秒钟🥰,2025-10-25 09:00:00,975069063377,139186095,0,0,0,0,1,2,0,0,0,0,0,0,0,0,往期视频,,,否
1,2026,6月,#N/A,2025年10月,539242984521,敲会买系列‼️颜值实用我都要✊,2025-10-28 18:00:00,975069063377,139186095,0,0,0,0,1,2,0,0,0,0,0,0,0,0,种草短视频,车载,,否
1,2026,6月,薄荷绿系列,2025年10月,539310720840,🌬️清透的薄荷海,2025-10-24 18:31:51,792978475194,139186095,0,0,0,0,1,2,0,0,0,0,0,0,0,0,往期视频,,,否
1,2026,6月,#N/A,2025年10月,539629003872,哄自己喝水的方法又有了！买个小熊杯🥹,2025-10-30 18:00:00,975069063377,139186095,0,0,0,0,1,2,0,0,0,0,0,0,0,0,往期视频,,,否
1,2026,6月,#N/A,2025年10月,539632831185,这一杯🫧萌度有点超标了叭,2025-10-29 18:00:00,,139186095,0,0,0,0,1,2,0,0,0,0,0,0,0,0,往期视频,,,否
1,2026,6月,#N/A,2025年10月,539633287751,🤎🤎高级杯杯见过没？,2025-10-31 18:00:00,975069063377,139186095,0,0,0,0,1,2,0,0,0,0,0,0,0,0,往期视频,,,否
1,2026,6月,#N/A,2025年10月,539636023060,关于小熊猫的🥖我都要,2025-10-31 21:00:00,975069063377,139186095,0,0,0,0,1,2,0,0,0,0,0,0,0,0,往期视频,,,否
1,2026,6月,#N/A,2025年10月,539704269119,🍂秋日氛围感被介个杯子“偷家”啦！,2025-10-30 21:00:00,975069063377,139186095,0,0,0,0,1,2,0,0,0,0,0,0,0,0,往期视频,,,否
1,2026,6月,#N/A,2025年10月,539707913647,这只奶油黄渐变，好治愈！🍋✨,2025-10-29 21:00:00,975069063377,139186095,0,0,0,0,1,2,0,0,0,0,0,0,0,0,往期视频,,,否
1,2026,6月,#N/A,2025年11月,539723478809,爱上没有理由‼️小熊甜品屋🐻,2025-11-01 18:00:00,975069063377,139186095,0,0,0,0,1,2,0,0,0,0,0,0,0,0,往期视频,,,否
1,2026,6月,#N/A,2025年10月,539836252709,🍂谁能拒绝圆滚滚的可爱萌杯呀！,2025-10-31 18:00:00,976284449104,139186095,0,0,0,0,1,2,0,0,0,0,0,0,0,0,往期视频,,,否
1,2026,6月,#N/A,2025年10月,539921102180,🎀“少女杯”怎么不算心动呢,2025-10-30 09:00:00,983587971224,139186095,0,0,0,0,1,2,0,0,0,0,0,0,0,0,往期视频,,,否
1,2026,6月,冰霸杯,2025年10月,540036248670,大小姐甜粉杯空降啦,2025-10-29 15:56:24,919010228354,139186095,0,0,0,0,1,2,0,0,0,0,0,0,0,0,往期视频,,,否
1,2026,6月,#N/A,2025年10月,540180961326,🆕|大小姐向你投送部落格星杯,2025-10-31 20:00:00,983587971224,139186095,0,0,0,0,1,2,0,0,0,0,0,0,0,0,往期视频,,,否
1,2026,6月,#N/A,2025年11月,540226450396,秋冬通勤搭子|心动部落格随行杯💗,2025-11-02 18:00:00,983587971224,139186095,0,0,0,0,1,2,0,0,0,0,0,0,0,0,往期视频,,,否
1,2026,6月,#N/A,2025年11月,540319680219,心动部落格星杯惊喜空降🎁,2025-11-01 18:00:00,983587971224,139186095,0,0,0,0,1,2,0,0,0,0,0,0,0,0,往期视频,,,否
1,2026,6月,#N/A,2025年11月,540610705846,大小姐专属桌面杯找到噜🎀,2025-11-03 18:00:00,983587971224,139186095,0,0,0,0,1,2,0,0,0,0,0,0,0,0,往期视频,,,否
1,2026,6月,#N/A,2025年11月,540615585372,好喜欢我滴追剧搭子，渐变色喝水心情好好捏🤗,2025-11-03 21:00:00,975069063377,139186095,0,0,0,0,1,2,0,0,0,0,0,0,0,0,往期视频,,,否
1,2026,6月,#N/A,2025年11月,540639786350,新杯开箱|秋日氛围感被介个杯子“偷家”啦！,2025-11-04 21:00:00,,139186095,0,0,0,0,1,2,0,0,0,0,0,0,0,0,往期视频,,,否
1,2026,6月,#N/A,2025年11月,540771653779,吨吨吨！我喝的是小甜水💞,2025-11-05 18:00:00,975069063377,139186095,0,0,0,0,1,2,0,0,0,0,0,0,0,0,往期视频,,,否
1,2026,6月,#N/A,2025年11月,540777797633,降温季节，喝水才是要紧事,2025-11-07 18:00:00,975069063377,139186095,0,0,0,0,1,2,0,0,0,0,0,0,0,0,往期视频,,,否
1,2026,6月,#N/A,2025年11月,540788662272,🐾分享今日份甜甜📷,2025-11-08 18:00:00,975069063377,139186095,0,0,0,0,1,2,0,0,0,0,0,0,0,0,往期视频,,,否
1,2026,6月,#N/A,2025年11月,540832961628,大小姐的随行杯9是要有少女心🎀,2025-11-04 21:00:42,983587971224,139186095,0,0,0,0,1,2,0,0,0,0,0,0,0,0,往期视频,,,否
1,2026,6月,#N/A,2025年11月,540984887797,小熊甜品屋🧀爱不释手的好物分享,2025-11-07 21:00:00,975069063377,139186095,0,0,0,0,1,2,0,0,0,0,0,0,0,0,种草短视频,桌面,,否
1,2026,6月,#N/A,2025年11月,541067506765,🐻熊店长在线陪喝 甜到想贴贴～,2025-11-06 21:00:35,975069063377,139186095,0,0,0,0,1,2,0,0,0,0,0,0,0,0,种草短视频,桌面,,否
1,2026,6月,#N/A,2025年11月,541089158525,最近挖到的小熊甜品屋随行杯🐻,2025-11-08 21:00:00,975069063377,139186095,0,0,0,0,1,2,0,0,0,0,0,0,0,0,种草短视频,桌面,,否
1,2026,6月,#N/A,2025年11月,541203456332,星粉们一起采一只蘑菇杯嘛🍄,2025-11-09 21:00:00,979601890501,139186095,0,0,0,0,1,2,0,0,0,0,0,0,0,0,种草短视频,桌面,,否
1,2026,6月,#N/A,2025年11月,541285337321,大小姐专用的温暖贴贴冰霸杯💗,2025-11-07 17:58:50,983587971224,139186095,0,0,0,0,1,2,0,0,0,0,0,0,0,0,往期视频,,,否
1,2026,6月,#N/A,2025年11月,541747753327,熊店长“一站式”解决喝水难题💧,2025-11-10 18:23:54,979601890501,139186095,0,0,0,0,1,2,0,0,0,0,0,0,0,0,种草短视频,桌面,,否
1,2026,6月,马克杯合集,2025年11月,541748281075,🧣 被这只小熊“管着”喝水的一天,2025-11-10 21:00:52,979072431459,139186095,0,0,0,0,1,2,0,0,0,0,0,0,0,0,种草短视频,桌面,,否
1,2026,6月,#N/A,2025年11月,541759183715,发现治愈系女孩的天选杯杯🌟,2025-11-11 18:00:31,975069063377,139186095,0,0,0,0,1,2,0,0,0,0,0,0,0,0,种草短视频,桌面,,否
1,2026,6月,#N/A,2025年11月,541851637699,喝水搭子泰会暖人怎么办？,2025-11-11 21:00:00,975069063377,139186095,0,0,0,0,1,2,0,0,0,0,0,0,0,0,种草短视频,户外,,否
1,2026,6月,#N/A,2025年11月,542088727768,报告！杯杯已刻今心窝💓,2025-11-13 18:00:51,975069063377,139186095,0,0,0,0,1,2,0,0,0,0,0,0,0,0,站内达人视频,,,否
1,2026,6月,#N/A,2025年11月,542092155261,又甜又萌，杯子泰酷啦！,2025-11-14 21:00:00,975069063377,139186095,0,0,0,0,1,2,0,0,0,0,0,0,0,0,站内达人视频,,,否
1,2026,6月,#N/A,2025年11月,542093511865,这小熊杯能治愈我的坏心情🌼,2025-11-15 18:00:00,983587971224,139186095,0,0,0,0,1,2,0,0,0,0,0,0,0,0,站内达人视频,,,否
1,2026,6月,#N/A,2025年11月,542187105646,查收来自部落格的敲甜快递📮,2025-11-16 21:00:00,983587971224,139186095,0,0,0,0,1,3,0,0,0,0,0,0,0,0,往期视频,,,否
1,2026,6月,#N/A,2025年11月,542312324226,诶？发现治愈系女孩的天选杯杯,2025-11-13 21:00:00,975069063377,139186095,0,0,0,0,1,2,0,0,0,0,0,0,0,0,站内达人视频,,,否
1,2026,6月,#N/A,2025年11月,542319532011,🆕|年度爱用杯大开箱,2025-11-17 18:00:00,983587971224,139186095,0,0,0,0,1,3,0,0,0,0,0,0,0,0,站内达人视频,,,否
1,2026,6月,#N/A,2025年11月,542319916120,重度少女心女孩，星子懂完噜🥰,2025-11-17 21:00:00,983587971224,139186095,0,0,0,0,1,3,0,0,0,0,0,0,0,0,站内达人视频,,,否
1,2026,6月,#N/A,2025年11月,542695723543,小熊给你送礼物啦！,2025-11-18 18:00:00,983587971224,139186095,0,0,0,0,1,3,0,0,0,0,0,0,0,0,站内达人视频,,,否
1,2026,6月,#N/A,2025年11月,542775235767,这小熊杯能治愈我的坏心情🌼,2025-11-19 21:00:00,983587971224,139186095,0,0,0,0,1,3,0,0,0,0,0,0,0,0,往期视频,,,否
1,2026,6月,#N/A,2025年11月,542777663307,陶瓷吸管杯|🎀 蝴蝶结和小熊！咖啡瞬间变高级了！,2025-11-20 18:00:00,983587971224,139186095,0,0,0,0,1,3,0,0,0,0,0,0,0,0,图文,,,否
1,2026,6月,#N/A,2025年11月,542779743414,心动UPUP的吸管杯，TA们来喽~,2025-11-21 18:00:00,983587971224,139186095,0,0,0,0,1,3,0,0,0,0,0,0,0,0,图文,,,否
1,2026,6月,#N/A,2025年11月,542781479132,心动马克杯|收藏控快冲！喝水变成浪漫小事～,2025-11-21 21:00:00,983587971224,139186095,0,0,0,0,1,4,0,0,0,0,0,0,0,0,图文,,,否
1,2026,6月,#N/A,2025年11月,542866394795,♥️✨今日红色合集，敲喜庆！,2025-11-19 18:00:00,983587971224,139186095,0,0,0,0,1,3,0,0,0,0,0,0,0,0,图文,,,否
1,2026,6月,#N/A,2025年11月,542874617800,🆕|甜妹集合！投送部落格星杯ing,2025-11-20 18:00:00,983587971224,139186095,0,0,0,0,1,3,0,0,0,0,0,0,0,0,AI短视频,,是,否
1,2026,6月,#N/A,2025年11月,542909931448,车载杯种草|随手一口，冬日的吨吨安全感❤,2025-11-23 18:00:00,975069063377,139186095,0,0,0,0,1,4,0,0,0,0,0,0,0,0,图文,,,否
1,2026,6月,#N/A,2025年11月,543013769454,随行杯安利|可可爱爱到犯规的杯比！,2025-11-24 21:00:00,975069063377,139186095,0,0,0,0,1,4,0,0,0,0,0,0,0,0,图文,,,否
1,2026,6月,#N/A,2025年11月,543133260382,冬日甜心保温杯❤速速来GET,2025-11-22 18:00:00,983587971224,139186095,0,0,0,0,1,3,0,0,0,0,0,0,0,0,直播剪辑,,,否
1,2026,6月,#N/A,2025年11月,543135444222,马克杯合集| 冬日暖呼呼的一口下午茶~,2025-11-22 21:00:00,983587971224,139186095,0,0,0,0,1,4,0,0,0,0,0,0,0,0,图文,,,否
1,2026,6月,#N/A,2025年11月,543140484625,🐻小熊甜品屋的 “吨吨甜饮杯”GET,2025-11-23 21:00:00,975069063377,139186095,0,0,0,0,1,3,0,0,0,0,0,0,0,0,站内达人视频,,,否
1,2026,6月,#N/A,2025年11月,543556847847,9敏!!这个miu系甜美水杯也太懂少女心啦🥰,2025-11-25 21:00:00,983587971224,139186095,0,0,0,0,1,4,0,0,0,0,0,0,0,0,种草短视频,桌面,是,否
1,2026,6月,#N/A,2025年11月,543645822316,被🎄❤️星巴克新款蝴蝶结杯子击中心巴,2025-11-25 18:00:00,983587971224,139186095,0,0,0,0,1,4,0,0,0,0,0,0,0,0,种草短视频,桌面,是,否
1,2026,6月,#N/A,2025年11月,543734698541,小熊偷偷往我杯子里塞了颗糖吧！🍭,2025-11-26 18:00:00,983587971224,139186095,0,0,0,0,1,4,0,0,0,0,0,0,0,0,种草短视频,桌面,是,否
1,2026,6月,#N/A,2025年11月,543736330457,心动部落格|马克杯杯集结中！！🎀,2025-11-26 21:00:00,983587971224,139186095,0,0,0,0,1,4,0,0,0,0,0,0,0,0,图文,,,否
1,2026,6月,#N/A,2025年11月,543737786855,拥有超甜保温杯的冬天，也太幸福了叭！,2025-11-27 18:00:00,983587971224,139186095,0,0,0,0,1,4,0,0,0,0,0,0,0,0,往期视频,,,否
1,2026,6月,#N/A,2025年11月,543753161429,治愈感满屏的饮水搭子🤗,2025-11-27 21:00:00,983587971224,139186095,0,0,0,0,1,4,0,0,0,0,0,0,0,0,种草短视频,桌面,,否
1,2026,6月,#N/A,2025年11月,543755285807,城市在逃公主快来认领！☕️🎀,2025-11-28 18:00:00,983587971224,139186095,0,0,0,0,1,4,0,0,0,0,0,0,0,0,种草短视频,桌面,,否
1,2026,6月,#N/A,2025年11月,543818923874,这只奶油黄渐变杯，好治愈！🍋✨,2025-11-30 18:00:00,975069063377,139186095,0,0,0,0,1,4,0,0,0,0,0,0,0,0,图文,,,否
1,2026,6月,#N/A,2025年11月,543887392768,星杯来袭|甜心专属的冬日杯杯❤,2025-11-28 21:00:00,983587971224,139186095,0,0,0,0,1,4,0,0,0,0,0,0,0,0,图文,,,否
1,2026,6月,#N/A,2025年11月,543908086218,💌 一杯一碟，装满冬日心动的信号,2025-11-29 18:00:00,983587971224,139186095,0,0,0,0,1,4,0,0,0,0,0,0,0,0,种草短视频,桌面,是,否
1,2026,6月,#N/A,2025年11月,544057388682,🐻熊店长杯杯萌到想 rua,2025-11-30 21:00:00,,139186095,0,0,0,0,1,4,0,0,0,0,0,0,0,0,图文,,,否
1,2026,6月,#N/A,2025年12月,544057856363,巨巨巨可爱的冬日保温杯，TA们来喽！,2025-12-01 21:00:00,979601890501,139186095,0,0,0,0,1,3,0,0,0,0,0,0,0,0,图文,,,否
1,2026,6月,#N/A,2025年12月,544068259515,星杯开箱| 熊店长喊你来喝水啦！,2025-12-02 21:00:00,975069063377,139186095,0,0,0,0,1,3,0,0,0,0,0,0,0,0,站内达人视频,,,否
1,2026,6月,#N/A,2025年12月,544305772840,星杯开箱|冬日随行好搭子，已GET~,2025-12-02 18:00:00,975069063377,139186095,0,0,0,0,1,3,0,0,0,0,0,0,0,0,往期视频,,,否
1,2026,6月,#N/A,2025年12月,544352227658,叮！小熊随行杯，伴你暖暖过秋冬~,2025-12-03 18:00:00,975069063377,139186095,0,0,0,0,1,3,0,0,0,0,0,0,0,0,站内达人视频,,,否
1,2026,6月,#N/A,2025年12月,544458950791,小熊陶瓷吸管杯|🌟心动C位 惊喜亮相👇,2025-12-04 18:00:00,983587971224,139186095,0,0,0,0,1,3,0,0,0,0,0,0,0,0,图文,,,否
1,2026,6月,#N/A,2025年12月,544461994444,冬日心动|你的办公室好搭子已上线~,2025-12-05 18:00:00,971414259492,139186095,0,0,0,0,1,3,0,0,0,0,0,0,0,0,站内达人视频,,,否
1,2026,6月,#N/A,2025年12月,544474229052,玻璃吸管杯|一秒托住冬日甜蜜❤,2025-12-04 21:00:00,983587971224,139186095,0,0,0,0,1,3,0,0,0,0,0,0,0,0,图文,,,否
1,2026,6月,#N/A,2025年12月,544624831512,星杯开箱|冬季TOP保温杯，甜到心尖尖,2025-12-06 18:00:00,975069063377,139186095,0,0,0,0,1,3,0,0,0,0,0,0,0,0,往期视频,,,否
1,2026,6月,#N/A,2025年12月,544740981674,浪漫海洋系列吸管杯|可以握在手里的温柔~,2025-12-06 21:00:00,971414259492,139186095,0,0,0,0,1,3,0,0,0,0,0,0,0,0,站内达人视频,,,否
1,2026,6月,#N/A,2025年12月,544881124567,星杯贴贴|我的车行小搭子，你好呀~,2025-12-08 21:00:00,975069063377,139186095,0,0,0,0,1,3,0,0,0,0,0,0,0,0,图文,,,否
1,2026,6月,#N/A,2025年12月,544926378375,冬日星品|最最贴心的车载出行杯，TA来喽~,2025-12-08 20:00:00,983587971224,139186095,0,0,0,0,1,3,0,0,1,1,0.333333333333333,1,0,0,种草短视频,桌面,是,否
1,2026,6月,#N/A,2025年12月,545229663409,硬控颜值党的吸管杯+1,2025-12-12 20:00:00,983587971224,139186095,0,0,0,0,1,4,0,0,0,0,0,0,0,0,种草短视频,桌面,是,否
1,2026,6月,#N/A,2025年12月,545316898414,冬日灵感星杯🌟已上桌,2025-12-10 13:00:00,976284449104,139186095,0,0,0,0,1,3,0,0,0,0,0,0,0,0,种草短视频,桌面,是,否
1,2026,6月,#N/A,2025年12月,545318198471,被这个小南瓜橙圈粉了！,2025-12-10 21:00:00,976296301628,139186095,0,0,0,0,1,4,0,0,0,0,0,0,0,0,种草短视频,桌面,是,否
1,2026,6月,#N/A,2025年12月,545331553686,快看“萌熊”在和我打招呼！,2025-12-09 21:00:00,976296301628,139186095,0,0,0,0,1,3,0,0,0,0,0,0,0,0,AI短视频,,,否
1,2026,6月,#N/A,2025年12月,545467334717,星杯来袭|共赴一场魔法庆典吧！,2025-12-09 18:00:30,995004507607,139186095,0,0,0,0,1,3,0,0,0,0,0,0,0,0,图文,,,否
1,2026,6月,#N/A,2025年12月,545469502476,星杯揭晓|叮咚~来这场魔法派对！,2025-12-10 14:00:00,995004507607,139186095,0,0,0,0,1,4,0,0,0,0,0,0,0,0,图文,,,否
1,2026,6月,#N/A,2025年12月,545479380109,星杯推荐|是TA ！陪伴车行的好物,2025-12-11 21:00:00,983587971224,139186095,0,0,0,0,1,4,0,0,1,1,0.25,1,0,0,种草短视频,车载,是,否
1,2026,6月,#N/A,2025年12月,545480108363,细节控狂喜！这只保温杯处处是彩蛋,2025-12-11 20:00:00,983587971224,139186095,0,0,0,0,1,4,0,0,0,0,0,0,0,0,种草短视频,车载,是,否
1,2026,6月,#N/A,2025年12月,545480752467,🎀复古蝴蝶结杯，甜度超标啦！,2025-12-12 20:00:00,983587971224,139186095,0,0,0,0,1,4,0,0,0,0,0,0,0,0,种草短视频,桌面,是,否
1,2026,6月,#N/A,2025年12月,545704894622,这个冬天，保温杯也有绒绒外套啦！,2025-12-14 18:00:00,979601890501,139186095,0,0,0,0,1,4,0,0,0,0,0,0,0,0,图文,,,否
1,2026,6月,#N/A,2025年12月,545706946846,星杯开箱|菱格保温杯，承包你的桌面浪漫,2025-12-15 18:00:00,971414259492,139186095,0,0,0,0,1,4,0,0,0,0,0,0,0,0,站内达人视频,,,否
1,2026,6月,马克杯合集,2025年12月,545727101033,有了甜甜马克杯，今日快乐值UPUP,2025-12-14 21:00:00,979072431459,139186095,0,0,0,0,1,4,0,0,0,0,0,0,0,0,图文,,,否
1,2026,6月,#N/A,2025年12月,545865552152,来自甜品屋的大容量杯杯，硬控颜值党！,2025-12-15 21:00:00,975069063377,139186095,0,0,0,0,1,4,0,0,0,0,0,0,0,0,站内达人视频,,,否
1,2026,6月,#N/A,2025年12月,546259233514,云朵小熊杯，班味-1-1-1,2025-12-16 21:00:00,983587971224,139186095,0,0,0,0,1,4,0,0,0,0,0,0,0,0,图文,,,否
1,2026,6月,#N/A,2025年12月,546396372760,星杯分享|小熊邀你来过冬~,2025-12-16 18:00:00,983587971224,139186095,0,0,0,0,1,4,0,0,0,0,0,0,0,0,图文,,,否
1,2026,6月,#N/A,2025年12月,546494410637,星杯来袭|即刻步入雪耀奇境~,2025-12-17 11:26:02,1004920676230,139186095,0,0,0,0,1,4,0,0,0,0,0,0,0,0,图文,,,否
1,2026,6月,#N/A,2025年12月,546519329203,你的专属冬日星杯，TA们来喽,2025-12-17 18:00:14,1004920676230,139186095,0,0,0,0,1,4,0,0,0,0,0,0,0,0,图文,,,否
1,2026,6月,#N/A,2025年12月,546630259226,星杯来袭|叮咚！你的雪季新宠已上线！,2025-12-19 18:00:07,996246192610,139186095,0,0,0,0,1,4,0,0,0,0,0,0,0,0,AI短视频,,是,否
1,2026,6月,#N/A,2025年12月,546631705611,雪耀奇境|冰棱吸管杯，这个冬天有点靓~,2025-12-18 18:00:21,996246192610,139186095,0,0,0,0,1,4,0,0,0,0,0,0,0,0,图文,,,否
1,2026,6月,#N/A,2025年12月,546632229816,细闪冰霸杯，你把节日氛围拉满啦！,2025-12-18 20:00:02,996246192610,139186095,0,0,0,0,1,4,0,0,0,0,0,0,0,0,图文,,,否
1,2026,6月,#N/A,2025年12月,546740518711,节日好礼|最最心爱的星杯，送给你🎁,2025-12-20 18:00:00,996246192610,139186095,0,0,0,0,1,4,0,0,0,0,0,0,0,0,图文,,,否
1,2026,6月,#N/A,2025年12月,546742106477,星动时刻|冬日独家好杯杯，即刻GET~,2025-12-20 20:00:00,996246192610,139186095,0,0,0,0,1,4,0,0,0,0,0,0,0,0,往期视频,,,否
1,2026,6月,#N/A,2025年12月,546769765181,星巴克@你，来雪地”干杯“叭~,2025-12-22 18:00:00,996246192610,139186095,0,0,0,0,1,4,0,0,0,0,0,0,0,0,图文,,,否
1,2026,6月,#N/A,2025年12月,546770849193,宅家一刻☕️也要和冰霸杯贴贴,2025-12-22 20:00:00,996246192610,139186095,0,0,0,0,1,4,0,0,0,0,0,0,0,0,图文,,,否
1,2026,6月,#N/A,2025年12月,546902972752,🤔车载杯杯，bling bling 才够味！,2025-12-19 20:00:00,996246192610,139186095,0,0,0,0,1,4,0,0,0,0,0,0,0,0,图文,,,否
1,2026,6月,#N/A,2025年12月,546906012695,我的桌面新搭子❤棱格吸管杯也太靓了~,2025-12-21 18:00:00,996246192610,139186095,0,0,0,0,1,4,0,0,0,0,0,0,0,0,图文,,,否
1,2026,6月,#N/A,2025年12月,546908316724,爆闪冰霸杯，稳稳托出一天喝水量✌,2025-12-21 20:00:00,996246192610,139186095,0,0,0,0,1,4,0,0,0,0,0,0,0,0,图文,,,否
1,2026,6月,#N/A,2025年12月,547164899171,🧸奶呼呼小可爱！一秒住进甜品小屋,2025-12-27 18:00:00,975069063377,139186095,0,0,0,0,1,4,0,0,0,0,0,0,0,0,图文,,,否
1,2026,6月,#N/A,2025年12月,547166243532,星杯分享|叮咚！甜心大小姐的下午开始,2025-12-27 21:00:00,983587971224,139186095,0,0,0,0,1,4,0,0,0,0,0,0,0,0,图文,,,否
1,2026,6月,#N/A,2025年12月,547241745762,星杯贴贴|冬日吸管杯？美貌和实用我都要！,2025-12-23 20:30:27,996246192610,139186095,0,0,0,0,1,4,0,0,0,0,0,0,0,0,图文,,,否
1,2026,6月,#N/A,2025年12月,547250726679,心心念念的双饮口杯，它来喽~,2025-12-24 18:00:00,947720166470,139186095,0,0,0,0,1,4,0,0,0,0,0,0,0,0,站内达人视频,,,否
1,2026,6月,马克杯合集,2025年12月,547253310045,办公桌上的这一杯！超甜~,2025-12-24 20:30:00,979072431459,139186095,0,0,0,0,1,4,0,0,0,0,0,0,0,0,往期视频,,,否
1,2026,6月,#N/A,2025年12月,547262374088,星杯贴贴|熊店长邀请你来GET星杯啦~,2025-12-25 18:00:00,975069063377,139186095,0,0,0,0,1,4,0,0,0,0,0,0,0,0,往期视频,,,否
1,2026,6月,#N/A,2025年12月,547279722139,星杯分享|超实用随行杯来喽~,2025-12-29 18:00:00,917941084736,139186095,0,0,0,0,1,4,0,0,0,0,0,0,0,0,站内达人视频,,,否
1,2026,6月,马克杯合集,2025年12月,547291281336,QQ布丁杯，一下戳中我心巴❤,2025-12-26 17:00:00,979072431459,139186095,0,0,0,0,1,4,0,0,0,0,0,0,0,0,图文,,,否
1,2026,6月,#N/A,2025年12月,547300549357,精致随行杯💟可以揣进兜兜的温暖~,2025-12-28 18:00:00,983587971224,139186095,0,0,0,0,1,4,0,0,0,0,0,0,0,0,往期视频,,,否
1,2026,6月,#N/A,2025年12月,547302929732,星杯贴贴|冬日出行，带上这只超温暖的小蓝吧☺️,2025-12-29 20:30:00,917941084736,139186095,0,0,0,0,1,5,0,0,0,0,0,0,0,0,站内达人视频,,,否
1,2026,6月,#N/A,2025年12月,547315472232,星意好礼|原来是你！年度闪耀杯杯！,2025-12-23 18:00:00,996246192610,139186095,0,0,0,0,1,4,0,0,0,0,0,0,0,0,图文,,,否
1,2026,6月,#N/A,2025年12月,547435996289,随行杯分享|向大家介绍我的车行好搭子~,2025-12-26 18:00:00,975069063377,139186095,0,0,0,0,1,4,0,0,0,0,0,0,0,0,图文,,,否
1,2026,6月,#N/A,2025年12月,547448272439,不是桌面摆件，TA是我的吸管杯啦~,2025-12-28 20:30:00,983587971224,139186095,0,0,0,0,1,4,0,0,0,0,0,0,0,0,图文,,,否
1,2026,6月,#N/A,2025年12月,547624142384,森林暖杯，萌宠杯盖随心换❤,2025-12-27 18:00:00,996721520510,139186095,0,0,0,0,1,4,0,0,0,0,0,0,0,0,AI短视频,,是,否
1,2026,6月,#N/A,2025年12月,547644969039,星杯贴贴|森林甜心躲进树桩杯~,2025-12-27 11:00:00,996721520510,139186095,0,0,0,0,1,4,0,0,0,0,0,0,0,0,AI短视频,,是,否
1,2026,6月,#N/A,2025年12月,547646305778,星杯来袭|买个甜心杯🥹哄哄自己喝水,2025-12-29 19:00:00,996721520510,139186095,0,0,0,0,1,5,0,0,0,0,0,0,0,0,AI短视频,,是,否
1,2026,6月,#N/A,2025年12月,547794232150,❤所有派对甜心，速速来集合！,2025-12-26 14:00:15,996721520510,139186095,0,0,0,0,1,4,0,0,0,0,0,0,0,0,AI短视频,,是,否
1,2026,6月,#N/A,2025年12月,547796088215,冬日温暖时刻，我选🍎果果杯,2025-12-26 19:30:09,996721520510,139186095,0,0,0,0,1,4,0,0,0,0,0,0,0,0,AI短视频,,是,否
1,2026,6月,#N/A,2025年12月,548021739146,是热腾腾的新杯😀骏跃星程系列来喽！,2025-12-30 20:30:04,1005577399912,139186095,0,0,0,0,1,4,0,0,0,0,0,0,0,0,图文,,,否
1,2026,6月,#N/A,2025年12月,548073283744,爆闪吸管杯，秒变冬日最亮眼的崽~,2025-12-31 18:00:00,996246192610,139186095,0,0,0,0,1,4,0,0,0,0,0,0,0,0,站内达人视频,,,否
1,2026,6月,#N/A,2025年12月,548158701599,星杯来袭|“马上快乐”系列上新🔈,2025-12-30 18:00:23,1006203042206,139186095,0,0,0,0,1,4,0,0,0,0,0,0,0,0,图文,,,否
1,2026,6月,#N/A,2026年1月,548188274156,星杯开箱|看👀杯沿上有可爱花栗鼠！,2026-01-01 18:00:00,996721520510,139186095,0,0,0,0,1,5,0,0,0,0,0,0,0,0,往期视频,,,否
1,2026,6月,#N/A,2026年1月,548190271087,被要了N次链接的爆闪冰霸杯~,2026-01-03 18:00:00,996246192610,139186095,0,0,0,0,1,5,0,0,0,0,0,0,0,0,种草短视频,车载,是,否
1,2026,6月,#N/A,2026年1月,548193762124,超靓送礼攻略，GET❤,2026-01-02 18:00:00,996246192610,139186095,0,0,0,0,1,5,0,0,0,0,0,0,0,0,站内达人视频,,,否
1,2026,6月,#N/A,2026年1月,548207699779,星杯贴贴|细闪冰霸杯，我的年度时尚单品！,2026-01-04 20:17:00,996246192610,139186095,0,0,0,0,1,4,0,0,0,0,0,0,0,0,站内达人视频,,,否
1,2026,6月,#N/A,2026年1月,548306858025,🎁来自森林甜心的礼物，原来是你！,2026-01-04 18:00:00,996721520510,139186095,0,0,0,0,1,5,0,0,0,0,0,0,0,0,种草短视频,桌面,是,否
1,2026,6月,#N/A,2026年1月,548367844081,闪耀冰霸杯，冬日氛围感MAX！,2026-01-01 20:20:00,996246192610,139186095,0,0,0,0,1,5,0,0,0,0,0,0,0,0,站内达人视频,,,否
1,2026,6月,#N/A,2026年1月,548663879865,星杯来袭|GET今年开运小橙杯！,2026-01-05 20:13:00,1005577399912,139186095,0,0,0,0,1,4,0,0,0,0,0,0,0,0,图文,,,否
1,2026,6月,#N/A,2026年1月,548774170548,骏跃星程|一杯带来好运！！,2026-01-05 18:00:00,1005577399912,139186095,0,0,0,0,1,4,0,0,0,0,0,0,0,0,图文,,,否
1,2026,6月,#N/A,2026年1月,548776803301,新年送礼攻略+1🎁,2026-01-06 20:00:00,996246192610,139186095,0,0,0,0,1,4,0,0,0,0,0,0,0,0,站内达人视频,,,否
1,2026,6月,#N/A,2026年1月,548920597723,星杯贴贴|幸运马蹄杯👉开启我的新年好运,2026-01-06 18:00:00,1005577399912,139186095,0,0,0,0,1,4,0,0,0,0,0,0,0,0,图文,,,否
1,2026,6月,#N/A,2026年1月,548940423503,叮咚！！新年送礼，我有思路啦🤔,2026-01-07 20:13:00,1006203042206,139186095,0,0,0,0,1,4,0,0,0,0,0,0,0,0,图文,,,否
1,2026,6月,#N/A,2026年1月,549088117243,星杯来袭|小马杯，戳中我的心巴啦！,2026-01-07 18:00:00,1006203042206,139186095,0,0,0,0,1,4,0,0,0,0,0,0,0,0,图文,,,否
1,2026,6月,#N/A,2026年1月,549167659647,细闪冰霸杯👉冬日通勤搭子,2026-01-09 18:00:00,996246192610,139186095,0,0,0,0,1,4,0,0,0,0,0,0,0,0,站内达人视频,,,否
1,2026,6月,#N/A,2026年1月,549389428466,星杯来袭|一刻不等，我要”马上快乐“,2026-01-08 17:00:00,1006203042206,139186095,0,0,0,0,1,4,0,0,0,0,0,0,0,0,图文,,,否
1,2026,6月,复古白绿,2026年4月,556319220810,星巴克杯子质感实用复古白绿系列保温杯随手杯吸管杯马克杯合集,2026-04-18 07:27:27,1023062168243,139186095,0,0,0,0,1,2,0,0,0,0,0,0,0,0,往期视频,,,否
1,2026,6月,多链接,2021年11月,334435928719,"#双11巅峰倒计时#王炸星品、梦中情杯，全场5折怎么选？30s看指南，立省那么多~！

【星杯至高立",2021-11-06 09:00:00,"656356123958,656356447294,656356371790,656356379814,656268119430,656267095967",139186095,0,0,0,0,1,1,0,0,0,0,0,0,0,0,往期视频,,,否
1,2026,6月,薄荷绿系列,2024年10月,488786685571,双11来啦|星巴克高颜值玻璃杯,2024-10-24 11:36:32,792978475194,139186095,25,0,0.0333333333333333,0,0,0,0,0,0,0,0,0,0,0,往期视频,,,否
1,2026,6月,#N/A,2024年5月,463049472172,"星巴克铃兰系列,优雅白色吨吨壶
Starbucks星巴克官方旗舰店 
星巴克 星巴克杯子 星巴克水杯",2024-05-20 16:19:34,793972817226,139186095,7,0,0,0,0,0,0,0,0,0,0,0,0,0,往期视频,,,否
1,2026,6月,爪爪天地,2026年6月,567462109411,星巴克杯子爪爪天地系列双饮口不锈钢保温杯玻璃吸管杯马克杯合集,2026-06-01 11:15:30,1047737497582,139186095,6,0,0,0,0,0,0,0,0,0,0,0,0,0,往期视频,,,否
1,2026,6月,咖啡宝藏,2024年12月,500956764711,星巴克高颜值宝藏星杯,2024-12-29 16:05:00,750932511412,139186095,5,0,0,0,0,0,0,0,0,0,0,0,0,0,往期视频,,,否
1,2026,6月,薄荷绿系列,2026年4月,461744287076,【百亿补贴】星巴克玻璃杯清透吸管杯合集高颜值大容量水杯随手杯,2026-04-18 04:26:09,792978475194,139186095,3,0,0,0,0,0,0,0,0,0,0,0,0,0,往期视频,,,否
1,2026,6月,#N/A,2024年5月,463469730829,"星巴克薯条杯，多款颜色可选，双盖满足生活不同场景~
星巴克 星巴克杯子 星巴克水杯 
Starbuc",2024-05-20 16:26:33,731594844411,139186095,3,0,0,0,0,0,0,0,0,0,0,0,0,0,往期视频,,,否
1,2026,6月,#N/A,2025年7月,525557657067,粉嫩CP💕给TA的夏日小确幸,2025-07-05 13:00:00,922997661620,139186095,3,0,0,0,0,0,0,0,0,0,0,0,0,0,往期视频,,,否
1,2026,6月,多链接,2023年6月,416432228880,星巴克系列——后宫星嬛传（一）,2023-06-27 18:14:14,"712162832940,718570840547,677712264074,709746953219,712608458716",139186095,3,0,0,0,0,0,0,0,0,0,0,0,0,0,往期视频,,,否
1,2026,6月,#N/A,2021年9月,326455176930,冬日宅家之选，典雅之作的桌面杯，开盖直饮，不锈钢杯身自带保温功能，金色边缘成为点睛之笔，备上星杯，陪,2021-09-16 17:58:38,654729177845,139186095,2,0,0,0,0,0,0,0,0,0,0,0,0,0,往期视频,,,否
1,2026,6月,多肉花园,2024年11月,490974452665,双11来啦|星巴克多肉系列随行杯,2024-11-04 10:35:00,794743133653,139186095,2,0,0,0,0,0,0,0,0,0,0,0,0,0,往期视频,,,否
1,2026,6月,冰霸杯,2026年4月,518962613042,【百亿补贴】星巴克大容量冰霸杯拎拎杯户外便携保温保冷杯暖霸杯,2026-04-18 01:10:50,919010228354,139186095,2,0,0,0,0,0,0,0,0,0,0,0,0,0,往期视频,,,否
1,2026,6月,多链接,2025年4月,514633038590,【买家分享】|🔥不允许有人还没有拥有这款春日晴空系列萌杯！,2025-04-07 11:17:49,"893685804605,899862671630,892837286201,877351301580",139186095,1,0,0,0,0,0,0,0,0,0,0,0,0,0,往期视频,,,否
1,2026,6月,多链接,2025年4月,516726369057,星巴克果缘奇遇系列 |🍉西瓜磁吸盖不锈钢杯甜度满分！,2025-04-26 10:30:00,"909018675852,899862671630,893685804605,892837286201",139186095,1,0,0,0,0,0,0,0,0,0,0,0,0,0,往期视频,,,否
1,2026,6月,#N/A,2022年10月,379852264719,星巴克contigo联名款吸管杯，粉嫩色彩搭配透明杯身，少女感满满,2022-10-10 09:00:00,678380274632,139186095,1,0,0,0,0,0,0,0,0,0,0,0,0,0,往期视频,,,否
1,2026,6月,#N/A,2023年1月,395106210457,"新春款烟花马克杯，多棱面杯型，精致轻盈，节日感烟花在杯面上绽放，令人心动的新春氛围~
Starbuc",2023-01-22 16:00:00,695541104080,139186095,1,0,0,0,0,0,0,0,0,0,0,0,0,0,往期视频,,,否
1,2026,6月,#N/A,2023年6月,417167410646,星巴克杯子铃兰系列高颜值时尚马克杯保温杯,2023-06-27 18:53:54,712162832940,139186095,1,0,0,0,0,0,0,0,0,0,0,0,0,0,往期视频,,,否
1,2026,6月,墨绿,2023年10月,432058140602,"星巴克墨绿色保温杯,送礼必备
Starbucks星巴克官方旗舰店",2023-10-18 09:25:13,642508607188,139186095,1,0,0,0,0,0,0,0,0,0,0,0,0,0,往期视频,,,否
1,2026,6月,樱花粉,2024年4月,456005002515,"星巴克樱花粉保温杯,带盖便携高颜值
Starbucks星巴克官方旗舰店 
星巴克 星巴克杯子 星巴克",2024-04-01 09:57:54,624222128461,139186095,1,0,0,0,0,0,0,0,0,0,0,0,0,0,往期视频,,,否
1,2026,6月,#N/A,2024年5月,463187579074,"星巴克墨绿色保温杯,大容量高颜值
Starbucks星巴克官方旗舰店 
星巴克 星巴克杯子 星巴克水",2024-05-19 09:00:00,628335295172,139186095,1,0,0,0,0,0,0,0,0,0,0,0,0,0,往期视频,,,否
1,2026,6月,#N/A,2025年1月,503002602911,草莓🍓兔乐园星杯,2025-01-08 12:00:00,855842566556,139186095,1,0,0,0,0,0,0,0,0,0,0,0,0,0,往期视频,,,否
1,2026,6月,春日晴空,2026年4月,504399769271,【百亿补贴】星巴克杯子不锈钢双饮口随行杯水杯冰可乐杯咖啡杯,2026-04-18 01:27:01,768886743103,139186095,1,0,0,0,0,0,0,0,0,0,0,0,0,0,往期视频,,,否
1,2026,6月,#N/A,2025年5月,518159774437,双层玻璃的夏日心机🌞｜星巴克果缘奇遇清透杯上线！,2025-05-07 11:56:33,909018675852,139186095,1,0,0,0,0,0,0,0,0,0,0,0,0,0,往期视频,,,否
1,2026,6月,#N/A,2025年6月,521697607603,夏天谁还没有这个克莱因蓝杯子💙！,2025-06-04 09:16:00,917941084736,139186095,1,0,0,0,0,0,0,0,0,0,0,0,0,0,往期视频,,,否
1,2026,6月,#N/A,2025年6月,523359035087,是被🍉小熊治愈的一天呀,2025-06-16 18:00:32,909018675852,139186095,1,0,0,0,0,0,0,0,0,0,0,0,0,0,往期视频,,,否
1,2026,6月,#N/A,2025年6月,524372718423,夏日躺平指南🌿少不了大大大水杯,2025-06-24 18:00:00,923450300919,139186095,1,0,0,0,0,0,0,0,0,0,0,0,0,0,往期视频,,,否
1,2026,6月,#N/A,2025年7月,527059443487,贝壳马克杯💜GET夏日心动时刻,2025-07-19 20:00:00,951835932437,139186095,1,0,0,0,0,0,0,0,0,0,0,0,0,0,往期视频,,,否
1,2026,6月,#N/A,2025年7月,527132979615,冰激凌随行杯| 夏日多巴胺炸弹来咯🍦,2025-07-20 18:00:00,947720166470,139186095,1,0,0,0,0,0,0,0,0,0,0,0,0,0,往期视频,,,否
1,2026,6月,#N/A,2025年8月,529587436030,开箱|谁不爱这个blingbling的吸管杯啊 💓,2025-08-08 20:00:36,951835932437,139186095,1,0,0,0,0,0,0,0,0,0,0,0,0,0,往期视频,,,否
1,2026,6月,多链接,2024年12月,498844051460,💎菱格吸管杯设计，奢华满分,2024-12-13 13:43:38,"858198410140,856162521809,819194884736,818748783317,811692780081",139186095,1,0,0,0,0,0,0,0,0,0,0,0,0,0,往期视频,,,否
1,2026,6月,多链接,2023年7月,417616433508,星巴克墨绿薄荷碰碰乐，你pick谁？,2023-07-04 15:26:56,"718570840547,655139904943,655589585782,655964034708,627415956439,628335395083",139186095,1,0,0,0,0,0,0,0,0,0,0,0,0,0,往期视频,,,否
1,2026,6月,多链接,2023年7月,419212929334,星巴克这个杯子我真的爱不释手,2023-07-16 17:49:44,"709746953219,696749690445,624222312199,713528556385,624222128461",139186095,1,0,0,0,0,0,0,0,0,0,0,0,0,0,往期视频,,,否
1,2026,6月,多链接,2023年6月,413864111563,星巴克吸管杯碰碰乐 你pick谁？,2023-06-03 23:50:50,"696749690445,712162832940,712416865031",139186095,1,0,0,0,0,0,0,0,0,0,0,0,0,0,往期视频,,,否
1,2026,6月,多链接,2023年6月,416420835700,待朕国库充盈，朕会继续纳妃,2023-06-19 16:36:15,"712162832940,655589585782,712416865031,719858173815,712608458716,696749690445",139186095,1,0,0,0,0,0,0,0,0,0,0,0,0,0,往期视频,,,否
1,2026,6月,多链接,2023年1月,392968574608,"【年货节全场7折起】
小长假出行
和朋友们相约去打卡咖啡吧~
多款口味
更实惠的价格
快来提早购入双",2023-01-01 18:00:00,"655503461427,686823224522,687736607154,684390527778,683790265738,679864222317",139186095,1,0,0,0,0,0,0,0,0,0,0,0,0,0,往期视频,,,否
1,2026,6月,多链接,2023年1月,395600263778,"「咖啡or酒？这杯都可！」
💙
蓝绿款渐变玻璃杯
杯面由各种不规则的切面构成
灯光下折射出璀璨光泽",2023-01-23 12:00:00,"684474773775,684128544589",139186095,1,0,0,0,0,0,0,0,0,0,0,0,0,0,往期视频,,,否
1,2026,6月,多链接,2022年1月,343913139431,"🎁礼物选择困难症⭐︎别担心，各色星礼卡来康康吧！
不同卡面的⭐︎星礼卡表达不同星意
选中你爱的那一",2022-01-01 19:00:00,"656267759245,656267647914,656267095967,656090643717,655876410377,655501973807",139186095,1,0,0,0,0,0,0,0,0,0,0,0,0,0,往期视频,,,否
1,2026,6月,夏日甜品派对,2026年5月,566397631163,星杯贴贴,2026-05-25 18:09:42,"1046028731385,1021388770060",139186095,0,0,0,0,0,0,2,2,0,0,0,0,3,3,往期视频,,,否
1,2026,6月,夏日甜品派对,2026年5月,564313046603,星杯上线,2026-05-11 14:47:57,1046028731385,139186095,0,0,0,1,0,0,0,0,0,0,0,0,1,1,往期视频,,,否
1,2026,6月,夏日甜品派对,2026年5月,565660937870,甜甜星杯,2026-05-19 15:29:27,1046028731385,139186095,0,0,0,0,0,0,0,0,0,0,0,0,1,1,往期视频,,,否
1,2026,6月,爪爪天地,2026年6月,567737325848,星杯来袭,2026-06-01 17:14:27,1047737497582,139186095,0,0,0,1,0,0,0,0,0,0,0,0,1,1,往期视频,,,否
1,2026,6月,多链接,2025年1月,502372334969,新年膳魔师派对保温杯! 太好看啦~🧧,2025-01-05 11:02:00,"866969773356,866468735070,845920762451,846189691200,839251551593,819081853597",139186095,0,0,0,0,0,0,0,0,0,0,0,0,0,0,往期视频,,,否
1,2026,6月,多链接,2025年1月,504694388647,情人节来咯！420ml不锈钢保温杯,2025-01-20 10:08:25,"877351301580,844791620623,877078306528,848277340906,844790540125,839766432783",139186095,0,0,0,0,0,0,0,0,0,0,0,0,0,0,往期视频,,,否
1,2026,6月,多链接,2025年1月,504699937606,星杯上线！是时候加「杯」糖分了🧬,2025-01-20 10:01:12,"877351301580,844791620623,877078306528,869275512238,864705538189,855842566556",139186095,0,0,0,0,0,0,0,0,0,0,0,0,0,0,往期视频,,,否
1,2026,6月,墨绿,2023年4月,403263948031,"星巴克杯子,喝水也要仪式感
Starbucks星巴克官方旗舰店",2023-04-01 10:00:00,627415956439,139186095,0,0,0,0,0,0,0,0,0,0,0,0,0,0,往期视频,,,否
1,2026,6月,墨绿,2023年6月,413757373378,墨绿色女神款玻璃杯ins风格大容量,2023-06-07 23:09:58,627415956439,139186095,0,0,0,0,0,0,0,0,0,0,0,0,0,0,往期视频,,,否
1,2026,6月,#N/A,2024年2月,449986381631,"星巴克保温杯,颜值高又实用
Starbucks星巴克官方旗舰店
这是什么神仙水杯 杯子控 星巴克",2024-02-20 11:16:26,731594844411,139186095,0,0,0,0,0,0,0,0,0,0,0,0,0,0,往期视频,,,否
1,2026,6月,咖啡宝藏,2026年4月,456690414060,星巴克宝藏系列不锈钢咖啡杯保温杯咖啡流金款合集,2026-04-17 23:58:22,750932511412,139186095,0,0,0,0,0,0,0,0,0,0,0,0,0,0,往期视频,,,否
1,2026,6月,0,2026年4月,460086439364,星巴克经典感谢挚爱鱼尾星礼卡送礼收藏200,2026-04-28 07:38:51,538997440362,139186095,0,0,0,0,0,0,0,0,0,0,0,0,0,0,往期视频,,,否
1,2026,6月,#N/A,2026年6月,461004444257,星巴克水杯355ml拼接款薄荷绿陶瓷马克杯时尚高颜值办公水杯,2026-06-01 16:35:51,793157392053,139186095,0,0,0,0,0,0,0,0,0,0,0,0,0,0,往期视频,,,否
1,2026,6月,多肉花园,2026年4月,464524017219,【百亿补贴】星巴克杯子多肉花园系列合集随行杯可爱水壶背带吸管,2026-04-18 09:48:05,794743133653,139186095,0,0,0,0,0,0,0,0,0,0,0,0,0,0,往期视频,,,否
1,2026,6月,雾野系列,2024年6月,467159366036,"星巴克雾野系列,水杯办公随行
Starbucks星巴克官方旗舰店 
星巴克 星巴克杯子 星巴克水杯 ",2024-06-11 17:05:26,794572511612,139186095,0,0,0,0,0,0,0,0,0,0,0,0,0,0,往期视频,,,否
1,2026,6月,0,2026年4月,473128243203,星巴克经典感谢挚爱鱼尾星礼卡送礼收藏500,2026-04-28 10:25:16,684390423207,139186095,0,0,0,0,0,0,0,0,0,0,0,0,0,0,往期视频,,,否
1,2026,6月,#N/A,2026年4月,504390876140,星巴克杯子高颜值塑料随行杯清新可爱冷水杯随手杯桌面杯便携水杯,2026-04-17 17:52:30,742538154902,139186095,0,0,0,0,0,0,0,0,0,0,0,0,0,0,往期视频,,,否
1,2026,6月,#N/A,2026年4月,519427403011,星巴克杯子果缘奇遇系列合集夏日可爱小熊水果吸管杯,2026-04-30 08:11:41,914102934273,139186095,0,0,0,0,0,0,0,0,0,0,0,0,0,0,往期视频,,,否
1,2026,6月,#N/A,2025年8月,529453072630,天好热❤️‍🔥看眼清爽的透明杯 降降温,2025-08-07 20:00:00,951835932437,139186095,0,0,0,0,0,0,0,0,0,0,0,0,0,0,往期视频,,,否
1,2026,6月,#N/A,2025年8月,531756343362,回归校园系列|GET了超高颜值的桌面杯杯！,2025-08-27 20:00:47,964541009231,139186095,0,0,0,0,0,0,0,0,0,0,0,0,0,0,往期视频,,,否
1,2026,6月,快乐怡夏,2025年8月,531939857583,星杯分享|今夏收到最棒的礼物,2025-08-30 21:00:00,964935109662,139186095,0,0,0,0,0,0,0,0,0,0,0,0,0,0,往期视频,,,否
1,2026,6月,#N/A,2025年9月,532873552525,🆕上新|新学期喝水要用美美哒吸管杯😙,2025-09-07 18:00:00,964541009231,139186095,0,0,0,0,0,0,0,0,0,0,0,0,0,0,往期视频,,,否
1,2026,6月,复古白绿,2026年4月,559204680978,星杯来袭,2026-04-02 11:26:35,1023062168243,139186095,0,0,0,0,0,0,0,0,0,0,0,0,0,0,往期视频,,,否
1,2026,6月,复古白绿,2026年4月,560412203086,复古白绿系列,2026-04-13 17:40:58,1023062168243,139186095,0,0,0,0,0,0,0,0,0,0,0,0,0,0,往期视频,,,否
1,2026,6月,春序纹样,2026年4月,561092640202,春日星杯,2026-04-15 17:25:47,1021387954591,139186095,0,0,0,2,0,0,0,0,0,0,0,0,0,0,往期视频,,,否
1,2026,6月,不锈钢吸管杯,2026年4月,562910476578,星动猫眼杯,2026-04-28 17:32:26,818748783317,139186095,0,0,0,0,0,0,0,0,0,0,0,0,0,0,往期视频,,,否
1,2026,6月,紫夜星河,2026年5月,563765522989,星杯来袭,2026-05-07 15:00:50,1046766030024,139186095,0,0,0,1,0,0,0,0,0,0,0,0,0,0,往期视频,,,否
1,2026,6月,紫夜星河,2026年5月,563767267908,星杯贴贴,2026-05-08 17:49:30,1046766030024,139186095,0,0,0,5,0,0,0,0,0,0,0,0,0,0,往期视频,,,否
1,2026,6月,夏日甜品派对,2026年5月,565385514024,星杯贴贴,2026-05-18 11:38:20,1046028731385,139186095,0,0,0,5,0,0,0,0,0,0,0,0,0,0,往期视频,,,否
1,2026,6月,紫夜星河,2026年5月,566689574049,星杯分享,2026-05-26 12:15:15,1046766030024,139186095,0,0,0,0,0,0,0,0,0,0,0,0,0,0,往期视频,,,否
1,2026,6月,爪爪天地,2026年6月,568763143103,爪爪天地,2026-06-10 18:02:38,1047737497582,139186095,0,0,0,1,0,0,0,0,0,0,0,0,0,0,往期视频,,,否
1,2026,6月,钛杯,2026年6月,569691351956,爆闪钛杯,2026-06-16 16:45:23,1006202362257,139186095,0,0,0,2,0,0,0,0,0,0,0,0,0,0,往期视频,,,否
1,2026,6月,冰霸杯,2026年6月,570801770388,星杯贴贴,2026-06-22 16:11:29,792880543164,139186095,0,0,0,2,0,0,0,0,0,0,0,0,0,0,往期视频,,,否
1,2026,6月,朋克芭蕾,2026年6月,571777014344,星品上线,2026-06-30 15:19:14,1062950936874,139186095,0,0,0,1,0,0,0,0,0,0,0,0,0,0,往期视频,,,否
